:020000041102E7
:1000000003B40148019001BDADAE000003B4014846
:10001000019001BD456B010003B40148019001BD91
:100020000189000003B40148019001BDC53F0000F3
:1000300003B40148019001BDE94C010003B401483B
:10004000019001BDC95C010003B40148019001BDEC
:10005000CD4C010003B40148019001BD618900004D
:1000600003B40148019001BD154D010003B40148DE
:10007000019001BDF54E010003B40148019001BD9E
:10008000434D010003B40148019001BD2526000045
:1000900003B40148019001BD8B52010003B4014833
:1000A000019001BDB352010003B40148019001BDAC
:1000B0000D52010003B40148019001BDC94A01007D
:1000C00003B40148019001BD691F000003B4014859
:1000D000019001BD5D17000003B40148019001BD0E
:1000E0003D4B010003B40148019001BD595201008C
:1000F00003B40148019001BD5125000003B401483B
:10010000019001BD014C010003B40148019001BD03
:10011000594F010003B40148019001BD1D4B01007E
:1001200003B40148019001BD8D12000003B40148E1
:10013000019001BD4D1F000003B40148019001BDB5
:100140005522000003B40148019001BDDD520100B9
:1001500003B40148019001BD1D4D010003B40148E5
:10016000019001BD810E000003B40148019001BD62
:10017000017F000003B40148019001BDE1170000B8
:1001800003B40148019001BD7918000003B401488F
:10019000019001BDD949010003B40148019001BD9E
:1001A000E928000003B40148019001BD5549010050
:1001B00003B40148019001BD4551010003B4014859
:1001C000019001BDC926000003B40148019001BDA2
:1001D0001DBC000003B40148019001BD6DBC0000CE
:1001E00003B40148019001BD954EFF1F03B40148BF
:1001F000019001BD613AFF1F03B40148019001BDA8
:10020000C51D000003B40148019001BD754EFF1FDC
:1002100003B40148019001BD3D4FFF1F03B40148E5
:10022000019001BDBD32FF1F03B40148019001BD23
:10023000553BFF1F03B40148019001BD8D4DFF1FC9
:1002400003B40148019001BD090E000003B4014848
:10025000019001BD810E000003B40148019001BD71
:10026000750F000003B40148019001BD7919FF1F0B
:1002700003B40148019001BD294DFF1F03B401489B
:10028000019001BDFD43FF1F03B40148019001BD72
:10029000F94C010003B40148019001BDC5210000E3
:1002A00003B40148019001BD291C000003B40148BA
:1002B000019001BD851F000003B40148019001BDFC
:1002C000A946010003B40148019001BD1147010096
:1002D00003B40148019001BDB30E000003B401480E
:1002E000019001BD854AFF1F03B40148019001BD83
:1002F000054DFF1F03B40148019001BDB544FF1F28
:1003000003B40148019001BD6545FF1F03B40148D6
:10031000019001BD5725FF1F03B40148019001BDA5
:100320003125FF1F03B40148019001BDB13E00001B
:1003300003B40148019001BD7D32FF1F03B40148A1
:10034000019001BD2124000003B40148019001BDCA
:100350000159FF1F03B40148019001BDC93AFF1FB5
:1003600003B40148019001BD0D0F000003B4014822
:10037000019001BD4D19FF1F03B40148019001BD5B
:10038000C90E000003B40148019001BD055E0000E4
:1003900003B40148019001BD9D18FF1F03B401483B
:1003A000019001BD350E000003B40148019001BD6C
:1003B0008D39FF1F03B40148019001BDC118FF1F13
:1003C00003B40148019001BDAF18FF1F03B40148F9
:1003D000019001BDE548000003B40148019001BD52
:1003E0002951010003B40148019001BDD91B00004F
:1003F00003B40148019001BD2926FF1F03B4014841
:10040000019001BD5126FF1F03B40148019001BDB9
:1004100051470100F8B5D349D14A002004464A604B
:100420008300401CD450FF28FADD4868CE4A0146BC
:1004300080318A606E22C262CC4A1278002A01D0D2
:100440007F22C2620A220265C94A13788363C94BBC
:10045000C36115781023022D08D01578012D05D021
:100460001578032D02D01578042D00D10362C24DFA
:1004700045611925AD0185613725CD6036272826D0
:10048000C7630825466405644F6032270F603B2729
:10049000CF634127CF6439274031E0C132274F6015
:1004A00002274F6142270831E0C11E274F60CE600E
:1004B0008D6005264E6142260E615A2660390E6116
:1004C0004D613C258D61AF25ED000560AB4D0563A9
:1004D0001578022D09D01578012D08D01578032D37
:1004E00007D01578042D06D007E0152504E04360F9
:1004F00003E00E2500E00C254560FF252D358560C5
:10050000C560FF25F53505619D4D85647D25ED00B0
:100510009C4ECD67C66445629B4D85627325C5655B
:10052000062545658565C51D0826F93502272E6017
:1005300047664B27FF0087660927C766934F076703
:100540004667BE108467C667914F8E4E3E60167830
:10055000022E09D01678012E0AD01678032E0BD061
:100560001278042A0CD00EE01A22CA61212205E07A
:100570001422CA61182201E01322CB610A6202E050
:100580000E220B62CA617E4A8A627D22D2008A678D
:1005900064224A620522CA6202220A63C8228C636C
:1005A0004A63382169607B4929647B49A9614B21F1
:1005B000C900E9617349FF30643929627D2109016D
:1005C0006962EC661E212C67A9667049A965E96518
:1005D00089102966696469677049A9677049714A19
:1005E0008130E967026082604160FF21F531C160BE
:1005F00001616E486C495A4A81606D49803A1161C7
:100600006A496C4A80318A626B4ACA626B4A82616B
:100610006B4AC2626B4A02636B4A64484038C263E9
:100620006A4ACA616A49816360496A48403188619F
:100630006A49694888605D48694A80384260694A09
:100640004263694A0A626949816058496848C03909
:10065000C860FFF7D5FC0120FFF7D8FCF8BDF3B563
:100660000746644881B0C169634A1140FF310931CE
:10067000C161002613E000252C461120FFF7CCFCB9
:100680005C48406A8007800F610088402843641CF2
:10069000E4B20546102CF0D301C7761CF6B20298DE
:1006A0008642E8D3FEBD10B52E4C607800280AD1F2
:1006B00004215248FFF7D3FF504804211030FFF7C0
:1006C000CEFF0120607010BDF0B500248BB00D4648
:1006D0000646102902D901200BB0F0BDFFF7E3FF59
:1006E000464900200A5C401C1419C0B21028F9D3F6
:1006F000002C03D0102D03D90B20EDE70E20EBE7E3
:100700003F483E4C0023006802A91034E25CC75CFD
:100710007A40CA545B1CDBB2102BF7D306AA3748C9
:10072000FFF780FC102D00D910252A4606A9304677
:10073000FFF77EFCFFF782FC216840182060FFF77E
:100740007DFC616840186060FFF778FCA168401884
:10075000A060FFF773FCE1684018E0600020BBE791
:100760000004FF1F3481FF1F08EAFF1F287CFF1FC2
:100770004A0AFF1F3A07000080C3C9019A0200001D
:1007800050C30000280A00006A180000204E000034
:10079000F009FF1F0040001168100000DC05000098
:1007A00040420F00102700009D53FF1F0001FF1F54
:1007B000112AFF1FE959FF1FC15CFF1F7926FF1F88
:1007C0000D28FF1F9526FF1F0D40FF1FB578FF1F47
:1007D000D976FF1FB125FF1FC92DFF1F0002FF1F84
:1007E0001550FF1FF151FF1F3551FF1FD14FFF1F44
:1007F000F92DFF1F40F0004000FEFEFF44C0FF1F28
:100800006081FF1F0A7802708A7842704A88120A53
:1008100082700979C170042070470A7802700988D3
:10082000090A41700220704710B500220EE09300C3
:100830005B189C7804705C88521C240A44701C79F4
:1008400084709B88D2B21B0AC370001D0B78934240
:10085000EDD81806800D10BDF8B50D46064649784E
:10086000012031700024761C16E06978012917D028
:100870001221614349198A7832704A88871C120A0A
:100880007270B61C10223046091DFFF7D1FB1037DD
:10089000B8B21036641CE4B22978A142E5D8F8BD9C
:1008A000A10049198A7832704A88871C120A72702E
:1008B000B61C02223046091DFFF7BAFBBF1CB8B2B6
:1008C000B61CE7E710B50C46097801702188090AC3
:1008D00041706288211D801CFFF7AAFB6088801C84
:1008E00080B210BD10B50C46097801702188090A44
:1008F0004170A17881706188090AC170A288A11D28
:10090000001DFFF795FBA088001D80B210BD10B53B
:100910000C460A88891CFFF78BFB208810BD10B598
:100920000B788A7802705343DCB22246401C091DC2
:10093000FFF77EFB601C10BD10B50B788A78027043
:100940005343DCB22246401C091DFFF771FB601CBB
:1009500010BD10B50C460A88891CFFF769FB20887A
:1009600010BD10B50C460A88891CFFF761FB208872
:1009700010BD7FB515460446022901D0102903D1C8
:10098000022B04D0102B02D0002004B070BD99427D
:1009900002D10A46294607E01029694607D000F02F
:1009A0000DF8102269462846FFF74EFBEDE710468A
:1009B00000F004F8102269462046F5E770B50C46B1
:1009C00005000CD0002C0AD0102206492046FFF763
:1009D0002FFB2878207368786073012070BD002099
:1009E00070BD000024A9021110B50B460122024976
:1009F00002F0BAFA10BD00000508021170B50646F3
:100A000008880C46172812D30B46032209493046A2
:100A100002F0AAFA050008D107492088098888420F
:100A200000D20146304600F0C1F9284670BD0220D0
:100A300070BD00001B0802116E81FF1F10B500235E
:100A40001922194602F090FA10BD000010B50A787C
:100A5000002A05D00B460722024902F085FA10BD94
:100A6000022010BD2908021110B54A78012A01D0D0
:100A7000022A08D10A78002A05D00B46052203492C
:100A800002F072FA10BD022010BD000059080211D8
:100A900001494000085A70476C81FF1F10B50B4692
:100AA0001D22024902F060FA10BD0000C5080211C3
:100AB00010B50B461B22024902F056FA10BD000089
:100AC000C508021101491720088070476C81FF1F7B
:100AD0000098022B01D0042070471178527812023E
:100AE00089180180002070470098012B01D0042054
:100AF0007047117801700020704770B5049C1E4645
:100B00001546062B1BD369782878090240182080E7
:100B1000E978A87809024018608002222271291D14
:100B2000601DFFF785FAB61FB2B22281F02A06D8FF
:100B30002046A91D0A30FFF77BFA002070BD042073
:100B400070BD0098042B01D00420704753781178B1
:100B50001B02C91801809178D2781202891841804D
:100B600000207047F8B584890D460646002C26D033
:100B7000B2681778380620D50C2C20D90C3CA4B2CA
:100B80001019009001217088234601F057FE0028BB
:100B900011D0022028707806C00F6870B806800E49
:100BA000A870641E2004000CA88001D0B068401C0E
:100BB000A8600020F8BD0120ECE70020EAE7012052
:100BC000F8BD10B502981146042B14D34C780A785E
:100BD000240212190280CC788A78240212194280E9
:100BE0001B1F9AB28280F22A05D8801D091DFFF7CB
:100BF0001FFA002010BD042010BD0098042B01D066
:100C000004207047537811781B02C918018091782D
:100C1000D2781202891841800020704710B50298DE
:100C20001146062B03D0142B03D0042010BD022242
:100C300000E0102202714B780A781B02D218028061
:100C4000CB788A781B02D21842800279401D091D98
:100C5000FFF7EEF9002010BD30B5039CD80718D17E
:100C6000D805010E022914D30B488088814210D880
:100C7000F6200155002008E0557813782D025B1905
:100C80004500401C6353C0B2921C8842F4D300203C
:100C900030BD042030BD00006681FF1F0098022B8C
:100CA00001D004207047117852781202891801800F
:100CB0000020704770B5144602460498022B18D3E2
:100CC000667825783602AD1905800546E0352A7626
:100CD0006976002A0BD0E8219B1E9AB242808A4294
:100CE00007D8A11C001DFFF7A3F9002070BDF42157
:100CF000F2E7042070BD000010B50B461722024930
:100D000002F032F910BD0000E508021110B50B46E3
:100D10000D22024902F028F910BD00000F0902114E
:100D200010B50A78002A05D00B461122024902F0BC
:100D30001BF910BD022010BD1F09021110B50A7861
:100D4000002A05D00B460922024902F00DF910BD18
:100D5000022010BD3909021110B50B460F220249BD
:100D600002F002F910BD00005309021110B50B4644
:100D70000B22024902F0F8F810BD000063090211CD
:100D8000F72800D9F720084A01461080401EC317F3
:100D90009B0F18188003000C5080491EC80F401884
:100DA000C003000C908070476681FF1F044A1288C0
:100DB000914203D8024A4000921D11527047000030
:100DC0006681FF1F10B500231322194602F0CCF8EC
:100DD00010BDCB22520105E000BF00BF00BF11468D
:100DE000491EFDD1401EF7D2704703E00821491E7D
:100DF0000029FCDC401EF9D27047000070B50C469B
:100E00000146032000020A1A002534481300FFF7A8
:100E100021F91D1012151C1F2326282C30323438BE
:100E20003A3C3E40424446484A4E50525A54565824
:100E30005A00C07911E01022294902E02849102205
:100E400010312046FFF7F4F845E0C06A206042E028
:100E5000224906223C31F4E7007820703BE080898B
:100E600036E01E4942784231EBE71D4982781F394E
:100E7000E7E7007AF1E7407AEFE7184906223031D8
:100E8000DFE7807AE9E7C07AE7E7C08920E0808A77
:100E90001EE0C0781CE0C08A1AE0008B18E0408B8E
:100EA00016E0808B14E00D4906223631C9E7C08B6D
:100EB0000EE0008C0CE0408C0AE08079CDE7008ADF
:100EC00006E0408A04E0272904D2084600F0A4FA8C
:100ED000208000E00225284670BD0000147DFF1F21
:100EE000F9A5FF1F70B50E4C00256071A571691E34
:100EF000E18100F0C1FB0420E071102200210948CB
:100F0000FFF7AEF80748102200211030FFF7A8F8CD
:100F1000E562257265720720A072E57270BD00005F
:100F2000147DFF1FF9A5FF1FFEB53F4D0C460804B9
:100F30000CD56879FFF79AF8050004D003F07EF924
:100F40002846FFF799F80120C00369E0600403D543
:100F5000012080034840FEBDE007012600282ED076
:100F600032A002F025FA2878002821D0A879052897
:100F700021D0297A68460170697A41702A4906228F
:100F80003031801CFFF754F8A97A68460172E97A7B
:100F900041726946687900F05BFA002808D00720A2
:100FA000A871696A002903D00968002900D0884720
:100FB00020467040FEBD032069460870E4E7A007A4
:100FC0000ED5A879052809D1E889FFF75BF8AA8A28
:100FD000002A03D002216879FFF75AF802201FE0A7
:100FE000600707D517A002F0E3F9002003F092F99B
:100FF000042015E0200715D518A002F0D9F92879AA
:10100000012802D002280AD107E00096AB8B6A8B38
:10101000298BE88A00F02EF801E000F07DF9082025
:101020006040FEBD0020FEBD147DFF1F0A535441E9
:1010300052545F4144564552544953494E475F45C7
:1010400056540A0053544152545F434F4E4E5F551D
:1010500050444154455F455654000000434F4E4EA6
:101060005F504152414D5F54494D454F55545F4586
:1010700056540000F8B5134C069EA579052D01D0F5
:101080001420F8BD104F851FBD4219D2062917D371
:10109000BD1DA94214D2FF27F537BA4210D20A2B40
:1010A0000ED3AB420CD2E08221836283A38330460D
:1010B00003F030F904216079FEF7F0FF0020F8BD5D
:1010C0001820F8BD147DFF1F7A0C0000F7B50D46FF
:1010D00080490098164642187F4F00247879B979E4
:1010E0001300FEF7B7FF190E141BE9204045597095
:1010F000777E888FE996A2A9B4BFC8E9E9E9E9D368
:10110000E900102D76D11022314674486FE0102D81
:1011100070D1724810223146103068E0042D69D138
:101120003068F862CEE0012D64D13B7832783A70B5
:10113000002B0AD0002A07D1022903D0062901D0AA
:10114000042901D100F03EF9BCE0002A0AD00129AF
:1011500005D0032903D0052901D0042902D101219A
:10116000FEF7A2FFAEE0022D44D13088B881A9E09D
:101170001F2D3FD858481F2200214230FEF770FF34
:1011800055482A4631464230FEF752FF524B7D7099
:1011900042332A46012112E01F2D7CD84F481F22DE
:1011A00000211F38FEF75CFF4C482A4631461F38A5
:1011B000FEF73EFF494B2A461F3BBD700021787960
:1011C00000F0D0FA83E0012D65D13078042862D890
:1011D000387277E0012D5ED1307803285BD87872C1
:1011E00070E0062D57D13C48062231463030FEF7DC
:1011F0001FFF67E04FE0012D4DD1307807284AD816
:10120000B8725FE0012D46D13078032843D8F872D8
:1012100058E0022D3FD13288BA82002A52D00529E7
:1012200050D10221FEF734FF4CE0012D33D130784C
:10123000012830D8F87045E03088022D2BD10628DF
:1012400029D31921C901884225D8F8823AE030888B
:10125000022D20D106281ED31921C90188421AD88F
:1012600038832FE03088022D15D1FF21F5318842D7
:1012700011D2788326E03088022D0CD10A280AD3B7
:101280001921C901884206D8B8831BE03178012DA5
:1012900001D1012901D0182414E00821FEF70AFF2A
:1012A000002801D016240DE0002003F033F80421BB
:1012B0007879FEF7F3FE05E00098272801D2022D89
:1012C00002D002242046FEBD318800F0FBF904461E
:1012D000F8E70000FFFCFFFF147DFF1FF9A5FF1FCB
:1012E0001CB50B4CA179002901D011201CBD002890
:1012F00000D06062064907482C31034601910090F6
:10130000103B0022E179607900F016F800201CBD46
:10131000147DFF1F09A6FF1F10B506488179052916
:1013200001D0122010BDC1891322407900F0DAF9F2
:1013300010BD0000147DFF1FFFB581B01E460D4695
:1013400002240B9F0B00FEF785FE0D1A0B1A1A0BD9
:101350001A1A1A1A1A1A1A081A000AA002F028F8F9
:101360002946019800F0D8F8040008D13A463046E2
:101370000A9900F087F900F0EBF801F04FFA2046E7
:1013800005B0F0BD4741505F446576696365496EBD
:1013900069743A204741505F50524F46494C455F6F
:1013A00043454E5452414C207C204741505F50529F
:1013B0004F46494C455F5045524950484552414C73
:1013C000200A000070B5104C2168002904D009786B
:1013D000814203D0032070BD122070BD0B4D02214D
:1013E0002878FEF75BFE0A4800264680042128780C
:1013F000FEF754FE0748068021680320487000204D
:10140000FEF75EFE70BD0000D081FF1F0182FF1F4E
:10141000E481FF1F7681FF1F272803D20249400085
:10142000085A7047014870477E81FF1FFFFF000088
:1014300010B5064C607005F071FB6078FEF746FE53
:101440000521607801F0E6F810BD00000082FF1F62
:1014500070B5284E054630680C46002801D0112092
:1014600070BD254801780520014216D023488068C8
:10147000002805D00078002802D0C80706D101E076
:10148000102070BD00F044F8002808D02078032810
:1014900005D0022803D0002801D0122070BD0C20F6
:1014A000FEF71AFE3060002820D005700021417040
:1014B0000A222146801CFEF7BBFD03F00FF8040052
:1014C00002D002F091F912E00D48007803280ED105
:1014D0001D20FFF7A1FF0B490028088007D00B480B
:1014E000094A04210078FEF7FDFD00E013242046A0
:1014F00070BD0000D081FF1F7381FF1FE481FF1FBB
:101500007481FF1F7681FF1F60EA00000182FF1FC8
:1015100010B505F021FB10BD70B50C4605461C2228
:1015200000210948FEF79CFD084805704470FEF74D
:10153000DFFD0549002803D000200870122070BD8F
:1015400001220A7070BD000094C0FF1F7281FF1F4E
:1015500070B50F4C0025A068002802D0FEF7CEFD24
:10156000A560E068002802D0FEF7C8FDE5600948E4
:1015700005210078084206D00548103002F006FD2B
:1015800002F0D4F870BD002002F000FD002070BD14
:10159000E481FF1F7381FF1FFEB5344D0C46080424
:1015A00019D56878FEF762FD0121C9034C40064653
:1015B00000280ED002F00AFC002807D12878FF2866
:1015C00004D03146FEF7A0FD002802D03046FEF7D9
:1015D00053FD2046FEBDE007012700280AD0A86879
:1015E000002804D04168002901D000208847204607
:1015F0007840FEBDA00709D56868002804D041687E
:10160000002901D00120884702202AE060072AD55E
:10161000174E308800281FD0401E0004000C308078
:101620001ED102F053F9002809D0124807706868EB
:10163000002804D04168002901D00120884702F029
:101640001FF9694601F044F8684602F0A9FB1D2025
:10165000FFF7E2FE308003E004216878FEF71EFD0C
:1016600004206040FEBD0020FEBD00000082FF1F80
:101670007681FF1F7581FF1F0149087070470000C8
:101680000082FF1F70B50E4C0B46261D07C605468F
:10169000102200211846FEF73DFD012803D110213C
:1016A000A06806F075FE102200212846FEF732FDE4
:1016B000012803D11021606806F06AFE70BD0000A9
:1016C00094C0FF1F272807D2044A914204D0044A3D
:1016D000400011520020704702207047FFFF0000B9
:1016E0007E81FF1FF8B50D4617461D4906461B4A69
:1016F0001224C868954208D100282DD00268002A1B
:101700002AD029463046904723E0144A521C95427D
:1017100013D1002807D00268002A04D02946304699
:101720009047040005D03946304601F03BFF0400E5
:1017300012D10B48067047700EE0284605F0BEF93E
:10174000002809D00078B04205D139462846FEF776
:10175000E7FC044600E003242046F8BDFEFF00003D
:10176000D481FF1FF8B50E4601461948154600788A
:1017700005221F46104028D0304326D01548012EA0
:101780001BD0C468002C20D01F2D18D8002D01D0EC
:10179000002F14D001701F220021601CFEF760FC96
:1017A0002A463946601CFEF743FC28462570002E69
:1017B00007D0611CFEF7BAFCF8BD8468E2E702209E
:1017C000F8BD611CFEF7B8FCF8BD1220F8BD0000A2
:1017D0007381FF1FE481FF1F014610B50020C90778
:1017E00004D0034A0421034800F0FCF910BD0000B6
:1017F000B09D0211987DFF1F10B5002309E01C0168
:101800002418E468944202D11901081810BD5B1C29
:101810009BB28B42F3D3002010BD000070B50F4D7A
:101820000F4CA87029461831204600F01DF8002101
:1018300028460B461030CA0084521218491C09066B
:101840005360090EF7D0012003F028FDA87800F0BE
:1018500091FB044805F092F970BD0000787DFF1FF0
:10186000FFFF0000D54A021170B50A4C0025A042C6
:1018700009D1002082008C525218401CC0B29570D1
:101880000228F7D370BD03F0F4F80028FAD00480E2
:10189000857070BDFFFF0000F8B50E46074606993B
:1018A00000240798002902D00B242046F8BD022B03
:1018B00001D00D24F9E711785278120289188DB2FF
:1018C0002946814301D08024EFE73846F16800F0D3
:1018D00081F9A842E9D02A463846F16800F0ECF9CF
:1018E0000400E2D171892A46384600F0A9F9DCE704
:1018F000FFB50446C1B01F4600881D4A00254A9B1B
:10190000904232D0A07800282FD00A461946384697
:10191000FFF772FF060028D02088164A4100515C6C
:101920000023C91EC9B203AA023201930291009298
:101930007A8904AB314600F03BF8002815D1708954
:1019400069468881A078C00705D0208803A9439AFA
:1019500000F0DEFA0546A078800706D5208803A9A6
:101960004B9B439A00F078FA0543284645B0F0BDFA
:10197000FFFF00006C81FF1F70B50C46080412D5F4
:101980000A488078FEF772FB050008D02878B02856
:1019900002D1284603F08AF92846FEF76DFB0120A4
:1019A000C003604070BD002070BD0000787DFF1F47
:1019B000FFB587B0087A0025109E1C460F46C0066A
:1019C0000DD5099803F04EF8030006D00A223946D7
:1019D00007989847050035D101E00E2532E03878A8
:1019E00002281DD17868292201784078120200026D
:1019F000081880B2811A90427ED009DC7249401AE0
:101A000023D0012821D0022851D0032808D125E075
:101A1000012972D0022971D003296DD004296ED01A
:101A2000099803F047F80028D7D00568002DD4D0D6
:101A30001299119801910090334622463946079831
:101A4000A847054628460BB0F0BD1198002873D171
:101A5000F868017831800278416897E01198002891
:101A60006AD101203080F8680021007820707889E0
:101A7000401C80B200F04EF900280FD03188027867
:101A80008918891C3180817A61704189090AA170A5
:101A900002784168E01CFEF7CBFAD3E730880422D5
:101AA000001D30800021601CFEF7DAFACAE71198A9
:101AB000002872D1F86804A90088009004203080C2
:101AC000009820700098000A6070009800F022F9D9
:101AD000070028D0F86805906846028A03AB3B49A6
:101AE000384600F06FF900280FD13B7802213848C2
:101AF0007A68FEF73EFF03E027E031E01DE049E0B1
:101B0000002802D13148694688810598007802286A
:101B10000CD1059802224168201DFEF789FA308811
:101B2000801C308002E06946009888816846808980
:101B3000A070000AE07085E72FE0119800282CD1F2
:101B4000F968079800F046F804E01198002824D1BD
:101B5000F8680088022131802070000A607071E707
:101B6000F868FEF7EFFA1199C0B2814210D88142AD
:101B700001D1002206E0129A8918814202D31199FC
:101B8000401AC2B23280F96811980918204682E7DB
:101B9000072557E71198002801D00B2552E70721A8
:101BA000F868318001782170417861708178A17086
:101BB0004188090AE1700179217181796171C088D8
:101BC000000AA0713EE7000000280000FFFF0000AF
:101BD0009AA9021110B502F04CFF002800D08078BD
:101BE00010BD00007CB51446050019D0684601956B
:101BF000018000F0C5F903001DD1002C1BD06D89B8
:101C0000002D0DD00C20FEF767FA00280AD0002323
:101C100003608580094A84609168002904D006E049
:101C2000022308E0132306E0906004E011460A68EE
:101C3000002AFBD1086018467CBD0000787DFF1F9C
:101C4000F8B50C4C0746207815460E46FF280FD0F5
:101C50000A20FEF77DFA01000AD0B12008700020AA
:101C6000487008714F80CE800D812078FEF74CFAC5
:101C7000F8BD0000787DFF1FFFB583B008461F4602
:101C800001A90C9E00F046F8050012D06846808835
:101C900002F010FF00280AD04468002C07D00096FC
:101CA0003B462946059A0398A04707B0F0BD0E2091
:101CB000FBE70120F9E7000070B514460E46054623
:101CC00002F0D7FE002806D13146054802F0D1FEC9
:101CD000002803D005808470002070BD112070BDE5
:101CE000FFFF000010B50178B0290BD14178002921
:101CF00008D10179122906D01B2903D1408801217E
:101D000000F012FC10BDFF210231095C0129F5D061
:101D100010BD0000F0B58C4610494B6819E09F6873
:101D20007C89A04214D39E883119814210D90022A7
:101D30000CE011017D186989814205D160460028B7
:101D400000D004802846F0BD521C92B29642F0D8D2
:101D50001B68002BE3D10020F0BD00000C82FF1FA8
:101D6000FFB5174881B00A9F446824E000251EE0B3
:101D7000A0682901461870890199884215D30299F3
:101D8000884212D80498002807D031787068049BE4
:101D9000039AFEF7EEFD002807D0002F02D0A068BE
:101DA00040893880304605B0F0BD6D1CADB2A088CA
:101DB000A842DDD82468002CD8D10020F3E7000029
:101DC0000C82FF1FFEB5174600256A469580044623
:101DD00040891D4A1E46904208D001AA0092401C2C
:101DE000237880B26268FFF7BBFF054623780221A3
:101DF00016486268FEF7BDFD002807D1237802214E
:101E000013486268FEF7B5FD002801D060890EE036
:101E1000237802210F486268FEF7ABFD00280DD041
:101E2000002D03D068468088B84203D0384603F0BE
:101E300049FB04E06889401E80B200E06089002E02
:101E400000D030802846FEBDFFFF000098A9021197
:101E50009AA902119EA90211FFB581B00F461E4634
:101E600014466946019802F04BFC050018D1002C7D
:101E700006D001221021019804F0FAFD05000FD1CF
:101E800039460198FEF70AFE050009D1009CFF2E95
:101E900006D021461E22A31C034803F01FFBE67058
:101EA000284605B0F0BD0000C953021110B5054920
:101EB0000870042100F0AEFB00F006F8FEF702FE09
:101EC00010BD00001C82FF1F70B50E4C00200C4B93
:101ED000651CFF228100C91800280ED00D80401C0F
:101EE000CA70C0B28A700228F4D3074802F0ACFD71
:101EF000064804F043FE002070BD0C80EFE70000B0
:101F00001482FF1FFEFF0000F55302114953021116
:101F1000F8B50D4614460646694602F0F1FB17284F
:101F20000CD0002C06D001221021304604F0A0FD78
:101F3000002803D129463046FEF7BAFDF8BD00005F
:101F400070B50C46080411D509480078FEF78EF8E4
:101F5000050007D00178A02901D102F019FD28461B
:101F6000FEF78AF80120C003604070BD002070BDFC
:101F70001C82FF1F01490870704700000C82FF1F80
:101F800070B50546008800281DD0686802210378D6
:101F900042682248FEF7EDFC002808D1686802215B
:101FA000037842681E48FEF7E4FC00280BD01D4C65
:101FB0006088002805D0012229881204101A814265
:101FC00003D9012070BD022070BD0C20FEF784F8FB
:101FD000060001D000200AE0132070BD02016B68EA
:101FE00061880A329952491C401C618080B229885C
:101FF0008142F3D80020306008222946301DFEF7C8
:1020000017F86068002802D1666004E0084601689D
:102010000029FBD10660002070BD000098A90211C4
:102020009AA902110C82FF1F0649496806E08A68D6
:102030005289824201D18888704709680029F6D107
:10204000002070470C82FF1F10B51422114201D0EE
:10205000012202E04A0604D50022102104F008FD06
:1020600010BDC80701D0002010BD022010BD10B562
:1020700014468A0604D50122102104F0F9FC10BD93
:10208000882211420ED008220A40102104F0F0FCF0
:1020900000280BD0E034617E0029F0D0217E012998
:1020A000EDD103E0880701D4032010BD002010BD4E
:1020B00070B50246012815D0022A15D0032A17D080
:1020C000092A1AD00B2A1CD00D2A1FD00E2808D19D
:1020D0000D46084600F020F80446284600F026F891
:1020E000604070BD084670BD084600F01FF870BD26
:1020F0000C46084600F01AF80CE0084600F02BF8F1
:1021000070BD0D46084600F026F8E5E70C46084687
:1021100000F002F8604070BD70B5054600F015F89B
:102120000446284600F00BF8604070BD4000FF21D7
:102130000131084202D0C0B21B214840704710B59F
:10214000FFF7F4FFFFF7F2FF10BD10B5FFF7F7FF41
:10215000FFF7ECFF10BD10B50446FFF7F6FF604037
:1021600010BD0000014610B50020C90704D0034A85
:1021700007210348FFF736FD10BD00009C9D0211AA
:10218000A07CFF1F70B50D46164600241D490300B4
:10219000FDF760FF08051234341934222934112D5B
:1021A00023D8122200211848FDF75AFF2A4631464B
:1021B0001548FDF73DFF22E0022D16D11149108888
:1021C000103908801BE0082D0FD10E480822314637
:1021D0000838FDF7C3FF12E0012D06D1CA6909498D
:1021E0003078283107E0012D01D0182407E0CA6BB0
:1021F00004493078483103F016FB00E00224204601
:1022000070BD0000A07CFF1FC8A5FF1F30B5084AA5
:10221000084B08E00578140A55402A06D20D9A5A50
:10222000401C6240491E0029F4D1D04380B230BD29
:10223000FFFF0000189E021170B5124C00252068A7
:1022400061148843206000F08DF80520FEF7CDFD75
:1022500020682614304320600520FEF7C6FD0D20BF
:1022600003F07CFC002800D001252068B0432060EA
:102270000220FEF7BAFD00F07BF80220FEF7B5FD64
:10228000284670BD00800040FFB581B01E46144650
:10229000074600250AE000F0EFF80A20FEF7A5FD4A
:1022A0006D1C052D02DD012005B0F0BD00F0CAF85F
:1022B000384600F0A1F80028EDD1029800F09CF813
:1022C000002801D00220EFE700F0BCF838460121D9
:1022D000084300F091F8002801D00320E4E700252E
:1022E000761E05E0002000F00DF82070641C6D1CC7
:1022F000B542F7DB012000F005F8207000F0BCF8D3
:102300000020D1E7F1B5002500F02CF80520FEF7FC
:102310006CFD134C002627142068384320606806A3
:10232000050E0D2003F01AFC002801D00120054302
:102330000120FEF75AFD2068B84320600520FEF713
:1023400054FD761CF6B2082EE6D300F011F80220F8
:10235000FEF74BFD009800F011F82846F8BD00008C
:102360000080004010B500210D2003F0A5FB10BD3A
:1023700010B501210D2003F09FFB10BD012100B518
:1023800049030D4A0028106801D0084300E0884343
:1023900010600120FEF729FD106801239B031843FC
:1023A00010600120FEF721FD1068984310600120A5
:1023B000FEF71BFD00BD000000800040F8B516468A
:1023C0000D460746002400F03DF8384600F014F8AA
:1023D00000280AD00120F8BD28786D1C00F00CF808
:1023E000002801D00220F8BD641CB442F4DB00F0E8
:1023F00043F80020F8BD0000F8B58027104A0023FC
:10240000BE01054614143846D8402842106801D051
:10241000304300E0B04310600120FEF7E6FC106896
:10242000204310600120FEF7E0FC1068A04310601C
:102430005B1CDBB2082BE6D3FFF7FEFEF8BD000005
:102440000080004010B50B4A106853141843106008
:1024500010681414204310600120FEF7C6FC1068B9
:10246000984310600020FEF7C0FC1068A043106085
:1024700010BD00000080004000B50B4A10685314E6
:10248000984310600120FEF7B0FC10680121890319
:10249000084310600020FEF7A8FC10681843106085
:1024A0000120FEF7A2FC00BD008000400B78037005
:1024B0000B8802221B0A43700B88801C012B02D060
:1024C000022B07D011E08A7802704988090A41700E
:1024D00004220AE08A7802704A88120A42700A7955
:1024E00082708988090AC170062210467047000070
:1024F00008B5044B009313460A46012104F0E4F9A1
:1025000008BD0000AD2402111CB503230192009305
:102510000A46024B122104F007FA1CBDE9610211C0
:1025200010B5FDF721FE10BD13B504480078012851
:1025300003D101AA6946FDF71DFE1CBD2882FF1FBD
:1025400070B50F490F4A087000210B468C00491CDA
:10255000C9B213530429F9D30A4C00211034FF26C1
:102560000A460A256A4315196B80491CA354C9B24F
:102570006E720329F4D3FDF703FE04F079F970BD00
:102580002982FF1FB0C0FF1F082A01D00120704719
:102590004B780A781B02D2180280CB788A781B020B
:1025A000D21842804B790A791B02D21882808A792C
:1025B000C97909025118C1800020704770B50C46D6
:1025C000080411D509480078FDF750FD050007D033
:1025D0000178902901D104F0ADF82846FDF74CFDB3
:1025E0000120C003604070BD002070BD2982FF1F24
:1025F00070B500280AD1064C00252580A581A5804C
:10260000A068002802D0FDF7C1FDA56070BD0000E4
:102610002CC1FF1F072907D0052905D0042903D0A5
:10262000062901D002207047044A8B009A181346ED
:10263000403B1986203A907400207047B0C0FF1FBD
:1026400070B506001BD10E4C0025214640310D749B
:102650004D740D76606D002802D0FDF797FD65651D
:102660005C20002546433419E80020184068002803
:1026700001D0FDF78BFD6D1CEDB20A2DF4D370BDBA
:102680003CC1FF1F70B50A880C460546072A07D0D3
:10269000052A05D0042A03D0062A01D0022070BDE5
:1026A000012104F099FA002804D02146284603F0BD
:1026B000B1FD70BD142070BD10B5001D80B2FDF7D6
:1026C0006BFD002803D00321C943FDF76BFD10BD4E
:1026D00038B50C46050014D0002C12D003216846F2
:1026E00005F056FE6946887840218006800E084332
:1026F000694688702246284606F082FB050002D013
:1027000006E0022038BD03226946E01CFDF790FC7C
:10271000284638BDF7B58EB00E9815460E460028EF
:102720002DD0002D2BD0301DC0B20190FDF7D4FC70
:10273000040039D001F0B0F807463246201D0E994A
:10274000FDF736FDF8B20890E0703804000E0B90EB
:10275000A0703802000E0A9060703F0E277001F0E2
:1027600095F80146102202A8FDF722FD06AB21468E
:1027700002A8019A06F09AFA060003D010E002209F
:1027800011B0F0BD089828700B9868700A98A8706E
:10279000EF70082206A9281DFDF70AFD01F082F856
:1027A0002046FDF7ABFC00E013263046E8E70000CA
:1027B00010B5064C2070FDF701FD06212078FFF7CB
:1027C00029FF034804F0DAF910BD00003882FF1F2A
:1027D000E583021170B50C46080419D50D48007840
:1027E000FDF744FC05000FD005F01CFF002808D1C0
:1027F00009480078FF2804D02946FDF785FC002809
:1028000002D02846FDF738FC0120C003604070BDAF
:10281000002070BD3882FF1F0082FF1F10B50548E1
:102820000078400701D5044800E0002005F082FF51
:10283000002010BD7381FF1F2C82FF1FFFB58DB0DC
:102840000F98169C0E46002815D0002C13D00D981A
:1028500004F034F9050011D061782078090240189D
:10286000A178E2780904120689184718286AB84244
:1028700006D3401C04D0022011B0F0BD1420FBE7A9
:10288000002E04D02879800701D40120F4E7082223
:10289000002106A8FDF7E4FB1098001DC0B20190CE
:1028A000FDF71AFC060017D0301D109A0F99FDF79E
:1028B0007FFC042221463046FDF77AFC1022A9183D
:1028C00002A8FDF775FC06AB314602A8019A06F096
:1028D000EDF9050002D013E01320CDE7082206A988
:1028E00008A8FDF765FC0822211D08A8FDF7ACFB30
:1028F000012801D0012503E039460D9801F048FE7A
:102900003046FDF7FBFB2846B6E7000070B5002413
:10291000224621466020FFF751FD184D184E002831
:1029200015D0002211466220FFF748FD002811D083
:10293000002211466420FFF741FD00280DD000223F
:1029400011466620FFF73AFD002809D013E0602405
:10295000286807E06224686804E06424A86801E04D
:10296000E86866240022F06011462046FFF726FD45
:10297000002800D00024204670BD0000C4A9FF1F1D
:10298000F87EFF1F30B55D4C8BB0607106211F20B3
:10299000FEF798FE002268460272012101730721AA
:1029A000017482821821818319256D010584FF211C
:1029B0008284F531018552A003C8019100902178ED
:1029C0006846017606AA01214F48FEF77FFB4E4874
:1029D0006A460621801CFEF779FBC32004AA012168
:1029E0008000FEF773FB484802AA0121001FFEF792
:1029F0006DFB454805AA0221C01EFEF767FB214674
:102A00005631084611223838FDF712FB2246612064
:102A10001C321C21C000FEF759FB204610223B4906
:102A20003D30FDF705FB21460D31084603224230BB
:102A3000FDF7FEFA3448224638321E21801EFEF78A
:102A400045FB312003AA01210001FEF73FFB2E4880
:102A500007AA02210830FEF739FB2B4808AA0221F9
:102A60000930FEF733FB284809AA02210A30FEF795
:102A70002DFBC5200AAA02218000FEF727FB224673
:102A8000563211210020FFF77DFB29460620FEF774
:102A900019FE29460720FEF715FE29460820FEF7F5
:102AA00011FE29460920FEF70DFE0025ED432846BC
:102AB000FFF758FB2846FEF78FFE154804F0AEFBE3
:102AC00086250120FDF780FB0120FDF783FB2846CA
:102AD000FEF756F929460FA000F06AFC0121607943
:102AE000FDF7E2FA6079FEF7C7FD204603210A30C0
:102AF000FDF776FBFDF77AFB0BB030BD787EFF1F4C
:102B0000010203040506000009030000BC9D021138
:102B1000D97202115B324D627073207C20444C45A7
:102B2000207C204D54552025645D200A00000000C3
:102B3000F0B587B00026029603966846049606759F
:102B4000AC4C0D46080417D5ABA000F031FC607901
:102B5000FDF78CFA04000CD02078912806D160781B
:102B60000E2803D1A188A8A000F022FC2046FDF782
:102B700083FA0120C00338E1E807012700280CD0C0
:102B8000ACA000F015FC9B481430FEF7A9FBFDF744
:102B900033FB2846784007B0F0BDA80762D52179FD
:102BA00094480B008078FDF755FA050A0419263B76
:102BB000240064210220FDF725FBFF2104E0FF2112
:102BC0000220FDF71FFB64210020FDF71BFBFF2106
:102BD0000120FDF717FBFDF71BFB0AE0002805D0DD
:102BE000FF210220FDF70EFB64210BE0FF2105E031
:102BF000A0700220F9E00028F8D064210220FDF73F
:102C000001FBFF210020FDF7FDFAFF210120FDF768
:102C1000F9FAFDF7FDFAA078002821D00020E7E7B7
:102C200000280ED0FF210220FDF7ECFAFF21002042
:102C3000FDF7E8FAFF210120FDF7E4FAFDF7E8FAD5
:102C4000DBE7FF210220FDF7DDFAFF210020FDF781
:102C5000D9FAFF210120FDF7D5FAFDF7D9FABFE730
:102C60000120C5E7680731D5E08803F04BF901285A
:102C70001FD068460675002300961A4605A9184617
:102C8000019606F0F5FDE6800B2170A005F00CF929
:102C9000002006F08BFDA82006F088FD0421607955
:102CA000FDF7FCF95A2208216079FDF7F1F90420BB
:102CB0009BE0E18868A000F07BFB6422042160793E
:102CC000FDF7E6F9E088401CE080F0E728072ED504
:102CD00003F0F8F90220207106F028FF02460628CA
:102CE00014D0052A14D0072A1FD027715FA102A88B
:102CF000FDF794FA062102A805F0D6F87D22D2004D
:102D000008216079FDF7C4F908206EE05A22F7E740
:102D10000420207102F01AFD2681E67008216079F6
:102D2000FDF7BCF946228021EBE72671DEE7280695
:102D300042D550A000F03CFB00F054F90A2816D010
:102D40000B2824D0002835D027710246E67047A111
:102D500002A8FDF763FA062102A805F0A5F87D2276
:102D6000D20008216079FDF793F980203DE02089A9
:102D7000002808D1002245A102A8FDF74FFA0C2136
:102D800002A805F091F82089401C20810FE0E0782E
:102D90006421401CC0B2E0704843208142083BA13E
:102DA00002A8FDF73BFA0C2102A805F07DF80A22E3
:102DB0008021D7E72671C8E7680608D5FDF734FA01
:102DC000364A40216079FDF763F940200DE028057F
:102DD0000DD533A000F0ECFA684607706A46012171
:102DE0003548FEF773F90120C0026840D3E60020A1
:102DF000D1E60000787EFF1F5359535F4556454E7C
:102E0000545F4D53470A00003D3D3E204843495F13
:102E1000434F4D4D414E445F434F4D504C455445FB
:102E20005F4556454E545F434F44453A2025780A46
:102E3000000000005342505F53544152545F4445D8
:102E4000564943455F4556540A000000446F776E6B
:102E50006C6F61645F4F4B0048616E646C65204627
:102E6000696C65204E756D2025640A00436F6465AA
:102E70003A2564005342505F5550444154494E47EF
:102E80005F434849505F4556540A000050726F67CF
:102E9000726573733A2530336400000088130000B4
:102EA000474150524F4C455F4144564552545F454F
:102EB0004E41424C45440A0005030000002805DB52
:102EC000C106C90E01208840014908607047000012
:102ED00000E100E08307FF22DB0E9A408907090E1C
:102EE0009940002808DB830809489B001B181868D4
:102EF00090430843186070470007000F08388308A4
:102F000004489B001B18D86990430843D861704758
:102F100000E400E000ED00E00A4610B501460020A4
:102F2000FDF788F910BD0000F3B585B000248D00D1
:102F30006E46281981000B484058694606F02AFC65
:102F40000020A100059A03019A1887005358F759E9
:102F5000401C7B4053500428F4DB641C042CE8DB49
:102F600007B0F0BD60B9FF1FFFB583B00F460398EF
:102F70001B4940001646085AFFF79EFB04002AD062
:102F80000125601C2670002F03D00699B847401C0D
:102F900085B2300610D51021039803F01DFE0028DD
:102FA00001D0192613E06219E9B22046FFF7B2FBFF
:102FB00006000CD10C35ADB20421684601800194A5
:102FC000058169460398FFF75DFB060004D02046A3
:102FD000FDF7DCF800E01326304607B0F0BD000036
:102FE0006C81FF1FF0B5002587B06B4C02950395EF
:102FF00004950F273F0262892946A069FDF730F842
:10300000617866A000F0D4F96678022E68D2E07884
:10301000012821D161896448FDF712F96071634884
:10302000A171805D3946401E4843E061E1683A463F
:1030300040185E498C3104F0CDFC0146E5705CA07F
:1030400000F0B6F9E168E06941185BA000F0B0F962
:1030500039465EA000F0ACF9A1786279914237D888
:103060006089352603464843801C360380B291426E
:1030700013D14E49A3798C31A26904F0A2FF608973
:10308000A178A27948436178090389194018A16998
:1030900006F00CFD002811D11AE04449A2698C31D8
:1030A00004F08FFF61786289A07809035043891981
:1030B0004018A16906F0FAFC002805D047A000F0EE
:1030C00077F9012007B0F0BDA078401CA0705BE04C
:1030D0006078401C60700120E070A5700B20F1E763
:1030E000022E18D0032E33D0002102A802F0EEFAEF
:1030F0002E480A2202A90A30FCF79AFF2B493C48C5
:103100000A3106F08BFC002840D03AA000F050F9BC
:1031100065700420D6E73EA103C901910090207894
:10312000694648717D22D2000721684604F096FD69
:1031300060690178022905D14178FD2902D18078A2
:1031400000281ED0657034A000F032F90220B9E7E3
:1031500038A103C9019100900A220721684604F0B2
:103160007DFD60690178032905D14178FC2902D1F0
:103170008078002805D0657027A000F019F9032099
:10318000A0E76078401C60700A209BE765702BA068
:1031900000F00EF9002095E7F87EFF1F6E756D3A7E
:1031A00025640D0A00000000F40E0000D4A9FF1FE2
:1031B000613A25640D0A00006F66667365745F618D
:1031C0006464726573733A25640D0A006461746106
:1031D0005F6C656E3A25640D0A00000075706461CD
:1031E00074655F736E64617461206572720A0000B9
:1031F000005202005550444154455F4241434B4404
:103200004F4F525F4641494C45440D0A00000000B3
:10321000407D0402FD0000005550444154415F547C
:10322000595045444154415F4641494C45440D0A7B
:1032300000000000407D0403FC00000053554343A0
:103240004553530D0A00000010B586B00446142201
:103250000FA16846FCF7FAFF124930200870782069
:1032600048700620891C6A46A41D641E2378401EEF
:103270001B09D35C0B70237800061B071B0FD35C64
:103280004B70891C000EF0D10870064806B010BDC6
:10329000303132333435363738394142434445468C
:1032A000000000009CA9FF1FF8B51D48002505601F
:1032B00017211C4804F0B6FB1A480B300646FCF7F1
:1032C000CBFF184C03462178621C17A000F070F861
:1032D00020781E4F002807D16078FF2804D03046A0
:1032E000FCF7BAFFB84218D019A000F061F80A2222
:1032F0001BA1601CFCF79CFE022020703146384662
:10330000FCF7B0FF074938460F31FCF7ABFFE57417
:1033100025756575A5750120F8BD0020F8BD000074
:10332000E07EFF1FABA9FF1F66696C653A7374618D
:1033300074653A25642C2020563A25732C2061644C
:1033400064723A253038580A00000000004002112B
:1033500066696C655F696E666F20696E69740A00E4
:1033600030303030303030303030000030B5002375
:1033700000229C0015012D182D5D0D70491C521C5A
:10338000042AF7DB5B1C042BF2DB30BDF0B5002513
:103390002C460023A6001F01425D7F185B1C6D1C9C
:1033A000BA51042BF7DB641C042CF2DBF0BD0000E7
:1033B0000FB410B503AA0448029903F05DFC10BCD9
:1033C00008BC04B018470000192F021138B5034B90
:1033D00000240FCB0094FCF74BFF38BD849D0211F5
:1033E000F7B5AAB0104600F029F9002042E017997D
:1033F0002A98401869461490FFF7C8FF0A216846CA
:10340000FFF792FD0924684600F0AEF8684600F028
:103410007FF8684600F034F81AA9204602F0BEF89A
:103420001AA800F02DF81AA8EE46844600210020C4
:103430000A016346D51872448300D658EF58401CE1
:103440007E40D6500428F7DB491C0429EFDB641EBC
:10345000012CD8DA704600F087F8684600F058F87A
:1034600000216846FFF760FD68461499FFF77EFF6C
:103470001798103017902B998842B8DB2DB0F0BD0B
:10348000F1B594B000216A46149C0B0100201D196F
:103490009C188300EE58401CE6500428F9DB491CB8
:1034A0000429F1DB00242001149913904018119095
:1034B0001649139800254618A80069461090095827
:1034C0001248139A8058FEF7F3FD07461098694694
:1034D0004018129001697068FEF7EAFD47401298A3
:1034E000016AB068FEF7E4FD47401298016BF0688E
:1034F000FEF7DEFD4740119910986D1C0F50042D0A
:10350000DADB641C042CCEDB15B0F0BDA0A80211E0
:10351000F0B58DB0074600206C4604AD08AE8100C2
:10352000CA1913696350136A6B50126B401C7250B6
:103530000428F4DB0121204604F024FD022104A824
:1035400004F020FD032108A804F01CFD00208100E8
:10355000CA19635813616B5813627158401C116388
:103560000428F4DB0DB0F0BDF1B582B0002502985F
:10357000002429010E18A00000903758384602F0A8
:103580003BF88201064839071018890E4158009807
:10359000641C3150042CEEDB6D1C042DE7DBFEBDFA
:1035A00038A4021110B50C4603F09CFA002804D090
:1035B00040882146FCF7B4FD10BD122010BD00214B
:1035C0000B2806D90246303A032A02D90C3A032ABC
:1035D00001D8022113E002460C3A0B2A02D9403AE4
:1035E000032A01D801210AE00246183A0B2A05D91C
:1035F0001C3A072A02D94038032800D8032108467C
:103600007047000070B5484309490B4E08600949EE
:103610004018C117090D08180513002404E0200301
:103620008019FCF72BFE641CAC42F8D370BD00007F
:10363000E07EFF1FFF0F000000400211F0B52C4C90
:1036400089B000239D0029180A784E788F781206D9
:1036500036043F02C97832433A430A435B1C625145
:10366000042BEFDB042500200090A8070CD0204994
:10367000AA0050188038036FC06F43408B506D1CF8
:103680002C2DF2DB09B0F0BDA800194907904018B5
:1036900080380690C06F0099059101A906F07AF86C
:1036A000012101A803F086F9002401AEA700F0591A
:1036B00001F0A6FF641CF051042CF7DB0198020610
:1036C0000298010403980A43030204981A43024330
:1036D000059808498000095805485140069A126F1C
:1036E0005140079A81500098401C0090C7E70000A5
:1036F00060B9FF1F38A802110022002913D000284A
:1037000011D0012806D04A799206920E4A710328F8
:1037100005D007E04879C0221043487102E04020FC
:1037200002434A71012210467047000070B51248EA
:1037300000250078052108421BD02020FCF7CCFC96
:103740000E4C0028A06013D020220021FCF788FC3A
:103750002020FCF7C1FCE060002804D020220021DA
:10376000FCF77EFC05E0A068FCF7C8FC0020A06028
:103770001325284670BD00007381FF1FE481FF1FE1
:10378000002909D0012807D1497989098901C0296F
:1037900002D0402901D00220704703207047FFB5B6
:1037A00000200E4608701AE01C5C401CC5B2002CBC
:1037B00017D02819904214D85F5D6D1CEDB23846C1
:1037C00000F00FFF002806D0641EE0B230700099B0
:1037D0008F4202D1581904B0F0BD4019C0B29042D6
:1037E000E2D30020F7E7000010B5044C2068002861
:1037F00003D0FCF783FC0020206010BDD081FF1FA8
:1038000070B50E4D84002859002815D0006A002894
:1038100001D0FCF773FC2859406A002801D0FCF75E
:103820006DFC2859806A002801D0FCF767FC2859F4
:10383000FCF764FC0020285170BD0000DC81FF1FF4
:1038400010B5044C6068002803D0FCF757FC00203A
:10385000606010BDD481FF1F0100044805D10449F8
:103860008978002901D00248801D7047A4C0FF1F3D
:103870007281FF1F01488078704700007281FF1F2E
:10388000014840687047000094C0FF1F01488068ED
:103890007047000094C0FF1F0148C068006870476F
:1038A00094C0FF1F10B50748C0680168491C01603B
:1038B00005480078FF2803D001218903FCF7F4FBB9
:1038C00010BD000094C0FF1F7281FF1F02484068B6
:1038D000002800D001207047CC81FF1FFFB581B0C8
:1038E0000F460D9E0A9D039803F0E8F8040042D0AD
:1038F000019800283FD120791021084320710499B4
:10390000490702D50221084301E0FD21084020714A
:103910000B99284608430C9908433043207902D07C
:103920000421084301E0FB2108402071002E06D04D
:103930003069102220623146A018FCF779FB002D77
:1039400001D0002F05D00B98002814D0012F08D0EB
:1039500011E0606A002801D0FCF7D0FB1C2128464A
:1039600006E0606A002801D0FCF7C8FB1C210B9818
:10397000FCF78AFC60620398224C8700E05900281B
:103980003ED0002D0FD0006A002806D11C20FCF785
:10399000A3FBE1590028086205D0E0591C22006A07
:1039A0002946FCF745FB0C98002810D0E059406AE6
:1039B000002806D11620FCF78FFBE1590028486249
:1039C00005D0E0591622406A0C99FCF731FB002E15
:1039D00010D0E059806A002806D11420FCF77CFB47
:1039E000E1590028886205D0E0591422806A3146E6
:1039F000FCF71EFB0B9B049A0399019804F0F2FA62
:103A000005B0F0BDDC81FF1FF3B581B0019803F074
:103A100055F8050029D00E20FCF79AFB040024D0AD
:103A20002620FDF7F9FC060000D12E78D02020706A
:103A3000002767700B20A0700622E91DE01CFCF730
:103A4000F7FA019860810298C1070120002901D08E
:103A5000207300E027730299890701D5607300E0A5
:103A60006773F0B22146FCF74FFBFEBD10B58188AD
:103A70001F4B0124CA1A994237D011DC1D4BCA1AB8
:103A8000994219D007DC1C4A8A1810D0022A1ED08D
:103A9000032A29D11BE0472A27D0482A24D124E031
:103AA0001300FCF7D7FA0621222222222221806865
:103AB000007800F057FD08E08068827841781202B3
:103AC000891889B2007800F0ADFD04460DE0094A7E
:103AD000921E914201D1012200E00022806801780B
:103AE000104600F087FD00E00024204610BD0000D5
:103AF000532000000A200000FADFFFFF70B51A4DC6
:103B00001A4A0146002628781268194C01290CD05F
:103B1000002A09D017490978490705D50221FCF781
:103B2000BDFA6680FFF760FE70BD6188002903D092
:103B3000114B1B78002B05D0002AF5D01078FDF72B
:103B400041FC70BD3C2902D33C39618070BD02212B
:103B5000FCF7A4FA62887D20C00042430221287845
:103B6000FCF796FA668070BD0182FF1FD081FF1FAF
:103B7000E481FF1F7381FF1F7581FF1F08B5418915
:103B800000910389C2888188C07800F037FC08BDA5
:103B9000F0B504468088A12189004843304987B0A8
:103BA00009684018FF30FF300230A1794167002CCE
:103BB00054D02C4D6868002823D006782A48006825
:103BC000002804D04168002901D000208847214600
:103BD000E07908310591FFF7D3FDE0710246277DBA
:103BE000638A218AE089019002A88AC0A088009097
:103BF000E0783146059B04F06BFAE078002802D0AB
:103C00000DE01A48D9E7E079E2896B46059907C3C8
:103C1000A379A1880122304602F0FEFEE0706868B8
:103C2000002811D0FFF70CFE287800280CD0697806
:103C3000FFF7B8FC002807D0E078A288034629786F
:103C400004F09AFA00202870A0881721FDF7AEF83A
:103C5000A088FEF7CDFCA088FEF7F2FC07B0F0BD0F
:103C60003409FF1FD481FF1F0482FF1F7281FF1FD1
:103C700070B504460026808802F020FF002803D09B
:103C80000678A08802F08CFF144D2878002808D010
:103C9000864206D16978FFF785FC002809D000200C
:103CA0002870002E05D0A379A288A078314604F0B0
:103CB00063FAA088094A810008325158002901D0CE
:103CC000FFF79EFDA0881721FDF770F8A088FEF78A
:103CD0008FFCA088FEF7B4FC70BD0000D481FF1FEC
:103CE00070B58288294D0124531B2949AA4242D02C
:103CF00019DC284D531BAA4218D00BDC264BD218D6
:103D000026D0254B1033D2181ED0032A17D0042AF0
:103D100039D10BE0012B09D0022B07D0032B21D086
:103D2000042B30D11AE0433B072B2CD849680029DB
:103D30002AD00968002927D08847044624E08068F3
:103D4000007800F0ADF81FE0806800F001F9F4E7BA
:103D50008068411C007800F0D9F8EEE783681B7892
:103D6000002B11D0896800290ED00B6808E00146AD
:103D700010469847E1E709490968002904D04B68D3
:103D8000002BF4D100E00024204670BD0E2000007E
:103D90000082FF1F08200000F7EFFFFFE081FF1FF8
:103DA00010B5094CA17800290CD001460622A01DAF
:103DB000FCF73EF9A11DA078FFF79EFCA01DFCF7C3
:103DC00069FA10BD002010BD7281FF1F1CB52F497C
:103DD000037801240A68912B02D0A22B2ED13EE059
:103DE0004178052909D00E2904D00F2908D03E2991
:103DF00024D115E0FFF774FF10E0FFF739FF3AE038
:103E000001468088224B0124C31801D0062B15D10E
:103E1000002A30D05268002A2DD0904704462AE06C
:103E200081780124032917D004DC012911D002294B
:103E300004D105E015291ED016291CD000241AE053
:103E400014498968002916D04968002913D0884789
:103E500011E0FFF79DFE0EE0FFF790FE0BE00E492C
:103E60000978042909D0002A05D05268002A02D016
:103E700001460A48904720461CBD00216A46118031
:103E800001794088FEF734FBF5E70000E081FF1F71
:103E9000F3DFFFFF0082FF1F7381FF1FFFFF0000A2
:103EA000F8B5164F0646BD1F2878FF2814D00A2003
:103EB000FCF74EF904000FD0D02020706670082067
:103EC000A070A878E07006223946201DFCF7B0F8F3
:103ED00021462878FCF718F9E87801280DD1084820
:103EE0000068002803D08068002800D0804706487A
:103EF000044A04210078FCF7F5F8F8BD7881FF1F2B
:103F00000482FF1F60EA00000182FF1F70B50024D9
:103F10000546002805D1002903D006220B48FCF7EE
:103F200087F80A4810380178012907D10124002DAB
:103F300006D000210170284600F03CFA204670BDF2
:103F400002210170FCF7ACF9F8E70000A4C0FF1FE4
:103F500010B50024002813D002780B49002A03D1A1
:103F60004288CA8202790A760A78022A08D102783F
:103F70000124002A06D000220A70007800F01AFA04
:103F8000204610BD0322F7E794C0FF1F0149486097
:103F9000704700000082FF1FF0B50546817887B0AA
:103FA00086A0FFF705FAA878002607278A4C0300A9
:103FB000FCF750F808053E1D40406DB3E53E6878BB
:103FC000002869D185A0FFF7F3F983480622E91C90
:103FD0003C30FCF72DF801207F4BA07101464233A5
:103FE0001F226079FDF7BEFB002855D1BDE068783F
:103FF000002851D1E878002807D07D4BA278002115
:104000006079FDF7AFFB68700FE0A07902280FD050
:1040100001216079FCF74EF8002806D175A0FFF762
:10402000C7F901216079FCF73FF86878002833D19F
:1040300007B0F0BD697800292ED103280AD0A289E3
:10404000002A11D0207800280FD001216079FCF7D8
:104050001FF80AE0A079052804D06CA0FFF7A8F9A2
:10406000022012E0062010E02670A079062802D077
:10407000042802D008E0052007E001202070014656
:104080006079FCF711F870E00320A0716DE06878AA
:10409000002803D031283ED0A77166E04E480622A2
:1040A000291D3630FBF7C4FF6A89E281A989218284
:1040B000E88960820523A3712B8A05904648069300
:1040C000039204913630C178437902796F460EC766
:1040D0008378427801785148FFF76AF9A28A002A6A
:1040E00003D002216079FBF7D3FFA889E083E88938
:1040F0002084288A6084E07801280AD11F20FDF7F7
:104100008BF97D21C9004843024604216079FBF701
:10411000BFFF267029E02670B6E72F48062200214F
:104120003630FBF79DFFE6832684668404216079A0
:10413000FBF7B4FF08216079FBF7B0FFA8790828E6
:1041400008D00320A0712078002805D06079FDF701
:1041500039F907E00420F5E7012020700146607975
:10416000FBF7A2FF0020C043E081606A002800D175
:104170005EE701680029FBD0A079884758E708214D
:104180006079FBF78BFF68780028F7D1E888E08337
:10419000288920846889608404216079FBF78AFF7C
:1041A0000028EBD11EA0FFF703F9A06A0028E5D094
:1041B0000368628C218CE08B984739E75359535F31
:1041C0004556454E545F4D5347206F70636F64658D
:1041D0003A20253032580A00147DFF1F5570646163
:1041E0007465204164766572746973696E670A004C
:1041F000DAA5FF1F4F70656E2041647665727469A1
:1042000073696E67204576656E740A004164766551
:1042100072746973696E670A0000000038AA02119F
:1042200070476170526F6C65735F506172616D555C
:10423000706461746543420A0000000070B5044672
:10424000017825A0FFF7B4F820782A4D912807D0EF
:10425000A22827D0D02802D12046FFF79DFE70BDAE
:1042600060780E28FBD1A088234988420FD1A1682D
:1042700003200856A9790529F1D17F28EFD0696A72
:104280000029ECD049680029E9D0884770BD1B4956
:104290008842FBD1A06883784278017818A0FFF7A4
:1042A00087F870BD60791328FBD12089012802D1DD
:1042B0002879022808D00520FDF7AEF8024608212B
:1042C0006879FBF7E5FE70BD08216879FBF7E6FE2B
:1042D000FDF722F870BD00000A5359535F4556455B
:1042E0004E545F4D5347204576656E743A20253015
:1042F00032580A00147DFF1F051400002220000020
:104300005B48434920444C455D25642025642025B5
:10431000640A00007CB5154C0546E08BE18A8842B2
:104320000AD3218B884207D8208C618B884203D125
:10433000608CA18B884217D00520FDF76DF80646EA
:10434000E18A68460180218B4180618B8180A18B4D
:10435000C18062796946E089FEF7D6F82571324658
:1043600008216079FBF794FE7CBD0000147DFF1FDF
:10437000F8B507460E46084602F0A0FB040018D028
:104380002620FDF749F8050000D125780620FBF727
:10439000DFFE04000DD006220021FBF761FED020D5
:1043A000207067700E20A070A680E8B22146FBF74F
:1043B000ABFEF8BD70B50F4D06462878FF2818D023
:1043C0000E20FBF7C5FE040013D0D02020706670CD
:1043D0000020A07006220849E01CFBF729FE0648D1
:1043E0001038C18A6181007E207321462878FBF74E
:1043F0008BFE70BD7281FF1FA4C0FF1FFFB581B08F
:104400001E4617460D460C20FBF7A2FE040013D0F3
:10441000284602F053FB002810D00078D0212170EC
:10442000019961700721A170A580E78026810A9912
:1044300061812146FBF768FE05B0F0BD0048ECE75E
:104440007281FF1F70B50D4D044628680E46002886
:1044500012D00620FBF77CFE010009D0D0200870A6
:104460004C70032088708E8028680078FBF74CFE23
:10447000002C01D0FFF7B8F970BD0000D081FF1FFC
:10448000FFB581B01F460E46084602F017FB050037
:1044900022D01020FBF75CFE04001DD0102200216A
:1044A000FBF7DEFD2620FCF7B7FF002800D12878B7
:1044B000D0212170019961700F21A170A68003990C
:1044C000217267720A99A1720B99E1720C99E160ED
:1044D000C0B22146FBF718FE05B0F0BDF0B51F4D88
:1044E00085B02868002837D08778FDF711F80028B4
:1044F00005D00A20FCF790FF04900B200EE001F09D
:1045000041FE002805D00620FCF786FF0490072016
:1045100004E00820FCF780FF04900920FCF77CFFF2
:1045200004460F480078002814D001262968C8786E
:10453000091DFFF7E1F829686D46CA7A8B7A091DD3
:104540000BC5039233463A4621460498FBF7AEFE6C
:1045500005B0F0BD0026E9E70120F9E7D081FF1F93
:104560007481FF1F10B50949096800290CD0002883
:1045700005D101204870FBF7A3FD002802D00021DF
:10458000FFF760FF012010BD002010BDD081FF1F8C
:10459000F8B50C4602F092FA020021D026201462EF
:1045A000FCF73AFF05062D0E00D115789679D01D3F
:1045B00000901020176AFBF7CBFD040010D0D0202C
:1045C0002070002060700920A070E6700622201D77
:1045D0000099FBF72DFD21462846E760FBF794FD87
:1045E000F8BD411E152903D9FF2801D000207047CE
:1045F0000120704770B50A4E054630780C46FF28FA
:104600000DD00420FBF7A4FD010008D0D0200870D5
:104610004C7002208870CD703078FBF775FD70BD4E
:10462000E481FF1FF3B5284D81B0286800284AD0E7
:104630004078264E012803D03078002831D041E060
:1046400001F0A0FD224F002813D00120FCF7E4FE6A
:104650000446412808D91F4A02213878FBF742FD59
:104660001D483C3C44800EE07D20C0002246424371
:1046700003E00020FCF7D0FE0246002A03D002210E
:104680003878FBF705FD296802204870307800284B
:1046900002D00020307015E002990198FFF7D2FE99
:1046A00010E00320019CFBF753FD010008D0D0204F
:1046B00008704C700420887028680078FBF724FD8F
:1046C000FFF792F80120FEBDD081FF1F7581FF1F0B
:1046D0000182FF1F60EA0000E481FF1F074A0021FA
:1046E0008B00D35A834202D1880080187047491C3E
:1046F000C9B20229F4D30020704700001482FF1FC2
:1047000010B50C46FFF7EAFF00280DD0002C00D0B2
:1047100020608078FE2803D0FF2803D0162010BD2B
:10472000172010BD002010BD022010BDFFB581B0C4
:10473000FF201E46174605300A9DFBF709FD0400C1
:104740001BD0B02020706770029860802671002D09
:1047500006D02046FC2229460830FBF769FC05E01C
:104760002046FC2200210830FBF77AFC2146019804
:10477000FBF7CAFC002005B0F0BD1320FBE70000EA
:104780000548172202800988172901D204207047A2
:1047900001800020704700006E81FF1F00207047DD
:1047A00008B50A460888498888420BD8002809D0ED
:1047B000002300931379521DFDF7D2FA002803D08D
:1047C000002008BD012008BD0A2008BDF3B50D4634
:1047D00008884988002687B0814215D3002813D065
:1047E000002769460F710097002369881A46FDF774
:1047F000B7FA04004FD068460079002807D0694610
:104800004979012925D008E0012009B0F0BD2178BF
:1048100002291BD002216A4651711222504301AA7B
:1048200061898018418068460079122358438018B6
:104830001022001D6168FBF7FBFB68460079401CF5
:104840000106090E684601711FD11AE001216A466E
:104850005171217802291ED1820001A861891218A4
:1048600051806A4612796168920010180222001D78
:10487000FBF7DEFB6A461079401CC0B210710528B8
:1048800003D261890A48814200D101266089401C17
:1048900080B2002EA7D068460079002805D001A973
:1048A0000798FCF7E1F80020AFE70A20ADE7000029
:1048B000FFFF000038B50C4608884988884215D8A3
:1048C000002813D02379621D02210B48FCF751F810
:1048D00000280DD000200090237961882088621D77
:1048E000FDF73EFA002805D0002038BD012038BD74
:1048F000102038BD0A2038BD98A9021108B50A4613
:104900000888498888420BD8002809D000230093E2
:104910001379521DFDF724FA002803D0002008BDAA
:10492000012008BD0A2008BDF8B500250F4606463F
:104930000C46E03717E06800205A0021FDF7EAF93D
:10494000002809D0017A3046FDF77EFB002808D008
:104950006900615A2180F8BD6800205A208001203A
:10496000F8BD6D1CEDB2B87DA842E4D80020F8BDBA
:1049700010B5044608880021FDF7CCF9002804D0C2
:10498000017A2046FDF760FB10BD012010BD00003C
:1049900030B585B005466946FCF7E4F8040026D139
:1049A00068468078C1071E4809D08268002A04D072
:1049B000688869469047044619E0062417E0426873
:1049C000002A05D0688869469047040001D10EE0AE
:1049D000062468464078002809D16846817801732A
:1049E0000021C1810474688803A9FBF7FDFFA86852
:1049F000002801D0FBF7CAFB002C05D1684680785F
:104A0000122807D01B2803D068880121FDF78CFDF0
:104A100005B030BD684640780128F5D1F8E70000C0
:104A20001C82FF1F70B505460C4608880021FDF763
:104A300071F9002805D0017A22462846FDF717FBB8
:104A400070BD012070BD0000014948607047000042
:104A50001C82FF1F10B50446801C00F046FDFF209D
:104A6000E07010BD10B500F025F8002800D0806877
:104A700010BD00229300CB5A834202D1900040180F
:104A80007047521CD2B2022AF4D3002070470000B3
:104A9000074A0021CB00D35A834202D1C8008018B4
:104AA0007047491C0906090EF4D000207047000029
:104AB000887DFF1F0649896805E08A88824201D106
:104AC0008868704709680029F7D100207047000006
:104AD000787DFF1FF8B50746012906D0022924D1A9
:104AE000012102F079F800281FD13846FFF7D0FFE6
:104AF000050015D000240D4E0CE0F82069686043D5
:104B000008180188002908D0F8220021FBF7A8FA2C
:104B1000641CE4B270788442EFD30020C043288044
:104B2000024938461831FCF79FFEF8BD787DFF1F1B
:104B3000F3B5064683B008300190002000907088DD
:104B4000FFF7A6FF07002FD0002523E0F8207968A3
:104B500068430C182188002920D00198007801288A
:104B60000FD160880090A3887088A21DFDF784F89B
:104B70000090002805D00199002008700498218831
:104B80000180F82200212046FBF76AFA00206D1C04
:104B90002080EDB2074840788542D7D30020C0433B
:104BA00038800098002802D17088FBF747FF0098F2
:104BB00005B0F0BD787DFF1FF3B50546374C0646BE
:104BC00085B00835F62200212046FBF749FA03A8F4
:104BD00000902B79698828886A1DFDF7C1F807467F
:104BE00045E070882E4A4100515C2E4BC91FC9B266
:104BF0000093002202910192284B69468A89F63B74
:104C00003946FCF7D5FE002812D126482989001F15
:104C1000828891420CD121492846F6390A30FBF7A7
:104C200013FA002804D0217878898900091948806E
:104C300068468289698804AB3846FDF7C3F80746A1
:104C40002078810009194A88002A10D0002F05D049
:104C50006A46128A401C20708A800AE002060021FF
:104C6000920DC9431219401C2070918006E0002F5C
:104C700004D00D48217800888142B2D320780028E2
:104C800006D070882146FBF7E1FE002007B0F0BD9A
:104C90000698298801800A20F8E7000008A8FF1F6D
:104CA0006C81FF1F7C7DFF1F6881FF1FF0B585B001
:104CB000044600206946888120790E2869D00FDCDF
:104CC000082823D004DC022813D0062818D118E0C5
:104CD00025460835484F0A281DD00C2810D138E049
:104CE00010285BD012285ED0162861D0182877D102
:104CF00063E043484149008808806088FBF77EFEF6
:104D00006EE003A92046FFF757FF5AE003A92046AB
:104D100000F076F955E0288804A9FCF7FBFF0100B4
:104D200015D06088354E4200BA5C0023521ED2B2C4
:104D30000193029200966A46B31C128AFCF738FE71
:104D400000281DD160883146FCF710F848E00120AA
:104D500016E0288804A9FCF7DDFF0100F7D0608881
:104D60006B884200BA5C254E521ED2B20193029269
:104D700000966A46B31C128AFCF71AFE002803D07C
:104D800029886A4691811CE060883146FBF7BEFFA6
:104D900026E003A9204600F0D3F912E003A920463B
:104DA00000F082F80DE003A9204600F039FA08E08F
:104DB00003A9204600F028F803E003A92046FFF7E6
:104DC000B7FE00280CD06178142909D00B4922794C
:104DD0000A706A4692894A8008716088FBF704FE6F
:104DE0002046FCF77FFF0748C168002901D0204614
:104DF000884705B0F0BD00006C81FF1F08A8FF1FA9
:104E00006681FF1F787DFF1FF8B504460F460546F3
:104E1000083400896946FCF77DFF06003AD0307AF5
:104E200080060ED568460088FFF71CFE030006D0FA
:104E30006888122231469847060002D02BE00E26E1
:104E400029E06E883046FFF723FE010005D11448A3
:104E5000FFF71EFE01000ED00E80124A002052788D
:104E600007E0F8264B6846439B5B002B05D0401CAF
:104E7000C0B29042F5D309260DE04968F8225043AC
:104E800008182146FBF7D4F8002668882146FBF76E
:104E900033FF02E00126208838803046F8BD00004C
:104EA000FFFF0000787DFF1FF3B58BB000200B9E45
:104EB0000746039004A800903246337B71893089FD
:104EC0004C4C0D320836FCF74BFF054678E00B984A
:104ED000297A4088FDF7B8F8070003D00C98698953
:104EE00001806FE00B9844494088444B4200895C44
:104EF0000093891FC9B20022029101923D4B69467D
:104F00000A8AF63B2946FCF753FD0700E6D10398D1
:104F1000002833D039486188001F8088021D9142E3
:104F200053D1039909180B98408842003248805A9F
:104F3000801F814249DC0399A87A6118087103989F
:104F40006989401C80B22218090A401C117180B284
:104F500003906846028A718807AB2846FCF732FF47
:104F6000050011D003986946898B201801710398B8
:104F70006946401C898B80B2090A0CE01F48001F5B
:104F80008088001D6080D6E70398FF2120180171FA
:104F90000398401C80B222181171401C80B217493E
:104FA0000390091F8A8813492018F639001DFBF762
:104FB0003FF812490398091F8988401880B203906E
:104FC000002D84D1039800280CD061880398FBF74A
:104FD00037F920700B9821464088FBF7A1FE00208E
:104FE0000DB0F0BD002F00D10A270C983188018048
:104FF0003846F5E708A8FF1F6C81FF1F7C7DFF1F67
:10500000F3B50746044608378BB049480490388802
:1050100000252E4605906AE007A800903B79798824
:105020007A1D0598FCF79CFE0890002852D0408914
:1050300005900898017A6088FDF706F806005DD1B2
:1050400060883C494200895C3B4B091FC9B2009310
:10505000002202910192364B69468A8BF63B0899F1
:10506000FCF7A6FC060049D1002D36D004984188F3
:105070003148001F8088801C814241D12E4B1B1F6C
:1050800098882918608842002A48805A001F814267
:1050900020DC0898817A04984019017108996D1CE8
:1050A0004989E8B20A0A049909180A71401CC5B274
:1050B000194604988A881E494019F639001DFAF7E6
:1050C000B7FF1D481D49001F00792818C5B2059873
:1050D000884209D1002D13D123E017480499001FFD
:1050E0008088801C4880C9E7401C80B20590608899
:1050F00041001048405A001FA8428DDA002D0ED002
:10510000049841882846FBF79BF8014604980170F3
:1051100060880499FBF712FE00200DB0F0BD002E50
:1051200000D10A260C99059808803046F5E7000062
:1051300008A8FF1F6C81FF1F7C7DFF1FFFFF000081
:10514000F3B506460446002085B0324D009008367F
:10515000288007463046E030049048E07800305A16
:1051600003A9FCF7D7FD01001AD060882B4B8446B9
:1051700042002948805C0093401EC0B20022029089
:105180000192244B68468289F63B6046FCF710FC8E
:105190000090002807D07800315A0698018035E049
:1051A00001200090F7E71D492888091F89884218C7
:1051B00061884B001849C95A4B1E9A4204DD081AEF
:1051C0001649091F401E88802988A81C0818134901
:1051D000091F8A880F49F639FAF72AFF0F482988EC
:1051E000001F8088081828807F1C0498FFB2807DEB
:1051F000B84207D96088298842000748805A401E73
:105200008142ABDB60882946FBF7A6FD009807B01A
:10521000F0BD000008A8FF1F6C81FF1F7C7DFF1FF1
:10522000F3B5054683B004460835008901A9FCF7AB
:1052300071FD2746E8370646002822D0307A8006DE
:105240000ED568468088FFF70DFC030006D0608805
:10525000122231469847060002D013E00E2611E0D4
:10526000002000906B88298860882A1DFCF704FDC7
:10527000060007D1787E002807D16088FBF7A2FDE1
:1052800003E00126049829880180787E002802D056
:10529000002005B0F0BD3046FBE70000F8B504463D
:1052A0000246F8204243194800250746457010374A
:1052B0007868002807D00020C100C919401C0006EA
:1052C0004D60000EF8D0124E00213046FAF7C8FEAD
:1052D000002001466143C9B2F82251438B190B49A2
:1052E000C200103152180021536005E0F8274F43E7
:1052F0005368491CDD53C9B2A142F7D3401C0006D4
:10530000000EE6D0014844700020F8BD787DFF1FF4
:105310001AA6FF1F7CB50C78069D022C0FD14C6895
:105320002678647824023419064EA4B2F44206D1D9
:105330000224DBB200950194FCF7AEFA7CBD01209B
:105340007CBD0000FED6FFFFF8B505461D4885422E
:1053500023D0461C002921D001292BD002291CD1A1
:105360000121284601F038FC002816D12846FFF715
:10537000B5F9040011D0A078FF280ED0FE2807D080
:1053800000200090E0781E2314222946FFF7CEF972
:105390002046FFF75FFBFF20A070F8BD2846FFF70F
:1053A0009DF90028F9D13046FFF798F90028F4D08C
:1053B0000580F8BD2846FFF791F90400F9D0268052
:1053C000D9E70000FEFF000038B5040010D0A07837
:1053D000FF280DD0FE280BD0002000902188E07817
:1053E0001E231722FFF7A2F9FE20A070FF20E07015
:1053F00038BD0000F3B50C468978C1B01E2914D021
:105400002E4D2878FF2829D0182927D84808C2000F
:105410002B481218803A976F002F1FD0D06F0028AA
:105420001CD02078002817D113E04198FFF756F9D7
:1054300005000BD000200090A378E8780022419965
:10544000FFF774F906462846FFF704FB304643B0E1
:10545000F0BD6278012A03D1122901D00620F6E7B7
:1054600002AE0096A3886178A268B8470028EED102
:10547000A0784008C100124808188038C26F02A9FD
:105480004198904700280FD061780029DFD1A27899
:1054900069460A70087168460189418069464198E9
:1054A000FBF7A2FA0020D2E7A378042BCFD0009616
:1054B000002228784199FFF739F9C8E70C82FF1FCD
:1054C00034A9021100B50346FCF7AEFD002803D055
:1054D000C018401E80B200BD184600BD10B57D2426
:1054E000E4006243FAF7E8FE10BD10B5040008D0EE
:1054F0002078FF2805D0FE2803D0FAF7E3FEFF202E
:10550000207010BDF7B506460F461020FAF7E4FDEF
:1055100005461020FAF7E0FD0446002D3AD0002C95
:105520002DD010220021FAF79BFD2A462146304655
:1055300002F0ACFE060023D12878000604D43946D8
:10554000284601F05AFA08E02146284601F055FAAB
:105550003A461149204604F0C5FB3878000604D4C9
:105560003846029901F049FA0AE02146384601F02E
:1055700044FA09492046029A04F0B4FB00E01326DD
:105580002846FAF7BBFD002C02D02046FAF7B6FDFC
:105590003046FEBD1326F6E7BEA90211F0B5154D43
:1055A00091B00C460601A859694604F0F3F8751944
:1055B00004A9686804F0EEF808A9A86804F0EAF8FD
:1055C0000CA9E86804F0E6F800206B4604AD08AFCB
:1055D000820001019E5866500919AE584E60BE58AF
:1055E0008E600CAEB258401CCA600428F0DB11B0CB
:1055F000F0BD000060B9FF1FF021084000117047A6
:1056000010B50446FFF7F8FF034A80012107801810
:10561000890E405810BD000038A00211FEB51E4B87
:105620006028DC7C1D7D01955F7D9D7D00950AD005
:1056300062280CD01D462E7DED7CAD1964280CD05F
:10564000662810D016E000200860D87C11E00F20FA
:10565000000260430860187D0BE00F200002454304
:105660000D60587D05E0E8190F252D02684308609C
:10567000987D1080214609A0FDF79AFE0AA00199A5
:10568000FDF796FE39460BA0FDF792FE0CA000999F
:10569000FDF78EFEFEBD0000ABA9FF1F4B3A202593
:1056A00030386C580D0A0000433A202530386C58C9
:1056B0000D0A00004D3A202530386C580D0A0000C4
:1056C000593A202530386C580D0A000070B50D4647
:1056D000064628431CD01721104802F0A3F910A059
:1056E000FDF766FE0D4C0A21601C01F0F9FB002E4F
:1056F00008D00A22611C3046FAF79AFC0A21601C85
:1057000001F0EEFB002D01D020782870002070BD44
:1057100009A0FDF74DFE022070BD0000ABA9FF1FE0
:105720005265616420466C617368205665727369C6
:105730006F6E3A20000000006765745F66696C65F3
:105740005F696E666F206572720A000010B50348CB
:10575000017A034802F0ECF810BD0000F87EFF1F4C
:10576000D4A9FF1FF8B5069800271D4614460E461B
:10577000002801D00B20F8BD30780021022801D08C
:1057800019804DE0706802784078000210181522E8
:1057900080B25202801A0300FAF75CFC0504121F63
:1057A0001A254100F068FAF7CDFCC2B20798824290
:1057B00000D902462A80F1682046FAF739FC30E029
:1057C000F0680221008829802070000A607028E0BB
:1057D000062028800246F168EEE701202880F06864
:1057E000007820701DE0F068002816D0082129807C
:1057F000017821700188090A61708178A17041885F
:10580000090AE170017921718188090A6171817940
:10581000A171C088000AE07103E0298001E02980BD
:1058200001273846F8BD10B50B78840702D502244D
:10583000234301E0FD2423400B7003070B7802D5BE
:105840000824234301E0F72423400B7083060B78E0
:1058500002D52024234301E0DF2423400B700A21DA
:10586000084201D1810603D510780C21084304E0D9
:10587000002803D11078F3210840107010BD0000FB
:10588000FFB581B0087800240A9E1F460D46022805
:105890000FD168680178407800020818152180B29D
:1058A0004902401A09D0012829D0022848D00328EB
:1058B0003CD00124204605B0F0BDE868FAF742FC70
:1058C000C0B2864205D8F0190090112803D90D24E2
:1058D000F0E70724EEE7E8683A4680190399FAF7FB
:1058E000A7FB0098EA6880B2002111541C48406868
:1058F0000028DFD001680029DCD0002012E0002E53
:1059000012D1022BE3D10399E8680A784978090299
:1059100051180180124840680028CBD00168002946
:10592000C8D001208847C5E70B24C3E7002EFBD170
:10593000062BCCD10622E8680399FAF779FBB9E780
:10594000002EF1D1012BC2D103980078002803D09A
:10595000012801D08024ADE7E9680870AAE70000BB
:10596000907CFF1F10B50448C16B034A4032106899
:10597000D06000F03DFA10BD0080004030B5C21F7D
:105980000A2A01D3062030BD0124074D9440002986
:1059900005D0002100F0C0F82868204301E0286805
:1059A000A0432860002030BD00380040054B012294
:1059B0008240D868002901D0104300E09043D860AD
:1059C000704700000038004070B5FF2814D08207EF
:1059D000D30E8408094A5E1DA400A518AC69F21A0A
:1059E0000126521C9640761E9E40B44399400C43BB
:1059F000AC610121FFF7DAFF70BD00000038004004
:105A000010B5114C2078002801D0072010BDFF21CF
:105A10002D310D48FAF75CFC012020700B49002065
:105A2000086348630A490862486202211020FDF7B2
:105A300051FA1020FDF742FA064A07490D20FAF7FD
:105A40004DFC002010BD0000A4A3FF1F00800040FB
:105A500080F00040695C0211DD5B021110B517286F
:105A600001D3052010BD0C4B9C6B012282401046D7
:105A700020439863586B90435863DC6B012907D02F
:105A800020469043D863186B02431A63002010BD70
:105A900010462043F6E7000000800040054B01223D
:105AA000801E82405869002901D0104300E09043D5
:105AB000586170470038004070B5044614480E46DF
:105AC0000519002902D16878012808D00021204654
:105AD000FFF76CFF022C04D0032C02D005E0072056
:105AE00070BD01212046FFF7D9FF00212046FFF7B6
:105AF00045FF08490120A0404A68012E05D0824395
:105B00004A6002206870002070BD02434A60FAE7D4
:105B1000A4A3FF1F0080004070B5420083180D4A07
:105B20009C18A5786478D65C641B0122641CA24092
:105B3000521EAA40084BA940132806D2B000C01834
:105B4000836893430B43836070BD58699043084357
:105B5000586170BD119D021100F0004007494A686C
:105B6000012383401A4201D0096802E00349403111
:105B70000969C140C807C00F70470000008000409D
:105B800070B5154C45002E1976780123114AB340A3
:105B900000290ED0142809D0152807D0162805D0C2
:105BA000605780008018816819430DE050691843E0
:105BB0000EE014280AD0152808D0162806D0605701
:105BC0008000801881689943816070BD5069984356
:105BD000506170BD00F00040569D021170B5104D2F
:105BE00000242E197078012803D1E0B20121FFF7BB
:105BF000C7FF707802280ED1E0B2FFF7AFFF012196
:105C00004140E0B200F074F8E0B2FFF7A7FF0C21CA
:105C1000614349194876641C172CE2DB70BD000013
:105C2000A4A3FF1F10B50F4C0D4A0123245C1428B8
:105C300009D2106A002902D0A340184301E0A34012
:105C40009843106210BD506A002903D0203CA34045
:105C5000184302E0203CA3409843506210BD00006E
:105C600080F00040FA9C021170B502211020FDF76F
:105C700031F91020FDF722F900241C4D07E0022C19
:105C800001D0032C03D1E0B20121FFF707FF28194F
:105C9000407801280BD1E0B2FFF760FFE2B2014685
:105CA000104600F061F8E0B20021FFF769FF0C2018
:105CB00060434019007E002814D0E0B200F066F87E
:105CC000E6B23046FFF74AFF002801D0012100E08C
:105CD00000210C2272435219527E824202D0304679
:105CE00000F0BAF8641C172CC9DB70BDA4A3FF1F19
:105CF000F8B542008318184AD55C9A189278521E5B
:105D0000D4B2164A12185278022A21D1144EB76B17
:105D10000122134683401F43B763124B13280ED250
:105D2000002906D0A900C9188B68A24093438B6054
:105D30000BE0A900C9188B68A2401343F7E70029BC
:105D4000596906D0A240914359610121FFF76AFFCA
:105D5000F8BDA2401143F7E7119D0211A4A3FF1F54
:105D60000080004000F00040012200B5064B824058
:105D70000029196801D0114300E091431960012105
:105D8000FFF79AFE00BD00000080004070B5044699
:105D9000164821460C2251430D186A680026002A35
:105DA00002D1AA68002A1CD0104B0222183B1B19F2
:105DB0005A700122425400212046FFF77DFE686898
:105DC000002808D0A86800280DD02046FFF7C6FE9E
:105DD000002808D0002631462046FFF73FFE00206D
:105DE00070BD122070BD0126F5E70000BCA3FF1FA7
:105DF000F3B5184E002481B0074601252846A0407F
:105E0000384223D00299084000D001200090E0B22F
:105E1000009900F021F80C206043801941688068E7
:105E200000290ED0002807D00098002802D00021B9
:105E3000E0B203E00121FBE7E0B20121FFF70EFE33
:105E400004E0002802D0E0B20021F7E7641C172C20
:105E5000D4DBFEBDBCA3FF1F074A0C2343439B18A2
:105E60005A68002A01D0012904D09A68002A02D079
:105E7000002900D110477047BCA3FF1F70B505462D
:105E80000D4885420CD00D4C01290AD0022905D1BC
:105E90000121284600F0A0FE002802D0002020703A
:105EA00070BD064928460831FBF7DEFC2078002843
:105EB000F6D0FAF719FA70BDFEFF0000DC7DFF1F77
:105EC00070B505460D4885420CD00D4C01290AD00D
:105ED000022905D10121284600F07EFE002802D0CB
:105EE0000020207070BD06492846891CFBF7BCFCC9
:105EF00020780028F6D0FAF7F7F970BDFEFF000011
:105F0000C480FF1FF0B5304B044601209D44800241
:105F1000810002AD01902846FAF7DAF9A007010DD9
:105F20002A48A7020818009029483E1829480078F6
:105F3000002831D0002C02D10098FAF79FF92548AB
:105F40000F30FAF789F9B0422AD9A00714D1002CF2
:105F500012D001242403301B0646FAF78FF922469B
:105F600029460098FAF7C6F9224629463046FAF73C
:105F7000C7F90098FAF782F929463846019A01F0E4
:105F800029FD154A28460199FDF72AFA2946019A62
:105F90000098FAF7B5F901200B4B5B429D44F0BD28
:105FA000340B24032046FAF769F9012636033246FA
:105FB00029460648FAF79EF9324629462046FAF75E
:105FC0009FF90020E8E70000F4EFFFFF00F0031165
:105FD00000400211ABA9FF1FE47EFF1FF7B5A0B080
:105FE0000024209801F0F6FF209903281FD012A06A
:105FF000FDF7DEF915480021024680326D4613791F
:106000000BE04E003618B688209FBE4203D06700D2
:10601000641CEE53E4B2491CC9B28B42F1D814712E
:1060200022462946001DFAF703F823B0F0BD08A068
:10603000FDF7BEF9F9E70000577269746520256421
:1060400020537563636573730A2000000CA9FF1F5A
:106050005772697465202564204552520A20000059
:10606000F8B5164E054670883446281A03B28034B7
:10607000012B16DB09E027795B1E1BB27F00E81AB3
:10608000BF19B8802079401C2071012BF3DC284611
:1060900001F0A0FF0328294604D00948FDF788F93C
:1060A0007580F8BD06481830FDF782F92079400068
:1060B000801985802079401C2071F8BD0CA9FF1F34
:1060C0003860021110B50A4C6069002801D0FAF757
:1060D00015F82069002801D0FAF710F8A069002807
:1060E00001D0FAF70BF8002020616061A06110BDBB
:1060F000F87EFF1F70B5134CFF252069013500287D
:1061000003D12846F9F7E8FF20616069002803D130
:106110002846F9F7E1FF6061206900280DD0616928
:1061200000290AD02A460021F9F79AFF2A460021C1
:106130006069F9F795FF0C2070BD03A0FDF738F9F1
:106140000D2070BDF87EFF1F686561705F6461742B
:10615000615F696E6974206572722121210A0000F5
:1061600010B501210D20FFF7A7FC01210E20FFF73C
:10617000A3FC01210D20FFF7CFFC01210E20FFF72A
:10618000CBFC10BD08B509488368002B0CD01A78E9
:10619000694601205B1CFDF702FB002804D0007853
:1061A000C00701D0012008BD002008BDE481FF1F09
:1061B00010B503460B4A00200A214143891849883B
:1061C000002905D0401CC0B20328F5D3002010BD23
:1061D0000A21002441435454044640348818448022
:1061E000037210BDC0C0FF1F0A7802700A88120A2D
:1061F00042708A7882704A88120AC2700A790271E3
:106200008A88120A42718A798271C988090AC17121
:1062100008207047F8B505460C4648680421F9F790
:10622000C1FF217A017021890346401C090A0170CF
:10623000217841702188090A8170207A001DC2B23C
:10624000FB2A36D81C48854215D114461E460C2020
:10625000F9F77EFF01000CD0902008700220087131
:106260004D808E601548CC800078F9F74DFF0027EF
:106270001DE013271BE05C201149684344182646A3
:106280004036307E002806D008465C30416A072739
:10629000491C41620BE02146284600F095F907466B
:1062A000307E002803D121462846FAF72FF83846D9
:1062B000F8BD0220F8BD0000FEFF00002982FF1F8C
:1062C0003CC1FF1F10B50A4A00210A234B439B180B
:1062D0005C88002C06D01B79834203D10A204143FD
:1062E000881810BD491CC9B20329EED3002010BD87
:1062F000C0C0FF1F002141800170704770477CB50E
:1063000004000FD0608800280CD00025009501956E
:106310001323E188207A172200F028F8FF2060720A
:10632000658025707CBDF8B5074615460E461020E1
:10633000F9F70EFF040017D0A02020700020607035
:106340006680002D05D00C222946201DF9F770FE2D
:1063500004E00C220021201DF9F782FE2146384678
:10636000F9F7D2FE0020F8BD0120F8BDFFB581B0DD
:106370001E46174614200B9DF9F7EAFE04001AD0BA
:10638000A22020706770029860800A982071667160
:10639000002D06D020460C2229460830F9F748FE89
:1063A00005E020460C2200210830F9F759FE21466D
:1063B0000198F9F7A9FE05B0F0BD022A1CD34B786D
:1063C0000A781B02D21892B20280012A02D0022A55
:1063D00006D00FE08A78C97809025118418009E097
:1063E000CB788A781B02D21842800A79497909024F
:1063F000511881800020704701207047F8B506468B
:106400004D88002070600A790C46022A12D02901BA
:1064100060480091415A002906D0009B1F18BB68B4
:10642000002B01D0012A7DD05A486C304169491CAB
:106430004161A9E0E288042A43D3A0684378017847
:106440001B02C91889B20091C37881781B02C91850
:106450008FB2017AC079000208184F49488000992C
:10646000091D8A4220D1072F13D0052F11D0042FE8
:1064700002D0062F25D10CE046482901405A0028B9
:1064800007D02846FCF7B4F842486C300169491C33
:1064900001610098308137800321C943A068F9F772
:1064A00081FE70600020F8BD072F18D0052F16D090
:1064B000042F07D0062F12D036486C30C168491C13
:1064C000C16064E033482901405A002807D02846BB
:1064D000FCF78EF82F486C300169491C01612D4989
:1064E0002D01002048536E180098B081B7800098A5
:1064F000FCF7E2F8B060002818D00321C943A06877
:10650000F9F750FEE2880146224F121FB068F9F7F2
:106510008FFD785BE1884018001F785338466C3057
:10652000016800E008E0491C016030E019486C3067
:106530008169491C81612AE0E2888918009A89B240
:106540008152BA8991421AD80546B868E288401843
:10655000801AA168F9F76CFD0098295AB889814220
:1065600015D13081B8883080B868706000990020FB
:10657000685208486C304168491C416007E0054892
:106580006C308168491C81602846FCF731F8012095
:10659000F8BD00002CC1FF1F3A82FF1F022A01D064
:1065A000012070470A7849780902511801800020BB
:1065B00070470A7802704A7842708A78C97809026E
:1065C0005118418070470000FFB50C4607463D4911
:1065D000A1208000096878434018FF30C130067E52
:1065E00089B015463846FAF753FA001DB04204D276
:1065F0003846FAF74DFA001DC6B2B54207D82A460A
:10660000002138460C9BF9F787FE0DB0F0BD3146EE
:106610002846F9F715FE2746403738740C9961650E
:1066200001467143691AC9B202910C990491029909
:10663000002901D0401C3874002523E0029900296C
:1066400004D0401EA84201D1084600E03046E900CF
:10665000059103916054FBF763FF039909194860A2
:1066600000281BD00599625C0499F9F7E1FC0598B4
:10667000215C0498081804901348C169491C6D1CDA
:10668000EDB2C161387CA842D8D8606D002803D033
:10669000F9F77CFD002060650020B6E70020387423
:1066A0000646606506E0F00000194068F9F76EFDE7
:1066B000761CF6B2AE42F6D30348C16A491CC162E9
:1066C0001320A2E73409FF1F98C1FF1FF7B586B05A
:1066D00016460D464878FFF7F5FD040010D0002758
:1066E00027712878012802D0132809D105E06A888B
:1066F000314602A8FFF761FE0AE02078032802D0A5
:10670000002009B0F0BD6A88314602A8FFF746FFB5
:106710000646204600F046F902A8019000972B7823
:10672000207A32460699FFF721FE2046FFF7E2FD68
:106730003046E6E7FEB50446468801466846FFF760
:106740005DFE0546019800282FD068460088052880
:1067500006D0042809D0062807D0072805D026E04F
:106760006946304600F030F821E0810015480818ED
:1067700001464039098E002919D02038807C6A46AC
:106780003146FFF7D0FD002811D168460088042863
:1067900003D001213046FBF7C7FE012D04D1A068CC
:1067A000002801D0F9F7F2FCFEBD012D04D1A0684C
:1067B000002801D0F9F7EAFC01213046FBF7B4FECE
:1067C000FEBD0000B0C0FF1F30B50546088987B088
:1067D0000C46042817D302A86168FFF7EAFE684652
:1067E0004089172837D82189001D81421ED168466B
:1067F000007AC10709D0626802A92846121DFFF776
:1068000065FF002812D107B030BD6168091D12284C
:1068100005D0002069460880497A6A4622E0684629
:10682000428903A8FBF7B0FE002803D02846FFF7F3
:1068300065FDE8E70D4881880029E4D06946497A7A
:1068400003AA0192009169460B7A807900222946B9
:10685000FFF78CFDD7E701216846018017214180B1
:10686000417A6A462846FBF743FECCE7B0C0FF1FDB
:1068700070B5144C00262680A681A680A0683546F7
:10688000002802D0F9F782FCA5600E4C1034204697
:106890004030057445740576606D002802D0F9F724
:1068A00075FC65655C20002546433419E800201816
:1068B0004068002801D0F9F769FC6D1C0A2DF5DB52
:1068C00070BD00002CC1FF1FFFB589B015460E46F4
:1068D0001720129FFBF7F0FE040021D068460670D7
:1068E0004570002F03D0201D0C99B84700E0002010
:1068F00069464880267065704888A070010AE1707A
:10690000052269468A82001D0694888305A9099894
:10691000FFF780FC050004D02046F9F737FC00E0C3
:10692000132528460DB0F0BDFFB581B01E460546C3
:1069300001210A9F0B9C00F04FF9002811D020463E
:10694000FFF736FC00280AD0C580044607701248BD
:106950004178491C0A06120E427004D005E0152544
:106960000FE014250DE001224270227100962846A6
:10697000039B0299FFF7A8FF050005D02046FFF70B
:10698000B9FC284605B0F0BD23462146034A093329
:106990000348F9F791FCF4E73A82FF1F30750000D5
:1069A000FF62021110B50446407AF9F78BFCFF2014
:1069B000607210BD3FB500236A469C0005595B1C00
:1069C0001551042BF9DB8B0715D0CB179B0F5B18E8
:1069D0009B089B00C91A00238C009D001459445148
:1069E000491CCC17A40F6418A408A400091B5B1C45
:1069F000042BF1DB3FBD0021EDE710B500240F2291
:106A0000835C5B0023438B54835C521EDC0952B2CF
:106A1000002AF5DA10BD0000FFB581B01E4617460A
:106A20000D46084600F04AF8002802D0112005B0B3
:106A3000F0BD0E4800F042F8040015D00A98A0718D
:106A40000622E01D0B99F9F7F3FA6580277166714C
:106A500001982070002060620C98E0810021284697
:106A600001F00EFA0020E2E71520E0E7FFFF00004A
:106A700070B514460D46064600F020F800280BD0ED
:106A8000416A007900290CD0C20611D580070AD4CA
:106A9000002C08D0052070BD074886420AD014207B
:106AA00070BDC006F6D5887EA84203D20C2070BD0A
:106AB0000F2070BD002070BDFEFF0000084A0021BD
:106AC00028234B439B185B88834203D128204143F2
:106AD00088187047491C0906090EF1D0002070473C
:106AE000E0C0FF1F30B50B4C0B4B002128224A435E
:106AF000D5186D88A54206D09A5C824203D1282021
:106B00004143C81830BD491C0906090EEED00020CB
:106B100030BD0000FFFF0000E0C0FF1F10B50020E7
:106B20000B4C0C4B014628224243D2185480401C87
:106B3000117100065162000EF5D0064A002028327D
:106B40008300401CC0B2D1500528F9D310BD00000D
:106B5000FFFF0000E0C0FF1F0020074A0146282376
:106B60004B439B181B79002B01D0401CC0B2491C21
:106B70000906090EF3D07047E0C0FF1F074A002145
:106B80008B00D358002B05D0491CC9B20529F7D377
:106B900013207047890050500020704708C1FF1F24
:106BA00010B5FFF78BFF040013D06088012101F0BE
:106BB00067F9606A002801D0F9F7A0FA28220021BD
:106BC0002046F9F74DFA0020C04360800020207174
:106BD00010BD022010BD000010B50C4606498842C9
:106BE00006D0FFF76BFF002804D00079204201D0C7
:106BF000012010BD002010BDFEFF000038B50D487B
:106C0000446B2006010F22050B482303120F41702D
:106C10001B0E82702402C370240F047105D06034EF
:106C200006A00094FCF7C4FB38BD0CA0FCF7C0FB29
:106C300038BD000000F000403CC0FF1F4F54412011
:106C4000426F6F742056657273696F6E3A202564C7
:106C50002E25642E256425630A0000004F54412030
:106C6000426F6F742056657273696F6E3A202564A7
:106C70002E25642E25640A00F7B5064686B000204E
:106C800004900390079810E125290AD0049900295F
:106C900001D0039802E0049000200390401C039070
:106CA00000E10398002805D081B20498B047002085
:106CB0000490039000250422082310210798401C0B
:106CC000079000782B2819D004DC202818D023281E
:106CD00004D117E02D280FD0302815D0079A0027AF
:106CE0001078FF430346303B3C46092B0FD807A8DA
:106CF00001F092FA044615E00D43DFE71543DDE7A6
:106D00001D43DBE7202000E001200543D6E72A28C9
:106D100008D1521C0898079210C80890002C01DA7C
:106D200064420D43079938460A782E2A14D1491C2B
:106D3000079108780246303A092A03D807A801F0DB
:106D40006BFA06E02A2806D1491C0791089901C967
:106D50000891002800DA0020079A39461778682F32
:106D600003D06C2F01D04C2F02D1521C3946079210
:106D7000079B0A221B786E2B2CD00CDC632B2AD0AD
:106D800004DC412B26D0582B11D19BE0642B01D081
:106D9000692B0CD19AE0732B3DD004DC6F2B77D09C
:106DA000702B04D164E0752B73D0782B6FD0252B1A
:106DB00009D0252069460872012102A8B04707982A
:106DC0000178002975D0079869460078087201217A
:106DD00002A8B04766E0E80609D42025641E002C0E
:106DE00005DD68460572012102A8B047F6E708985C
:106DF0006A4601781172001D0890012102A8B0476F
:106E0000202504E068460572012102A8B047641EEF
:106E1000002CF7DC46E0089A02CA0892009100298B
:106E200001D12DA100910A4600E0491C0B78002BEE
:106E300001D0401EF9D28F1AE8060AD42025204638
:106E4000641EB84205DD68460572012102A8B047FC
:106E5000F5E7B9B20098B047202504E0684605720E
:106E6000012102A8B0472046641EB842F6DC19E0B2
:106E7000611C02D1082401210D430090089801955E
:106E800002C823461022089009E001E001E01BE05F
:106E90000822089B02CB08930195009023463046B8
:106EA00000F036F80798401C07900178002901D0BF
:106EB000EAE60EE00398002802D081B20498B047B9
:106EC00009B0F0BD402215431022E2E702231D4322
:106ED000DFE7401E0790E5E73C4E554C4C3E000076
:106EE00070B50D460646002405E0315D05A0FCF7AF
:106EF0005FFA641CA4B2AC42F7D304A0FCF758FAC2
:106F000070BD000025303258200000000A0000004B
:106F1000FFB50746574897B0219D006815901E465B
:106F20000A46680602D5534840681590E80601D520
:106F30006D086D001998801E232870D2E80701D0D3
:106F4000302100E0202110A8017300210172A80760
:106F500010D5002A04DA2D2010A90872524208E048
:106F6000680701D52B2002E0280703D5202010A9AF
:106F700008725E1EA80608D51998102802D00828A5
:106F800002D002E0B61E00E0761E0024002A14D0D3
:106F900010461999F9F754F9159A525C01A90A5546
:106FA000641C0200F4D12098844200DD20942098D3
:106FB000361A112005420BD00EE0302069460871C8
:106FC0000124F0E720206946087001216846B8478F
:106FD0003046761E0028F5DC10A8007A002802D082
:106FE000012112A8B847A80616D51998082802D07A
:106FF000102802D010E0302009E0302069460870E7
:1070000001216846B8471B4800682030407869462F
:10701000087001216846B847E80604D507E027E074
:10702000012113A8B8473046761E0028F8DC302529
:107030002099481E2090A1420BDD68460570012171
:10704000B847F5E7285D6946087001216846B847EA
:1070500000E001AD2046641E0028F3DC2024304609
:10706000761E002804DD684604700121B847F6E763
:107070001BB0F0BD887CFF1F034800214170817068
:107080000121C17070470000F87EFF1F70B50C46EB
:10709000022505A0FCF78CF9207AC00601D508204E
:1070A00070BD284670BD0000526561644174747201
:1070B00043420A0070B50C46022505A0FCF778F99A
:1070C000207AC00601D5082070BD284670BD00009A
:1070D000526561644174747243420A00FEB50C4605
:1070E0001646097A0025089A1F46890601D5082008
:1070F000FEBD2178022912D017A0FCF759F91749D3
:107100006089498D884204D014494031498F8842B2
:1071100003D1F9B2304600F09FF92846FEBD616800
:107120000B784978090259180D4B89B29942F4D16C
:10713000012100920191FBB232462146FAF7ACFBE5
:107140000500EAD1717830780902401881B205A0B3
:10715000FCF72EF9E1E700000A000000EC7DFF1FBC
:107160000229000043434344207365743A205B25A1
:10717000645D0A00FEB50C461646097A0025089A99
:107180001F46890601D50820FEBD217802290ED0B0
:10719000618919A0FCF70CF919496089498D884269
:1071A00003D1F9B2304600F0D9FA2846FEBD616835
:1071B0000B78497809025918124B89B29942F4D1D7
:1071C000012100920191FBB232462146FAF764FB9D
:1071D0000500EAD1717830780902401884B221465E
:1071E00009A0FCF7E5F8012C03D000200A4908703B
:1071F000DBE70120FAE7000057523A25640A000055
:10720000D080FF1F0229000043434344207365746C
:107210003A205B25645D0A00DCBFFF1F70B50546A0
:107220000A48FFF7ABFC0A490A48FAF71DFB084871
:10723000094A08210830FAF7D5FC040007484560E0
:1072400002D007A0FCF7B4F8204670BD7D5E0211A5
:10725000E47DFF1FFFFF00000C9E0211DC7DFF1F7D
:10726000416464204F5441207365727669636520E0
:107270006661696C6564210A0000000010B50B4866
:10728000FFF77CFCFFF7BAFC09490A48FAF7ECFA69
:107290000748094A06210A30FAF7A4FC040002D084
:1072A00006A0FCF785F8204610BD0000C15E021163
:1072B000C680FF1FFFFF000018A90211416464206F
:1072C0004F54412073657276696365206661696C0D
:1072D0006564210A0000000070B50E4D04460A22C4
:1072E00040216879F8F7D4FE0320032C04D0022C47
:1072F00006D0002C06D00AE032222871042103E0D7
:10730000287104E05A2208216879F8F7C1FE0020AC
:1073100070BD0000787EFF1F10B515210020F9F721
:1073200001F8FF20F530F9F703F810BD70B588B00B
:107330000546344C0300F8F78DFE065D04405D5DA4
:10734000595D31A0FCF734F80020009001900290C4
:10735000694603900874C12005A98000F9F74EFD25
:107360002F48FBF771FF01460E226846F8F760FED2
:1073700024486E4605222730B11DF8F759FE2148F2
:107380000522B11D5F30F8F753FE1E4A61201C3202
:107390001C21C000F9F79AFE1A4A1121563200202A
:1073A000FAF7F0FE04AA01211E48F9F78FFE012129
:1073B000C9026079F8F778FE1CE01BA0FBF7F8FF24
:1073C000FBF772FF03202071C82202216079F8F7D1
:1073D00089FE40216079F8F761FE08216079F8F7AD
:1073E0005DFE04216079F8F759FE03E00021607921
:1073F000F8F7A4FF6570294612A0FBF7D9FF08B083
:1074000070BD0000787EFF1F535441525420474105
:1074100050524F4C455F5354415254454400000074
:1074200000C001110503000053544152542047414C
:1074300050524F4C455F4144564552544953494E72
:10744000470000005B47415020524F4C45202564C7
:107450005D0A000070470000F0B5C9B00C46054653
:107460000026882102A8F8F733FF002046904790B5
:1074700040A948900875852C7ED8611E6846018118
:107480002946224602AD0A30F8F7D2FD214683A0F4
:10749000FBF78EFF6846807A824C31280BD0322869
:1074A00044D0332875D006227FA146A8F8F7C0FD46
:1074B000062146A869E000217D48FEF707F97DA076
:1074C000FBF776FF0A217A48F8F73EFF7EA0FBF72C
:1074D0006FFF0A21E81CF8F737FF6846817D427D7F
:1074E00008021043010A0002014368464175090A77
:1074F000817505A907220131F8F730FE019900983E
:10750000F8F728FF0A226A49E81CF8F729FF002843
:1075100007D00A22E91C6648F8F728FF06216EA06A
:1075200033E006216EA000F0BFFC67E06846017BF7
:10753000C27A08021043010A000201435C4C89B27E
:107540000A3421806846027CC07B00900192684624
:10755000837B427B64A0FBF72BFF21888020FCF714
:1075600051F8012140A801756846017CC07B00905C
:1075700001916846837B01E009E00AE0427B45A96E
:10758000002002F075F9022163A000F08DFC49B0E3
:10759000F0BD6846017BC27A0802104347BA3946FB
:1075A0005EA0FBF705FF42480A3041885FA0FBF769
:1075B000FFFE3F480A300088B8425BD23C4D8A3516
:1075C0002F79002F1FD07C2126A8F8F781FE5C4977
:1075D00003C9259124906078052801D2402F26D335
:1075E00058A0FBF7E5FE022140A80175002000909D
:1075F0000346024645A9019002F03AF940A86168A5
:10760000007D8847C3E7032140A801750025009548
:107610002B462A4645A92648019502F029F9244817
:107620008E2200210C30F8F71BFD6570E6E77A002A
:107630001F4F25A80A37391DF8F7FAFC28794000B2
:10764000001DC1B224A800F02FFC07E07000C01993
:10765000818841A0FBF7ACFE761CB6B22879B04217
:10766000F4D831A0FBF7A4FEB88878806078401C7D
:1076700060708CE7607800286846008906D0801E1C
:1076800082B2691D3846FEF7A9FC80E7801E82B2EF
:10769000691D3846FEF7E4FC79E700004C656E3A58
:1076A00025640A00DC7DFF1F4E4F5F434D44000000
:1076B00002A9FF1F4C6F636174696F6E205665727B
:1076C00073696F6E20000000436C6F75642056650F
:1076D0007273696F6E200000557064617461000000
:1076E0004E6577657374000073697A653A202530BA
:1076F00032582C204B3A20253032582C20433A2047
:10770000253032582C204D3A20253032582C205923
:107710003A20253032580A004F4B0000506167650F
:10772000204E756D3A2025640A0000004C61737488
:107730002050616765204E756D3A2025640A00006F
:10774000049E0211446F776E6C6F61642046696C11
:1077500065204552520A000025642C00F3B58FB015
:107760000746002608A806741098142833D8024645
:10777000394607A8F8F75CFC6846017F634C07AD03
:10778000204611300190203000900B00F8F762FC89
:1077900008BB052C28BB5A7798BB5D4C78782670BF
:1077A00000F000FD0006000E08A9087415D110981D
:1077B000032803D0FFF7B0FDF8F796FDB87801284D
:1077C00003D0FFF7A9FDF8F78FFD01210CA800F009
:1077D000A7FB0120207011B0F0BD01210CA82EE004
:1077E000052008A90874F8E71422002102A8F8F778
:1077F00037FC6846067202ACC1208000611CF9F7B4
:10780000FDFA42486030017900290AD0C27860311F
:1078100001910092837842783EA1E01DF8F7FEFCCA
:1078200007E0C1780091837842783DA1E01DF8F728
:10783000F5FCE01DF8F7A0FD0830C1B202A800F089
:107840006FFBC8E710220021F8F70AFC1022691C20
:107850000098F8F7EDFB1021601CF8F793FD2B481A
:107860001022213000210546F8F7FAFB2A46611C58
:107870002E48F8F7D7FB10222946712018E0102275
:1078800000210198F8F7ECFB1022691C0198F8F729
:10789000CFFB02AA25480199F8F7C4FB102202A8E1
:1078A0000099F8F7D1FB002805D01022611C722046
:1078B00000F04DFB8FE7FFF72FFDF8F715FD8AE786
:1078C00012481022413000210646F8F7C9FB102269
:1078D000691C3046F8F7ACFB02AA611C0198F8F766
:1078E000A1FB0A4A02A9513214461048F8F79AFB44
:1078F000102231462046F8F7A7FB0028DBD01022E3
:1079000021467320D4E769206BE70000DCBFFF1F2E
:10791000C480FF1F5625642E25642E256425630030
:107920005625642E25642E256400000084C0FF1FA8
:10793000FEB50E4621A10968009120A10968204CDE
:10794000054601912078002803D100F037FC012082
:107950002070022E00D90226002401AFF8F718FD8E
:107960003146F8F71BFDC8B2B44213D269460A5C2F
:10797000FF2A03D02A55FF220A5412E0401CC0B24D
:10798000B042F4D10020F2E7F8F702FD3146F8F7F3
:1079900005FDC8B22A19203A395CD27F9142F3D052
:1079A0002955295D07A0FBF703FD641CE4B2022CF6
:1079B000D4D307A0FBF7FCFCFEBD000001020000D1
:1079C000F47EFF1F534E203A202564200000000063
:1079D0000A00000070B50D460446164600212846F0
:1079E000F8F73EFB08482418084884420AD8214684
:1079F00007A0FBF7DDFC324629462046F8F77AFC63
:107A0000002800D0032070BD0040021100F00311D7
:107A1000524541445F464C4153483A20253038583E
:107A200020200A0070B5084C0D460646214607A0E6
:107A3000FBF7BEFC2A4631462046F8F75BFC0028DF
:107A400000D0032070BD000000E00011466C61739F
:107A50006820414444523A20253038580A0000003A
:107A6000F0B5FFB0FF2486B00E460746013421462C
:107A700003A8F8F72DFC214645A8F8F729FC224673
:107A8000584C00216069F8F7EBFA7878694608737A
:107A9000002003ADF11E04E03A182B18D2785A707A
:107AA000401C8842F8DBB11E2846FAF7AFFB0146BE
:107AB000002002E03A5C2A54401CB042FADB080A7B
:107AC000A855A8194170142103A801F08FFF0027C1
:107AD000B61C0FE0FF20F530F9F787F938467F1C18
:107AE000FFB2142806D340A0FBF762FC01207FB050
:107AF00006B0F0BDF2B203A92079FAF75FFC0028C6
:107B0000E8D10026FF27F5370DE03846F9F76DF983
:107B10003046761CF6B2142805D3022102A801F0E3
:107B200065FF36A019E0022302AA80212079FAF726
:107B3000ABFB0028E9D1022102A801F057FF6846FB
:107B4000407AE07100260CE03846F9F74EF93046ED
:107B5000761CF6B2142804D32DA0FBF729FC0220D2
:107B6000C5E7E37945AA82212079FAF78DFB002841
:107B7000EAD1E17945A801F039FFE179022904D27F
:107B800028A0FBF715FC0320B1E76846027A0273D0
:107B9000002045AE8A1E03E0335C2F187B70401C2A
:107BA0009042F9DB03A8491EFAF730FBE279B118DD
:107BB00020398B7FC97F1B02591889B2884204D0B3
:107BC0001FA0FBF7F5FB042091E70020616902E0AC
:107BD000335C0B54401C9042FADB0CA0FBF7E8FB33
:107BE000002084E7F87EFF1F7265616420636D6486
:107BF0002064617461206572720A000072656164BC
:107C00002038302064617461206572720A000000BF
:107C1000726561642038322064617461206572721B
:107C20000A000000446174615F52656365697665AE
:107C30005F4661696C65645F31212121200A000083
:107C4000446174615F526563656976655F46616929
:107C50006C65645F32212121200A0000F7B5FFB076
:107C6000FF2487B00E4607460134214603A8F8F7E3
:107C70002FFB214645A8F8F72BFB2246604C00213C
:107C80006069F8F7EDF9787869460873002003AD6C
:107C9000F11E04E03A182B18D2785A70401C884222
:107CA000F8DBB11E2846FAF7B1FA0146002002E0DF
:107CB0003A5C2A54401CB042FADB080AA855A819BD
:107CC00041700027B11C03A801F090FEB61C0FE024
:107CD000FF20F530F9F789F838467F1CFFB21428E9
:107CE00006D348A0FBF764FB01207FB00AB0F0BDCB
:107CF000F2B203A92079FAF761FB0028E8D188984D
:107D0000F9F767F80026802143A0FBF751FBFF2716
:107D1000F53710E03846F9F768F83046761CF6B2C9
:107D2000142808D33EA0FBF743FB022102A801F070
:107D30005DFE0220D9E7022302AA80212079FAF70A
:107D4000A3FA0028E6D1022102A801F04FFE6846FE
:107D5000407AE071002682212FA0FBF729FB10E07A
:107D60003846F9F742F83046761CF6B2142808D3A4
:107D7000E17902A801F03AFE2EA0FBF719FB0320DF
:107D8000B3E7E37945AA82212079FAF77DFA002842
:107D9000E6D1E17902A801F029FEE179022904D2B5
:107DA00029A0FBF705FB04209FE76846027A0273CF
:107DB000002045AE8A1E03E0335C2F187B70401C08
:107DC0009042F9DB03A8491EFAF720FAE17972180C
:107DD000203A937FD27F1B029A1892B2904204D02D
:107DE00020A0FBF7E5FA05207FE70020626902E0AA
:107DF000335C1354401C8842FADB002075E7000016
:107E0000F87EFF1F7265616420636D642064617495
:107E100061206572720A0000253032580A000000A5
:107E2000726561642038302064617461206572720B
:107E30000A00000072656164203832206461746158
:107E4000206572720A000000446174615F526563CC
:107E5000656976655F4661696C6564312121212021
:107E60000A000000446174615F526563656976656C
:107E70005F4661696C656432212121200A0000009F
:107E8000F8B5084D0E4607460024A0002A58002ADF
:107E900002D0314638469047641CE4B2052CF4D336
:107EA000F8BD000008C1FF1F30B5BFB00C46054645
:107EB000F822002101A8F8F7D3F86A46D4802246B8
:107EC000294601AC02A8F8F7B3F8211D0EA0FBF774
:107ED0006FFA69460F48F8F791FF6A460E49108815
:107EE000F9F778FE6A4613880C498B420AD0C0071E
:107EF00008D0094821464830408990800022184621
:107F0000FAF706F83FB030BD7273703A2025730A55
:107F1000000000000E030000E47DFF1FFFFF0000D3
:107F200030B5BFB00C460546F82200216846F8F788
:107F300097F8142C09D8684644802246294601A89F
:107F4000F8F776F8684600F0F1F83FB030BD70B54C
:107F5000BEB015460E460446F82200216846F8F7E2
:107F60007FF8142D0CD8681C694648800C7101A854
:107F70002A4631460130F8F75BF8684600F0D6F83B
:107F80003EB070BD3FB500226B4694000559521CAF
:107F90001D51042AF9DB8A0711D0CA17920F521813
:107FA00092089200891A0322511A8C0095001C59DC
:107FB0004451491E00D20321521EF6D53FBD002177
:107FC000F1E710B5144609181A462046F8F730F8BC
:107FD000002010BDC00110B5803880B201F072FEE3
:107FE00010BD0000FFB581B00298FEF767FD0400E8
:107FF00069D00298354986008A59002A63D0136AED
:108000001820002B00D03420936A002B00D01430AD
:10801000049B002B00D01C30516A002900D0163080
:10802000F8F796F805004ED018220021F8F718F856
:108030002620F9F7F1F9070000D12778D020287021
:10804000019868700A20A8700298A8800398A87107
:108050001E482C4680591834006A002808D01B4955
:10806000AC60895920461C34096A1C22F7F7E0FFEE
:1080700016488059806A002808D01449EC60895954
:1080800020461434896A1422F7F7D2FF0498002896
:1080900006D02C6120461C341C220499F7F7C8FF37
:1080A0000A488159496A002906D06C618059162214
:1080B000416A2046F7F7BCFFF8B22946F8F724F8E2
:1080C0000298FBF79DFB05B0F0BD0000DC81FF1FAF
:1080D000FFB581B01D46174614200E9EF8F738F8FC
:1080E000040020D0D0202070019860700520A0707E
:1080F000E770002D05D006222946201DF7F798FFCE
:1081000004E006220021201DF7F7AAFF0A986081EB
:108110000B98A0810C98E0810D982082A6742146CE
:108120000298F7F7F1FF05B0F0BD000038B504463E
:1081300069460E48F8F762FE6A460D491088F9F75D
:1081400049FD6A4611880B4A91420CD0C0070AD0FB
:10815000074800224A30408920806846214600882E
:10816000F9F7D6FE38BD122038BD00000E0300001E
:10817000C680FF1FFFFF0000F8B506461C461546E7
:108180000F460820F7F7E4FF010009D0D02008705F
:108190004E70062088708D808C713846F7F7B4FFDA
:1081A000F8BD0000032803D9062801D00620704737
:1081B000014948630020704700F0004010B58EB0C0
:1081C0006846F8F7F1F86846807902906846407989
:1081D00003906846007904906846C0780590684628
:1081E00080780B49401E069068460088401807902A
:1081F000C8120A9002A8F8F7DDF80446014605A067
:10820000FBF7D6F82046F8F7DBF820460EB010BD95
:1082100094F8FFFF25640A000146002006E0531C85
:108220000B600A2312785843303810180A68137804
:10823000303B092BF3D97047007841078207C90FFB
:10824000920F89000006C00E1143C000084370471A
:1082500001468A0008491020895800290AD00A6A74
:10826000002A07D08968002904D0107A097E884244
:1082700000D30846704700004482FF1F10B5024635
:10828000014620321031F8F7A1F810BD10B5F8F70B
:108290009DF810BD7FB50D46044681000948405841
:1082A00000280ED0014668314EC903966E460EC6B0
:1082B000037FC28801782846FBF710FB204600F0B8
:1082C00003F87FBD4482FF1F70B5044600F0BEFC7A
:1082D000A500134C6059002821D0006A002801D065
:1082E000F7F70CFF6059806E002801D0F7F706FF02
:1082F0006059C06E002801D0F7F700FF6059006F89
:10830000002801D0F7F7FAFE6059406F002801D02D
:10831000F7F7F4FE6059F7F7F1FE0020605170BDE9
:108320004482FF1F7FB5084D8400295910226846FA
:108330002531F7F77DFE2859044BC0886A46112184
:1083400000F014FC04B070BD4482FF1F9190021134
:108350007FB50C4C85006159002910D0694600F0AA
:1083600029FC60590178C088002901D0064B00E043
:10837000064B6A46072100F0F9FB04B070BD0120EE
:10838000FBE700004482FF1FED9002117F91021174
:1083900070B50D46064600240AE0F8F71DF8010AFC
:1083A0003155641CE4B2AC4202D23055641CE4B2D4
:1083B000AC42F2D370BD00007FB5084D840029594E
:1083C000102268463531F7F733FE2859044BC08830
:1083D0006A46112100F0CAFB04B070BD4482FF1F41
:1083E000CB90021110B5064A8300D258002A06D05D
:1083F000D288824203D1012901D1FFF765FF10BD68
:108400004482FF1F70B50E4C064685006059002857
:1084100013D000782146002810D08868002804D0A6
:108420004168002901D030468847605940781228B9
:1084300003D100213046FFF72DFF70BD4868EDE7FE
:108440004482FF1F10B50A46024B112100F08EFB3B
:1084500010BD0000F98F02111CB504466846134692
:10846000017006221946401CF7F7E2FD034B6A46ED
:108470000821204600F07AFB1CBD00001B90021171
:1084800010B50A46024B112100F070FB10BD000030
:108490004190021110B586B004466846134601802B
:1084A00008221946801CF7F7C3FD044B6A460B21CE
:1084B000204600F05BFB06B010BD00006390021187
:1084C00010B50A46024B112100F050FB10BD000010
:1084D0008D91021130B587B00446002069460875B9
:1084E000A06805782B00F7F7B5FD0C2C07070F12D5
:1084F00015181B1E2124272C00F0CAFE12281DD19E
:1085000006206946087529E000F094FE16E000F0A8
:10851000B0FE13E000F09DFE10E000F048FE0DE01C
:1085200000F074FE0AE000F062FE07E000F04EFE8C
:1085300004E000F025FF01E000F014FF002802D065
:1085400008E00720DEE760886A46294600F028FF39
:10855000694608756846007D002805D0608805A931
:1085600000F0F2FA07B030BD608800F043FBF9E795
:10857000F8B52B4D06468700E8590C46002807D071
:10858000C188B14204D14178062904D0112930D0E4
:10859000002C36D03EE002782149002A25D083689D
:1085A000026A5B69DC0704D0147BE40701D0072171
:1085B00005E09C0705D5147BA40702D5092141706D
:1085C0002CE05B0704D5127B520701D50B21F6E79F
:1085D0008868002822D0416800291FD0304688478B
:1085E000E8594078122802D018E04868F1E70021E5
:1085F00003E0002C00D0322421463046FFF74AFE2B
:108600000CE03046FEF75AFA002803D00179102218
:108610001143017131462046FBF7AAFE0120F8BD47
:108620004482FF1F70B501780124922902D0A0294D
:1086300019D130E041780E2902D03E2913D10BE048
:1086400081881A4AD14205D18068411C007800F027
:1086500033F81EE000201CE0014680780124052844
:1086600003D0082811D000241DE0114800784007ED
:1086700019D510480068002815D08368002B12D047
:10868000CA898888891D984703E088888979FFF717
:108690006FFF044607E00546FFF71CFFA8680028A7
:1086A00001D0F7F773FD204670BD0000E8DFFFFF43
:1086B0007381FF1F4882FF1F70B51D4C054620685F
:1086C000002825D0002D06D10278002A21D00822CA
:1086D0000A30F7F7ADFC20682E46002817D012208C
:1086E000F7F736FD05000DD0C12028706E702168A7
:1086F0001022A81C891CF7F79BFC206829464078AB
:10870000F7F702FD2068F7F7F9FC00202060012050
:1087100070BD0822801CF7F78BFCF7F763FE00287A
:1087200001D00125D7E7216801200870EFE700009C
:108730004082FF1F01494860704700004482FF1FCC
:10874000F7B588B016460446102200216846F7F7B0
:1087500087FC334DA700E859002835D0C188A142D5
:1087600032D1017800292FD14278062A0FD0816EAC
:10877000002929D0088A112A19D0B04224D1082210
:1087800012310998F7F760FC01283CD01CE0024642
:1087900001465532353104AB0C3000F000FC0028A6
:1087A00012D12046FFF754FD024604A930E0B04242
:1087B00006D1082212310998F7F746FC01281BD090
:1087C00032212046FFF766FD2046FEF777F90500C7
:1087D0000CD0696A002909D0088AB04206D1082263
:1087E00012310998F7F730FC01280FD02046F7F72F
:1087F000FFFD01200BB0F0BD2046FFF729FDE95930
:108800000246896E04E0E859816E00E0696A8A7E5A
:108810006846F7F70DFC20466946F7F7EFFDE8E7F5
:108820004482FF1FF1B582B00298694C85006059FF
:108830000178002976D141788768066A062907D031
:10884000CA1F1300F7F706FC050A48525B187200AE
:108850007969CA0706D0327BD20703D0806E002820
:1088600013D019E0880702D5307B80073ED4480733
:1088700064D5307B400761D5FBF708F86159CA8899
:1088800001461046FFF71CFE58E01C20F7F724FCB9
:1088900061590028886653D060591022866E0021E5
:1088A0003046F7F7DDFB0298FFF7D2FC0146304671
:1088B000FFF76EFDF7F790FD308230460821123049
:1088C000FFF766FD0298FFF7C3FCB07660593146AA
:1088D000C088FFF7B7FD33E0816E002932D00A4629
:1088E0001232098AC088FFF7D5FD2BE0FAF7C8FFDE
:1088F0006159CA8801461046FFF7C2FD3FE00120DA
:108900000190FAF7B7FF009001280CD000200090EA
:108910000198FAF7A1FF024660590099C088FFF755
:108920009BFD39E023E000200190F2E7072907D002
:10893000082907D0092922D00A292DD078690EE00C
:1089400008201DE07869810704D5317B890701D5AE
:10895000092015E0410721D401E00B2010E0C105FA
:1089600020D5B189C9051DD50C2061594870FEBDBF
:1089700040051ED5B08940051BD51020F5E70A201B
:10898000615948706059C088FEF798F8002812D0E5
:10899000C08941080A1810E07869DBE7317B490794
:1089A000DDD5DAE78105E3D5B1898905E0D50E206B
:1089B000DBE71220D9E7FF22F53206490298085476
:1089C00002986359091804481B1DF7F775FCFEBD92
:1089D0004482FF1F1CC1FF1F418C0211F8B50446E1
:1089E000002000900E461020F7F776FB544AA500B1
:1089F000515900280862515978D017468C681022C6
:108A00003146F7F715FB78590178002962D1026ADF
:108A10006069177B2146C307FF071431DB0FFF0F87
:108A20000C32BB4204D1C30702D00123184301E03A
:108A300040084000086017788307BF07DB0FFF0F6F
:108A4000BB4204D1830702D50223184301E002236D
:108A500098430860177843077F07DB0FFF0FBB427F
:108A600004D1430702D50423184301E004239843AB
:108A700008601788C305FF05DB0FFF0FBB4205D158
:108A8000C30503D5FF230133184302E0FF2301335D
:108A90009843086017888305BF05DB0FFF0FBB42B3
:108AA00005D1830503D501235B02184302E00123AE
:108AB0005B0298430860128843055205D70F0122D4
:108AC000DB0F9202BB4203D1430501D5104300E006
:108AD000904308607078002809D06078002806D09C
:108AE0001748052140592030017125E026E03079F2
:108AF000400708D4A07C400705D4114901204959FA
:108B00002031087118E00E4842591078002802D030
:108B10002078317801E021783078042801D80429C0
:108B200001D9182007E08B00C918064BC918085C4A
:108B300020321071002000900098F8BD1320FAE751
:108B40004482FF1FCEA9021170B50C460A460646A4
:108B5000054B022100F00AF8054621783046FFF760
:108B600099FB284670BD0000B3900211FEB5164671
:108B7000054606226846028001811C460846F9F730
:108B80009BFD019000280ED001463046A04704000E
:108B900005D169462846F9F775FD040004D001980F
:108BA000F7F7F4FA00E01324284600F023F82046F3
:108BB000FEBD000070B50D4681000D4840580028EC
:108BC0000FD08468002C0CD02078287060786870F2
:108BD000A17C281D00F054F8207E28726069E860AE
:108BE00070BD102200212846F7F73AFA70BD000048
:108BF0004482FF1FF8B504462020F8F70DFC0D4E07
:108C00000546A700F059002812D0002D10D0C078DA
:108C1000FF2804D02946F7F7F7FB002808D00648BC
:108C20002A460455F35901190448DB1CF7F744FBA5
:108C3000F8BD00004482FF1FCCC1FF1F778C0211DA
:108C400010B50078FFF7DEFB10BD000070B5064CD4
:108C500085006059002805D0C078F7F733FB6159CB
:108C6000FF20C87070BD00004482FF1F10B517219F
:108C7000FFF710FB10BD10B50078FFF7F7FF10BD30
:108C800010B502688B07920892009B0F1A434C079D
:108C900004230260002C01DA1A4300E09A43F8230F
:108CA000C9089A43C9000A43026010BDFFB587B0E6
:108CB00017461020F7F710FA01901020F7F70CFA7A
:108CC0000090019800287DD0009800287BD00246B3
:108CD00001990798FCF716FC04007ED11020F7F7E5
:108CE000FBF902901020F7F7F7F9064602980028E2
:108CF0006BD0002E7CD038460F30050902D03807E3
:108D00000CD000E001250020290110390028089826
:108D1000C9B205D04018324601991AE00120F3E7A4
:108D2000401884463A07120F002003A9802390427E
:108D300002D267463F5C04E0904201D10B5401E04F
:108D400000270F54401CC0B21028F0D3324603A8AD
:108D5000009900F0C7FF102200210298F7F780F970
:108D600000276D1E0FE038070899000E091803AAA6
:108D7000029800F0B7FF03A9029A0798FFF786FA56
:108D80007F1C04463FB2AF4202DA002CEBD011E068
:108D9000002C0FD103AA3146029800F0A3FF03A9CB
:108DA000029A0798FFF772FA0446082202990A9875
:108DB000F7F73EF90298002801D0F7F79FF9002E47
:108DC00008D004E01AE017E007E013E010E03046B6
:108DD000F7F794F90198002802D00198F7F78EF977
:108DE0000098002801D0F7F789F920460BB0F0BDB4
:108DF0001324E2E71324E2E71324EEE71324EFE75A
:108E000070B58CB015460E460446302200216846E7
:108E1000F7F726F9102221466846F7F7C9F907A89F
:108E2000032231460130F7F7C3F96846FFF726FA07
:108E300004460BA9032228460131F7F7B9F9204669
:108E40000CB070BDFFB5244D07468600A8598DB003
:108E500000281AD0C088FDF731FE040018D005A9FB
:108E60003846FFF7A7FEA8590178002912D005A9B6
:108E70000291006A0190FAF7FDFC00900020FAF7D9
:108E8000EBFC0646A779E51D12E0122011B0F0BDFB
:108E90001420FBE7006A029005A80190FAF7EAFCAB
:108EA00007460020FAF7D8FC0546A079E61D009099
:108EB00009A9019800F063F90BA9029800F016F9CE
:108EC000109804900BAB09AA0297019603950F998D
:108ED0000E9800F003F8D9E74482FF1FFFB595B064
:108EE00004461F463022002104A81E9E209DF7F74D
:108EF000B7F81022214604A8F7F75AF910220021EA
:108F00006846F7F7ADF8072268461799F7F750F962
:108F100001A8072239460330F7F74AF9002D01D09E
:108F2000012000E0002069468873002E01D0012056
:108F300000E00020C8731022002110A8F7F790F875
:108F4000062211A81F99F7F733F912A8062202305A
:108F50002199F7F72DF908A8102206461699F7F778
:108F600027F96946304600F03AF804A8FFF786F979
:108F700004460CA910220D463046F7F759F810A9FF
:108F8000304600F02CF804A8FFF778F904431022CB
:108F900029462298F7F70CF9204619B0F0BD70B5B4
:108FA0000C468CB0164601461D4610226846F7F75F
:108FB000FFF80822214604A8F7F7FAF808223146FC
:108FC00006A8F7F7F5F86846FFF758F904461022A7
:108FD000284608A9F7F7ECF820460CB070BD10B58C
:108FE000002203780C78521C63400370D2B2401CFC
:108FF000491C102AF5D310BD10B500290BD000284C
:1090000009D006220A704B1C014610221846F7F7B9
:109010000FF8002010BD022010BD10B500290DD0A2
:1090200000280BD009220A704B1C01781970411CD2
:109030000622581CF6F7FCFF002010BD022010BDD0
:1090400010B500290BD0002809D008220A704B1C4B
:10905000014610221846F6F7EBFF002010BD022053
:1090600010BD10B50346002910D0002B0ED00720EC
:109070000870481C1978017019880822090A417083
:10908000991C801CF6F7D4FF002010BD022010BDF3
:1090900010B500290BD0002809D003220A704B1C00
:1090A000014610221846F6F7C3FF002010BD02202B
:1090B00010BD002907D0002805D005220A700078CD
:1090C0004870002070470220704710B500290BD06F
:1090D000002809D004220A704B1C014610221846B1
:1090E000F6F7A6FF002010BD022010BD0A4610B5FD
:1090F0000146012000F001F810BD70B50C46002AB1
:109100003BD0002C39D0107020785070607890706F
:10911000D51C201DFFF790F82870207A6870A08970
:10912000C005C00FA870A1898905C90F490008436F
:10913000A870A1894905C90F89000843A870A189B1
:109140000904C90EC9000843A870207BC007C00FDE
:10915000E870217B8907C90F49000843E870217B2B
:109160004907C90F89000843E870217B0906C90E29
:10917000C9000843E870002070BD022070BD0A4697
:1091800010B501460220FFF7B8FF10BD10B5002949
:109190000BD0002809D00A220A704B1C014610226D
:1091A0001846F6F745FF002010BD022010BD10B58F
:1091B0000B46002808D0002B06D0411C1022184670
:1091C000F6F736FF002010BD022010BD10B50B468B
:1091D00000280AD0002B08D041781970811C062283
:1091E000581CF6F725FF002010BD022010BD10B559
:1091F0000B46002808D0002B06D0411C1022184630
:10920000F6F716FF002010BD022010BD10B50B466A
:1092100000280DD0002B0BD08278417812028918DB
:109220001980C11C0822981CF6F702FF002010BD0F
:10923000022010BD10B50B46002808D0002B06D028
:10924000411C10221846F6F7F3FE002010BD022044
:1092500010BD002809D0002907D0407808700928DF
:1092600005D8002803D0002070470220704718203E
:10927000704710B50B46002808D0002B06D0411CC3
:1092800010221846F6F7D4FE002010BD022010BDB3
:1092900070B50C4600281DD0002C1BD041782170E1
:1092A00081786170C178051D201DFFF7E9FC2878E1
:1092B00020726978FF22E06801329043CA07D20D1C
:1092C000104301228B075202AD1CE060002B03DA31
:1092D000104302E0022070BD9043214AE0604B073A
:1092E00001D5104300E090431F22D202C9089043E9
:1092F000C9020843E06029784008CA074000D20F3D
:1093000010438B070222E060002B01DA104300E0DB
:1093100090434B070422E060002B01DA104300E089
:109320009043F822C9089043C9000843E060212017
:10933000F8F772F8217A884205D82220F8F76CF8FD
:10934000217A884201D2122070BD2078042802D8E8
:109350006078012801D9182070BD002070BD000080
:109360000004000010B50A46002807D0002A05D0E6
:1093700041781046FFF784FC002010BD022010BD8C
:1093800010B50B46002808D0002B06D0411C102237
:109390001846F6F74DFE002010BD022010BD00005B
:1093A00070B515460E460724FDF788FB002807D048
:1093B00042790D49002A05D0012A09D0052070BD47
:1093C000082070BD094A127812070BD5896800E0A1
:1093D0004968002906D00B68002B03D02A46314685
:1093E00098470446204670BD4482FF1F7381FF1FCB
:1093F000F8B5124C0646850060590F4641780C2995
:109400001AD1C06E002806D11C20F6F765FE6159FE
:109410000028C86610D060591022C06E3946F6F791
:1094200007FE3046FEF714FF6159C96E8876615910
:109430000D2048700020F8BD0720F8BD4482FF1FB2
:1094400070B5104C05468600A05942780F2A01D00D
:10945000072070BD006F06221030491CF6F7E8FDAA
:10946000A0598168898A490506D5016A8989490513
:1094700002D51021417003E000212846FEF70AFFC3
:10948000002070BD4482FF1F70B50F4C85006059ED
:109490000E4641780E2901D0072070BD006F0028CC
:1094A00006D11620F6F718FE61590028086705D086
:1094B00060591022006F3146F6F7BAFD61590F204E
:1094C0004870002070BD00004482FF1FFEB50546B5
:1094D00040882A4B86009B590024002B04D0DD884D
:1094E000854214D00820FEBD01290ED11446101D5E
:1094F000FEF7A2FEE1680291217A00900191637863
:10950000227869880020FAF7BBFF0020FEBD1B7897
:10951000012B09D00B00F6F79DFD0B2E092E0D1225
:109520002A161A1E22262E000720FEBD114600F024
:10953000ABF802E0114600F055F804461CE0114675
:1095400000F076F8F9E71146FFF752FFF5E711460C
:1095500000F016F8F1E71146FFF796FFEDE7114628
:10956000FFF76EFFE9E7114600F0EAF8E5E711784A
:10957000FEF790FE00E007242046FEBD4482FF1F58
:1095800070B5174C05468600A059C26E002A02D05D
:1095900040780D2801D0072070BD08881082A0599E
:1095A0000822C06E891C1230F6F742FDA159886866
:1095B0004069820505D50A6A9289920501D50E2077
:1095C00006E0400506D5086A8089400502D51020CE
:1095D000487003E000212846FEF75CFE002070BDC5
:1095E0004482FF1FF8B5114C0746850060590026DC
:1095F00010224530F6F71CFD61594878042812D036
:109600000B460A462533353238460C31FFF71AFC33
:109610003846FEF787FE002800D00826615905204D
:1096200048703046F8BD0320FAE700004482FF1F6F
:10963000F0B5144C07468500605985B0002610220D
:109640005530F6F7F5FC61596B460A4655323846F7
:109650000C31FFF7F7FB6159102268464531F6F7E8
:10966000F3FC012803D00426304605B0F0BD38468F
:10967000FEF7A2FE002801D00826F5E76159062072
:109680004870F1E74482FF1FF8B504460026FFF753
:10969000A5F9002804D018284ED008263046F8BD79
:1096A0002046FEF755FEA500244C60598168897C50
:1096B000C90709D0016A09798907890F012903D1EE
:1096C000017F01221143017760592421095C04279D
:1096D00002291ED003291CD004291AD0012901D047
:1096E0000529DBD10221417060592421095C01293F
:1096F0001CD0816810220C30891CF6F799FC605947
:10970000017F39430177605910213530FEF740FE63
:10971000C4E7022900D00121C088FAF775F9605921
:10972000017F3943017760594770B7E71022002164
:109730000C30F6F795FCE6E70326AFE74482FF1FFF
:10974000F8B5134C0646850060590F4600281CD01A
:10975000406F002806D11420F6F7BEFC615900289E
:10976000486710D060591022406F3946F6F760FC08
:1097700061590020496FC043086100213046FEF75F
:1097800089FD0020F8BD0820F8BD0720F8BD0000C5
:109790004482FF1F020E0A600202120E4A60020497
:1097A000120EC0B28A60C86070470000F0B5FFB00A
:1097B000012782B005467F020024394601A8F6F74A
:1097C00087FD19486E023518294618A0F9F7F0FDF3
:1097D0001C480090F6F740FD01461BA0F9F7E8FD94
:1097E0000098F6F739FDA84204D20F4949424018C3
:1097F000460A76023D463A4601A93046FEF7EAF8A7
:1098000001AE200702D117A0F9F7D2FD315D16A0F5
:10981000F9F7CEFD641CAC42F3D312A0F9F7C8FDF2
:109820007FB002B0F0BD00000040021172656164BB
:109830002041646472657373203078253038580A8B
:1098400000000000BAA9FF1F66696C6520656E64A0
:109850002041646472657373203078253038580A6B
:10986000000000000A0000002530325820000000EF
:10987000FFB50E4683B039491F4615463848019159
:10988000F6F7F0FC374C35492068091D0091002897
:1098900005D0334A8018F6F7E5FC00202060284602
:1098A0000C99384308430D992F4C08430CD0002DD8
:1098B00000D0E574002F00D027750C98002800D048
:1098C0006075002900D0A1750398304340D00398FB
:1098D000002804D001460A22601CF6F7A9FB002EDE
:1098E00006D03078032802D12178002900D02070DA
:1098F0001E4D2846F6F7C2FC17221B492846F6F7EC
:10990000FFFC2278611C1AA0F9F752FD17211648B6
:10991000FEF788F80198F6F79FFC114DA8421BD07E
:1099200031782B461DA0039AF9F742FD0A2226A1A1
:10993000601CF6F77DFB0220207028460199F6F79F
:1099400091FC28460099F6F78DFC042007B0F0BD85
:1099500020A0F9F72DFDF8E70020F7E7B6A9FF1FD3
:1099600000400211E07EFF1FABA9FF1F00E00011C5
:109970007570646174652076657273696F6E3A25DF
:10998000303130582C2066696C655F696E666F2EC9
:1099900073746174653A2025640A0000496E697425
:1099A0002046696C6520496E666F2073746174652A
:1099B0003A25642C2020563A25732C206164647269
:1099C0003A253038580A00003030303030303030EE
:1099D000303000007570646174615F66696C655F4A
:1099E000696E666F206572720A00000070B50D46E0
:1099F0000646002405E0315D05A0F9F7D9FC641C9A
:109A0000A4B2AC42F7D30448F9F7D2FC70BD000011
:109A10002530325820000000549C021170B51C4DB6
:109A20000E460446FF22013200212869F6F718FB92
:109A30002869402101707D2141700421C170FB2102
:109A40000171210E4171210C8171210AC1710472D1
:109A500000214172802181720A4631460B30F6F7AF
:109A6000E7FA2869882181708B212022FEF7F6F819
:109A700068690178042905D14178FB2902D18078F1
:109A8000002803D003A0F9F793FC042070BD000068
:109A9000F87EFF1F52656164446174614261636BCB
:109AA000446F6F725F4661696C0D0A00F8B5144629
:109AB0001C4E0F460546FF22013200213069F6F7A1
:109AC000CFFA3069402101707D2141700121C170C0
:109AD000FE210171290E4171290C8171290AC17180
:109AE0000572210A41728472224639460B30F6F71C
:109AF0009FFA306908348470E41CE1B2FDF7B0FFCE
:109B0000002801D00120F8BD70690178012905D134
:109B10004178FE2902D180780028F4D002A0F9F71C
:109B200047FCEFE7F87EFF1F5831000030B585B0E5
:109B30000020009001900290FCF712FBFDF79CFAC8
:109B4000FCF7D8FA0D2825D0F8F7E0FE384C011EB6
:109B5000207121D037A0F9F72BFC22460832111DC5
:109B60002079FBF75BFD36A103C90390049136A071
:109B7000F9F71EFC072103A8FDF772FF00280DD09E
:109B8000C820F7F726F9072103A8FDF769FF002889
:109B900004D0082005B030BD0620FBE780222E4807
:109BA0006169F6F745FA00216846FBF78FFD2A4800
:109BB000C08A45BA2846F9F702FD207002462946B8
:109BC00026A0F9F7F5FB2078194DC000203529585B
:109BD000032229A0F6F738FA00280BD00A2269469A
:109BE0001D48F6F731FA002809D024A0F9F7E0FB68
:109BF0000720CFE723A0F9F7DBFB0920CAE720788D
:109C0000C00040198188618121A0F9F7D1FB6089EA
:109C1000F6F762FAA061002805D062890021F6F704
:109C20001FFA0520B6E720A0F9F7C2FB0D20B1E727
:109C3000F87EFF1F416464723A20253032580A00D2
:109C40004078042AEDAB7200526561644261636B37
:109C5000446F6F720A000000DEA9FF1F48505F3991
:109C60005820547970653A20253034583B20436F92
:109C700064653A2025640A00393058004E657765DE
:109C800073740A00547970655F4572720A000000AF
:109C900075706772616465725F646174615F6C6541
:109CA0006E20253032580A00616C6C6F632075702D
:109CB0006772616465725F646174612065727221AC
:109CC00021210A00054B10B5C018054B984203D856
:109CD000F6F716FB002800D0032010BD004002114B
:109CE00000F0031130B50023C45CCD5C6C40D4544B
:109CF0005B1CDBB2102BF7D330BD00010203070958
:109D00000A0B0E0F101112141718191A1B1F2021FD
:109D100022000201000504000807000B0A001716C4
:109D2000001D1C010201010504010E0D01111001AD
:109D30001413011716011A19020201020B0A020E6E
:109D40000D0211100214130217160305040308076D
:109D5000030B0A030E0D000D000E0010001100137E
:109D6000001401070108010A010B011C011D020476
:109D70000205020702080219021A021C021D030151
:109D8000030203170506FFFF00C2010001000000E7
:109D9000000000000200000094A9021165570211A2
:109DA00081580211000000000200000096A9021173
:109DB000000000001553021100000000383736354E
:109DC00034333231300150111607242038373635FC
:109DD00034333231300250111607242038373635EB
:109DE00034333231300350111607242038373635DA
:109DF0003433323130045011160724201000000093
:109E0000BC9D02114552523A000000008D700211B3
:109E1000DD700211000000000000891112239B3246
:109E20002446AD573665BF74488CC19D5AAFD3BE2A
:109E30006CCAE5DB7EE9F7F88110080193331A223A
:109E4000A5562C47B7753E64C99C408DDBBF52AE0A
:109E5000EDDA64CBFFF976E802218B30100299131A
:109E60002667AF763444BD554AADC3BC588ED19FEA
:109E70006EEBE7FA7CC8F5D983310A2091121803FA
:109E8000A7772E66B5543C45CBBD42ACD99E508FCA
:109E9000EFFB66EAFDD874C904428D5316619F70CA
:109EA0002004A9153227BB364CCEC5DF5EEDD7FCAA
:109EB0006888E1997AABF3BA85520C4397711E60BA
:109EC000A1142805B3373A26CDDE44CFDFFD56EC8A
:109ED000E9986089FBBB72AA06638F7214409D519A
:109EE0002225AB343006B9174EEFC7FE5CCCD5DD6A
:109EF0006AA9E3B8788AF19B87730E6295501C417A
:109F0000A3352A24B1163807CFFF46EEDDDC54CD49
:109F1000EBB962A8F99A708B088481951AA793B659
:109F20002CC2A5D33EE1B7F04008C919522BDB3A49
:109F3000644EED5F766DFF7C899400859BB712A619
:109F4000ADD224C3BFF136E0C1184809D33B5A2A29
:109F5000E55E6C4FF77D7E6C0AA583B418869197F9
:109F60002EE3A7F23CC0B5D14229CB38500AD91B09
:109F7000666FEF7E744CFD5D8BB502A499961087D9
:109F8000AFF326E2BDD034C1C3394A28D11A580BE9
:109F9000E77F6E6EF55C7C4D0CC685D71EE597F4A9
:109FA0002880A1913AA3B3B2444ACD5B5669DF78C9
:109FB000600CE91D722FFB3E8DD604C79FF516E499
:109FC000A9902081BBB332A2C55A4C4BD7795E68A9
:109FD000E11C680DF33F7A2E0EE787F61CC495D579
:109FE0002AA1A3B03882B193466BCF7A5448DD5989
:109FF000622DEB3C700EF91F8FF706E69DD414C559
:10A00000ABB122A0B9923083C77B4E6AD5585C4968
:10A01000E33D6A2CF11E780F000001CC01D800143A
:10A0200001F0003C002801E401A0006C007801B4BC
:10A030000050019C01880044630000007C00000087
:10A04000770000007B000000F20000006B000000C1
:10A050006F000000C500000030000000010000009B
:10A06000670000002B000000FE000000D700000089
:10A07000AB00000076000000CA0000008200000073
:10A08000C90000007D000000FA0000005900000037
:10A0900047000000F0000000AD000000D400000008
:10A0A000A2000000AF0000009C000000A40000001F
:10A0B00072000000C0000000B7000000FD000000BA
:10A0C0009300000026000000360000003F00000062
:10A0D000F7000000CC00000034000000A5000000E4
:10A0E000E5000000F100000071000000D800000051
:10A0F000310000001500000004000000C70000004F
:10A1000023000000C30000001800000096000000BB
:10A11000050000009A000000070000001200000087
:10A1200080000000E2000000EB00000027000000BB
:10A13000B20000007500000009000000830000006C
:10A140002C0000001A0000001B0000006E00000040
:10A150005A000000A0000000520000003B00000078
:10A16000D6000000B300000029000000E30000005A
:10A170002F0000008400000053000000D100000008
:10A1800000000000ED00000020000000FC000000C6
:10A19000B10000005B0000006A000000CB0000007E
:10A1A000BE000000390000004A0000004C00000022
:10A1B00058000000CF000000D0000000EF000000B9
:10A1C000AA000000FB000000430000004D0000005A
:10A1D000330000008500000045000000F900000089
:10A1E000020000007F000000500000003C00000062
:10A1F0009F000000A800000051000000A300000024
:10A20000400000008F000000920000009D00000050
:10A2100038000000F5000000BC000000B60000009F
:10A22000DA0000002100000010000000FF00000024
:10A23000F3000000D2000000CD0000000C00000080
:10A2400013000000EC0000005F0000009700000019
:10A250004400000017000000C4000000A700000038
:10A260007E0000003D000000640000005D00000072
:10A270001900000073000000600000008100000071
:10A280004F000000DC000000220000002A00000057
:10A29000900000008800000046000000EE00000072
:10A2A000B800000014000000DE0000005E000000A6
:10A2B0000B000000DB000000E000000032000000A6
:10A2C0003A0000000A0000004900000006000000FB
:10A2D000240000005C000000C2000000D300000069
:10A2E000AC0000006200000091000000950000003A
:10A2F000E400000079000000E7000000C800000052
:10A30000370000006D0000008D000000D500000047
:10A310004E000000A90000006C0000005600000084
:10A32000F4000000EA000000650000007A00000070
:10A33000AE00000008000000BA0000007800000035
:10A34000250000002E0000001C000000A6000000F8
:10A35000B4000000C6000000E8000000DD000000BE
:10A36000740000001F0000004B000000BD00000052
:10A370008B0000008A000000700000003E0000001A
:10A38000B500000066000000480000000300000067
:10A39000F60000000E000000610000003500000023
:10A3A00057000000B900000086000000C100000056
:10A3B0001D0000009E000000E1000000F800000009
:10A3C000980000001100000069000000D9000000A2
:10A3D0008E000000940000009B0000001E000000A2
:10A3E00087000000E9000000CE00000055000000DA
:10A3F00028000000DF0000008C000000A100000029
:10A40000890000000D000000BF000000E600000011
:10A4100042000000680000004100000099000000B8
:10A420002D0000000F000000B000000054000000EC
:10A43000BB000000160000005200000009000000F0
:10A440006A000000D5000000300000003600000067
:10A45000A500000038000000BF0000004000000020
:10A46000A30000009E00000081000000F300000037
:10A47000D7000000FB0000007C000000E3000000AB
:10A4800039000000820000009B0000002F00000047
:10A49000FF00000087000000340000008E00000074
:10A4A0004300000044000000C4000000DE00000083
:10A4B000E9000000CB000000540000007B00000019
:10A4C0009400000032000000A6000000C20000005E
:10A4D000230000003D000000EE0000004C000000E2
:10A4E000950000000B00000042000000FA00000090
:10A4F000C30000004E000000080000002E00000015
:10A50000A10000006600000028000000D900000043
:10A5100024000000B2000000760000005B00000094
:10A52000A2000000490000006D0000008B00000048
:10A53000D10000002500000072000000F8000000BB
:10A54000F6000000640000008600000068000000C3
:10A550009800000016000000D4000000A4000000D5
:10A560005C000000CC0000005D0000006500000001
:10A57000B6000000920000006C00000070000000B7
:10A580004800000050000000FD000000ED00000049
:10A59000B9000000DA0000005E00000015000000B5
:10A5A0004600000057000000A70000008D000000DA
:10A5B0009D0000008400000090000000D800000012
:10A5C000AB000000000000008C000000BC00000098
:10A5D000D30000000A000000F7000000E4000000C3
:10A5E0005800000005000000B8000000B3000000A3
:10A5F0004500000006000000D00000002C00000014
:10A600001E0000008F000000CA0000003F00000094
:10A610000F00000002000000C1000000AF000000B9
:10A62000BD00000003000000010000001300000056
:10A630008A0000006B0000003A000000910000005A
:10A6400011000000410000004F0000006700000002
:10A65000DC000000EA00000097000000F2000000AB
:10A66000CF000000CE000000F0000000B4000000A9
:10A67000E60000007300000096000000AC0000003F
:10A680007400000022000000E7000000AD000000A0
:10A690003500000085000000E2000000F900000025
:10A6A00037000000E80000001C00000075000000FA
:10A6B000DF0000006E00000047000000F100000015
:10A6C0001A000000710000001D00000029000000B9
:10A6D000C5000000890000006F000000B700000006
:10A6E000620000000E000000AA0000001800000038
:10A6F000BE0000001B000000FC000000560000002F
:10A700003E0000004B000000C6000000D200000028
:10A7100079000000200000009A000000DB0000002B
:10A72000C0000000FE00000078000000CD00000026
:10A730005A000000F40000001F000000DD000000CF
:10A74000A80000003300000088000000070000009F
:10A75000C700000031000000B1000000120000003E
:10A7600010000000590000002700000080000000D9
:10A77000EC0000005F0000006000000051000000DD
:10A780007F000000A900000019000000B5000000D3
:10A790004A0000000D0000002D000000E500000050
:10A7A0007A0000009F00000093000000C900000034
:10A7B0009C000000EF000000A0000000E00000008E
:10A7C0003B0000004D000000AE0000002A00000029
:10A7D000F5000000B0000000C8000000EB00000021
:10A7E000BB0000003C00000083000000530000009C
:10A7F0009900000061000000170000002B0000001D
:10A80000040000007E000000BA0000007700000095
:10A81000D600000026000000E100000069000000F2
:10A82000140000006300000055000000210000003B
:10A830000C0000007D00000000000001000000028C
:10A8400000000004000000080000001000000020CC
:10A8500000000040000000800000001B00000036E7
:10A8600002000000030000000100000001000000E1
:10A8700001000000020000000300000001000000D1
:10A8800001000000010000000200000003000000C1
:10A8900003000000010000000100000002000000B1
:10A8A0000E0000000B0000000D0000000900000079
:10A8B000090000000E0000000B0000000D00000069
:10A8C0000D000000090000000E0000000B00000059
:10A8D0000B0000000D000000090000000E00000049
:10A8E00023F16E53A422426191518B9B01FF335897
:10A8F00023F16E53A422426191518B9B02FF335886
:10A9000023F16E53A422426191518B9B03FF335874
:10A9100010000000E0A80211B5700211757102115B
:10A9200000000000FB349B5F8000008000100000EE
:10A9300000000000D10A021181470211430B0211ED
:10A94000CD470211FB0A0211A14702111D0C021191
:10A95000FD4802119D0C021171490211FB0B0211FD
:10A9600071490211590C0211294902111D0C0211E1
:10A97000B5480211B50C0211254A02110000000071
:10A9800000000000C30B0211254A0211E90A02115E
:10A990009D470211001801180028012802280328E9
:10A9A000002901290229032904290529002A012A4D
:10A9B000022A032A042A052A062907290829000051
:10A9C00000000000000000000000000000870101FE
:10A9D000020102010102010203030401030101015A
:10A9E00001010303020103003031323334353637BD
:10A9F00038394142434445464748494A4B4C4D4EFD
:10AA00004F505152535455565758595A0000000050
:10AA100030313233343536373839616263646566D4
:10AA20006768696A6B6C6D6E6F707172737475763E
:10AA30007778797A00000000636F6E6E656374202A
:10AA400062795B25303278253032782530327825AE
:10AA500030327825303278253032785D2068616E6A
:10AA6000646C655B25645D20696E74657276616CEB
:10AA70005B25645D206C6174656E63795B25645D44
:10AA80002074696D656F75745B25645D0A00000054
:0CAA90003930580039355800393758006B
:020000041FFFDC
:1000000000000000A957FF1F907AFF1FBC7AFF1F56
:10001000747EFF1F000000000000000000000000D0
:1000200000000000000000000000000000000000D0
:1000300000000000000000000000000000000000C0
:1000400000000000000000000000000000000000B0
:1000500000000000000000000000000000000000A0
:100060000000000000000000000000000000000090
:100070000000000000000000000000000000000080
:100080000000000000000000000000000000000070
:100090000000000000000000000000000000000060
:1000A0000000000000000000000000000000000050
:1000B0000000000000000000000000000000000040
:1000C0000000000000000000000000000000000030
:1000D0000000000000000000000000000000000020
:1000E0000000000000000000000000000000000010
:1000F0000000000000000000000000000000000000
:1001000000000000000000000000000000000000EF
:1001100000000000000000000000000000000000DF
:1001200000000000000000000000000000000000CF
:1001300000000000000000000000000000000000BF
:1001400000000000000000000000000000000000AF
:10015000000000000000000000000000000000009F
:10016000000000000000000000000000000000008F
:10017000000000000000000000000000000000007F
:10018000000000000000000000000000000000006F
:10019000C14AFF1F594BFF1FF169FF1F00000000FC
:1001A000000000000000000000000000000000004F
:1001B000000000000000000000000000000000003F
:1001C000000000000000000000000000000000002F
:1001D000000000000000000000000000000000001F
:1001E000000000000000000000000000000000000F
:1001F00000000000000000000000000000000000FF
:1002000000000000000000000000000000000000EE
:1002100000000000000000000000000000000000DE
:1002200000000000000000000000000000000000CE
:1002300000000000000000000000000000000000BE
:1002400000000000000000000000000000000000AE
:10025000000000000000000000000000000000009E
:10026000000000000000000000000000000000008E
:10027000000000000000000000000000000000007E
:10028000000000000000000000000000000000006E
:10029000000000000000000000000000000000005E
:1002A000000000000000000000000000000000004E
:1002B000000000000000000000000000000000003E
:1002C000000000000000000000000000000000002E
:1002D000000000000000000000000000000000001E
:1002E000000000000000000000000000000000000E
:1002F00000000000000000000000000000000000FE
:1003000000000000000000000000000000000000ED
:1003100000000000000000000000000000000000DD
:1003200000000000000000000000000000000000CD
:1003300000000000000000000000000000000000BD
:1003400000000000000000000000000000000000AD
:10035000000000000000000000000000000000009D
:10036000000000000000000000000000000000008D
:100370005918FF1F000000000000000000000000EE
:10038000000000000000000000000000000000006D
:10039000000000000000000000000000000000005D
:1003A000000000000000000000000000BF23FF1F4D
:1003B000000000000000000000000000000000003D
:1003C000000000000000000000000000000000002D
:1003D000000000000000000000000000000000001D
:1003E000000000000000000000000000000000000D
:1003F00000000000000000000000000000000000FD
:0C04000001FF01FF01FF01FF41000000AF
:020000041FFFDC
:1018380008EAFF1F8918FF1F0448854600F028F9A9
:10184800004800474D56FF1FC046C04608EAFF1F24
:1018580009484838694601600430F0C044464D469E
:1018680056465F46F0C030BCF0BCF0C0F0BCF0C0DB
:1018780044380249084700000004FF1FC533FF1F12
:101888000248804702480047FEE700006D32FF1F0C
:101898004118FF1F0549064A08685043054A801841
:1018A8000860400870470149086070475082FF1F70
:1018B8006D4EC6413930000038B50446C06818215D
:1018C800401E4843A16840183C21484361684018BD
:1018D8003C2148432168451860690C214843216927
:1018E80040186921C900401A302100F00FF9114A47
:1018F80050434219084600921A2902DB0E49511832
:1019080000910C2100F002F90C4A5043009A80180B
:1019180000900B4806E0491E425C074B5A43009B67
:10192800D21800920029F6DC2146684600F03EF8FD
:10193800009838BD801F8607805101008033E1017F
:10194800DC7AFF1F10B5044605E00B780370401CD5
:10195800002B00D0491C521EF7D2204610BD03466A
:101968000A780270401C491C002AF9D118467047B1
:10197800034603220870000A491C521EFAD518466D
:10198800704770B5064601F0EDFC046805460A226A
:101998000021304600F044F82C6070BD10B50249B3
:1019A80000F004F810BD0000DCC1FF1F70B50C4644
:1019B80000683C2100F0B0F821603C2100F0ACF850
:1019C8006160182100F0A8F80546A1600721001DF4
:1019D80000F0A2F8A1610F48A90008180E4900F00C
:1019E8009BF80246443288086261E0613B2802D3D2
:1019F800910700D0401C0021084B0A462161995CE0
:101A0800814203D8401A521C2261F8E7401CE0606A
:101A1800204670BD6C0B0000B5050000E87AFF1F7A
:101A2800F7B5009C0F4600262578641C002D05D0CC
:101A380000F078F80068405DC007F5D12B2D02D082
:101A48002D2D18D0641E39462046029A00F070F8F1
:101A5800002F04D03968A14201D10099396071057D
:101A6800022400290BDA4042002803DD01F07AFC49
:101A78000460A007FEBD012080020643E3E70028BA
:101A8800F8DA01F06FFC04600048FEBDFFFFFF7F3D
:101A9800064C0125064E05E0E36807CC2B430C3CB9
:101AA80098471034B442F7D3FFF7CAFED87BFF1F1C
:101AB800287CFF1F70B58C180578401C6B075B0FDE
:101AC80001D10378401C2A1106D10278401C03E09A
:101AD80006780E70401C491C5B1EF9D12B0705D4F3
:101AE8000023521E0DD40B70491CFAE70378401CE2
:101AF800CB1A921C03E01D780D70491C5B1C521E0A
:101B0800F9D5A142D8D3002070BD000003B4014824
:101B1800019001BD350E000003B40148019001BDDC
:101B2800090E000003B40148019001BD0110000036
:101B380003B40148019001BD0910000003B4014835
:101B4800019001BDD94F010003B40148019001BDC6
:101B580075A9000003B40148019001BDF9A6000071
:101B680003B40148019001BDA1AF000003B40148CE
:101B7800019001BD9DA9000003B40148019001BD79
:101B8800E927000003B40148019001BD7511000068
:101B980003B40148019001BDDD3F000003B40148D2
:101BA800019001BD8944000003B40148019001BDC2
:101BB8002144000003B40148019001BD750F0000E5
:101BC80003B40148019001BD1130000003B401487D
:101BD800019001BD53B9000003B40148019001BD53
:101BE800C95C010003B40148019001BD1907010057
:101BF80003B40148019001BDBD0B010003B40148C5
:101C0800019001BDDD0C010003B40148019001BD44
:101C1800DD0A010003B40148019001BD013401004F
:101C280003B40148019001BD0934010003B401481F
:101C3800019001BD0534010003B40148019001BDC4
:101C4800F535010003B40148019001BDF9350100E3
:101C580003B40148019001BDE917010003B401482C
:101C6800019001BD6137010003B40148019001BD35
:101C780001D7000003B40148019001BD6DF60000D2
:101C880003B40148019001BD7912010003B4014871
:101C9800019001BD4DF9000003B40148019001BD58
:101CA800C1F7000003B40148019001BD618900003B
:101CB80003B40148019001BDA9D8000003B401484C
:101CC800019001BDB352010003B40148019001BD68
:101CD8000D52010003B40148019001BD8B5201006F
:101CE80003B40148019001BDC1A5000003B4014837
:101CF800019001BD9D6A000003B40148019001BD37
:101D0800116E000003B40148019001BD8D820000EE
:101D180003B40148019001BDF54E010003B4014828
:101D2800019001BDB133021103B40148019001BD16
:101D3800434D010003B40148019001BDE1120211B5
:101D480003B40148019001BDC51D000003B401485A
:101D5800019001BDCD10021103B40148019001BDED
:101D6800B161000003B40148019001BD315F00007A
:101D780003B40148019001BDDD5E000003B40148D1
:101D8800019001BD910A021103B40148019001BDFF
:101D9800C516021103B40148019001BDE94C0100C8
:101DA80003B40148019001BD8521021103B4014823
:101DB800019001BD6521021103B40148019001BDE4
:101DC800D917021103B40148019001BD7D720211B7
:101DD80003B40148019001BD1DBC000003B40148D3
:101DE800019001BD6DBC000003B40148019001BD24
:101DF800810D021103B40148019001BD7916021149
:101E080003B40148019001BD3555000003B40148F1
:101E1800019001BD6918021103B40148019001BD88
:101E28007D6B021103B40148019001BDE51B02114D
:101E380003B40148019001BD0189000003B40148C1
:101E4800019001BDE1AC000003B40148019001BD5F
:101E5800E53A010003B40148019001BD496D010054
:101E680003B40148019001BD3D71010003B401486C
:101E7800019001BD156B010003B40148019001BD3B
:101E8800B30E000003B40148019001BDED4A010002
:101E980003B40148019001BDA54F010003B40148F6
:101EA800019001BD8552010003B40148019001BDB4
:101EB800810E000003B40148019001BD016C0100CE
:101EC80003B40148019001BDD554000003B4014892
:101ED800019001BD1955000003B40148019001BDEE
:101EE800BD5C010003B40148019001BDCD4C010067
:101EF80003B40148019001BDE9A1000003B4014801
:101F0800019001BD2D0F000003B40148019001BDEF
:101F1800D70E000003B40148019001BDA96F01006C
:101F280003B40148019001BD9573010003B4014851
:101F3800019001BD195B021103B40148019001BD74
:101F4800C959021103B40148019001BD21A900003B
:101F580003B40148019001BDADAE000003B40148CF
:101F6800019001BDB54C010003B40148019001BDC9
:101F78004550000003B40148019001BDC56D010042
:101F880003B40148019001BDB95A021103B40148D4
:101F9800019001BD154D010003B40148019001BD38
:101FA800810E000003B40148019001BD51B8000042
:101FB80003B40148019001BD85C1000003B4014884
:101FC800019001BDE9D4000003B40148019001BDAE
:101FD800F9ED000003B40148019001BDE9F60000E5
:101FE80003B40148019001BD75F8000003B401482D
:101FF800019001BD19FA000003B40148019001BD28
:10200800E90B010003B40148019001BD6D0B01000B
:1020180003B40148019001BDC115010003B4014892
:10202800019001BDCD0C010003B40148019001BD30
:1020380071B0000003B40148019001BDD9B000009F
:1020480003B40148019001BD5976010003B4014869
:10205800019001BDED6B010003B40148019001BD81
:102068008937010003B40148019001BDC9A90000E6
:1020780003B40148019001BD1504021103B40148DD
:10208800019001BDEDA5000003B40148019001BD18
:10209800CD33021103B40148019001BD015A021168
:1020A80003B40148019001BD5D5B021103B401480E
:1020B800019001BD3D4B010003B40148019001BDF1
:1020C800B14E000003B40148019001BD3D18000065
:1020D80003B40148019001BD2146010003B4014841
:1020E800019001BD4125021103B40148019001BDD1
:1020F800B127021103B40148019001BD3114021146
:1021080003B40148019001BDAD1E021103B401489A
:10211800019001BDE50E021103B40148019001BD13
:102128001D18021103B40148019001BD852902114F
:1021380003B40148019001BDFD0D021103B401482B
:10214800019001BD2124000003B40148019001BDA4
:102158002D11010003B40148019001BD2D6C01004F
:1021680003B40148019001BDDD13010003B4014827
:10217800019001BDE910010003B40148019001BDBF
:102188002114010003B40148019001BD19B30000F6
:1021980003B40148019001BD9D5A021103B40148DE
:1021A800019001BDE512010003B40148019001BD91
:1021B8007511010003B40148019001BDB912010075
:1021C80003B40148019001BDA512010003B4014800
:1021D800019001BD8D79010003B40148019001BD52
:1021E8008914010003B40148019001BDB11F00002A
:1021F80003B40148019001BDD91F000003B4014890
:10220800019001BDAD21000003B40148019001BD5A
:10221800D96B021103B40148019001BDD51B02110D
:1022280003B40148019001BDF118021103B401483B
:10223800019001BD9918021103B40148019001BD34
:10224800AD59021103B40148019001BDD1A50000A8
:1022580003B40148019001BD1913021103B40148E8
:10226800019001BDD544010003B40148019001BDAE
:102278007997000003B40148019001BD691101007C
:1022880003B40148019001BD8512010003B401485F
:10229800019001BD8D11010003B40148019001BDF9
:1022A800F90D010070B5514A8AB0012800D1504A91
:1022B8004301504802AC1D18287E00280AD084200B
:1022C8008058C3B2002002E016782654401C984279
:1022D800FADB04E0107D012310786A461072E86981
:1022E800002807D06846017608A807940370E969B2
:1022F80006A888470AB070BDFEB5044642013D48AD
:102308003A4D1318805C191D00282AD0187E002821
:1023180027D0987E002824D00878022821D18888E0
:102328004A888E68801A82B2102A01D9102201E0E8
:10233800002A02D0012C17D01DE0012008700020CF
:1023480048808880D869002806D02B4A6D4607CA7D
:1023580007C5D96968468847002C03D0192002F0C0
:10236800C3FBFEBD0820FAE7214D04E04888431C62
:102378004B80305C28701046521E92B20028F5D16E
:10238800FEBD1B4880680007000F062812D006DC37
:1023980002280AD004280DD10121012082E707284C
:1023A80005D00C2806D10221F7E70120A4E7104840
:1023B8004030C06B70470D4880680007000F062842
:1023C80012D006DC02280AD004280DD101210020F1
:1023D80068E7072805D00C2806D10221F7E7002076
:1023E8008AE702484030C06B704700000040004058
:1023F8000090004064A3FF1F547AFF1F38B5274C94
:102408002078072847D8264802780121254809045A
:10241800002AC26B40D08A43C263252001F092FF94
:102428002148202102680A43026048060268042302
:102438005207002A08DB02681A4302601322154675
:10244800521ED2B2002DFAD1C268520708D4C2680F
:102458001A43C26013221346521ED2B2002BFAD17D
:10246800C2688A43C26013221346521ED2B2002B9E
:10247800FAD1C2680A43C26013200146401EC0B2A6
:102488000029FAD10948017D0091217841601D2178
:1024980001707621C16038BD0A43BDE7347CFF1F57
:1024A800287CFF1F00F00040407CFF1F00200040F8
:1024B80010B50D497620C860FFF740FB10BD0446F3
:1024C800FFF742FB0949C86940229043C86120468A
:1024D800FFF740FB02F066FA04490420C0310860A7
:1024E8000120FFF73DFBFEE70020004000F0004020
:1024F80010B5FFF729FB0A480468094A41178032DA
:10250800116008490160FFF731FB204610BD10B586
:102518000446FFF719FB02480460FFF727FB10BDCC
:1025280000E100E01000100010B5FFF725FB0228BD
:1025380005D0072805D0122800D1022010BD14208C
:1025480010BD224904200A6B521C0A6310BDF8B55D
:1025580000260C460D46074640341FE0607CC1004B
:102568004A1953686A5C002801D0012100E0002163
:102578003846FFF7D9FF002802D001212176F8BD9F
:10258800607CC00040194660607C401C6074207C00
:10259800401E20740D48016A491C0162207C0028F5
:1025A800DCD166742676F8BD084A5C2141435C3A62
:1025B80010B589185822525C012A05D1FFF7C7FFC8
:1025C8000248816A491C816210BD000098C1FF1F42
:1025D80030B5104988680207120F0F48042A03D043
:1025E800072A12D00C2A13D10C4A00230C7DE407C9
:1025F8000ED00C784568545544681F2C03D04468A5
:10260800641C4460F2E74360F0E702484030C06B66
:1026180030BD0000004000405881FF1F64C0FF1F0C
:1026280038B5044600F09EF90146684601704470CA
:10263800210A81706A4603210248FFF7A3FA0020A5
:1026480038BD00001B20000038B5044600F0B0F982
:102658000146684601704470210A81706A46032168
:102668000248FFF78FFA002038BD00001A2000004A
:1026780070B50124A407A36810252B43A360FFF7B6
:1026880087FAA068A843A06070BD0000FFB50646A1
:1026980001208007816881B01D46102211438160A6
:1026A800554F002038603046D730FFF777FA9D2025
:1026B800800034468059FF36CA3401360028306815
:1026C80022462CD00121FFF76FFA4B4F2078F86390
:1026D800641C2046FFF76EFA00BA000AE17800028F
:1026E8000843B863241D2046FFF764FA00BA000ABD
:1026F800E178000208437863241D2046FFF75AFA60
:1027080000BA000AE1780002084338630398029986
:1027180000020843F860039F00243F1D0EE00021DB
:10272800D1E72819401CFFF745FA0102285D01434B
:10273800324820180160241DA4B23F1F042FF0DA8C
:10274800032F04D0022F08D0012F0CD011E0281934
:10275800FFF730FA0102090A06E0291948780A78D1
:102768000102114300E0295D244820180160241D5E
:10277800A4B20021214F02E0E0190160241DFF2CC2
:10278800FADD1D481E4A42600F22026101220260E2
:102798004269002AFCD04269930701D4520708D441
:1027A80001208007826810218A438260002005B0DA
:1027B800F0BD01600020039A11E0C119096829548D
:1027C800401C80B20B0A2B54401C0B0C80B22B54BB
:1027D800401C80B2090E2954401C80B2121F002AE6
:1027E800EBDC3068401C30600120800782681021D3
:1027F8008A4382600120DAE70000044000010440B7
:10280800080F0000FFB5054601208007816881B0E8
:102818001E46102211438160504F00203860284620
:10282800D730FFF7BBF99D2080002C464059CA34A9
:1028380080350028E86F22462BD00021FFF7B4F935
:10284800464F2078F863641C2046FFF7B3F900BAB6
:10285800000AE17800020843B863241D2046FFF708
:10286800A9F900BA000AE178000208437863241D38
:102878002046FFF79FF900BA000AE17800020843F2
:1028880038630398029900020843F8600024039F04
:102898000EE00121D2E73019401CFFF78BF9010245
:1028A800305D01432E4820180160241DA4B23F1F4B
:1028B800042FF0DA032F04D0022F08D0012F0FD0F5
:1028C80014E03019FFF776F90102090A09E0311915
:1028D800487809780002084321496118086003E034
:1028E800315D1F4820180160241DA4B200211C4B33
:1028F80002E0E0180160241DFF2CFADD0F221748C2
:10290800120242600F220261012202604269002A1B
:10291800FCD00160039A0020121D11E0C11809685B
:102928003154401C80B20C0A3454401C0C0C80B248
:102938003454401C80B2090E3154401C80B2121F1E
:10294800002AEBDCE86F401CE867012080078268FA
:1029580010218A43826005B0F0BD000000000440E9
:102968000001044010B5114AA121890012684143B1
:102978008C189D2189000959012901D00C2010BD0E
:10298800FFF71EF90028FAD1E01DF9300279062177
:10299800012A06D041710D212046FFF717F90020C2
:1029A80010BDFF20213001550221F5E73409FF1F32
:1029B80070B50D46134AA1218900126841438C184D
:1029C8009D2189000959012901D00C2070BD002DD5
:1029D80016D0FFF7F5F80028F8D110210B1A2A5C59
:1029E8001B19E033401CC0B29A711028F6D301219C
:1029F800F820015505212046FFF7E8F8002070BDB2
:102A0800122070BD3409FF1FF8B5FFF7E5F85649E5
:102A180008600420FFF7E6F8FFF7EAF80646C00763
:102A280015D052490020086051480078012811D07B
:102A3800032813D0042815D0022817D0052819D048
:102A4800FFF7DCF84B4F044601281AD01EE0FFF7C9
:102A5800DBF8F8BD3046FFF7DDF80EE03046FFF74B
:102A6800DFF80AE03046FFF7E1F806E03046FFF706
:102A7800E3F802E03046FFF7E5F840B20128E8D075
:102A88004FE0387805280BD0062809D03A483B4D46
:102A98000078022808D0052806D0022C0ED005E0C0
:102AA800304602F06FFD3CE0022C02D0012C11D020
:102AB80014E0A87B002805D0022803D03878052820
:102AC80004D00BE0304602F075FD15E0304602F008
:102AD80065FD11E0012807D0062809D03046FFF728
:102AE800B7F8022C08D01CE0304602F07BFD18E055
:102AF800304602F06BFD14E03878012811D17005DA
:102B08000FD4687BC10701D0252004E0800701D5D8
:102B1800262000E02720297D814202D93220FFF7B4
:102B28009DF8154C2078042804D003280ED00728D7
:102B380011D014E0FFF798F8002810D0FFF79AF8A2
:102B48005820FFF79DF80220207008E00C48807C90
:102B5800FFF79CF803E00B48807BFFF79DF8032004
:102B6800FFF740F8F8BD00009C09FF1F9809FF1FF8
:102B78009009FF1F1C09FF1F2309FF1FA60BFF1F3A
:102B8800BC0BFF1FD40BFF1FF8B56E4D0028AB79A7
:102B980016D0012B01D0032B12D16B490A78FF2ADA
:102BA8000ED14A78FF2A0BD18A78FF2A08D1CA7831
:102BB800FF2A05D10A79FF2A02D14979FF2937D09E
:102BC80062490A78012A1DD00027614C0F702278CB
:102BD800092A76D00A2A74D00B2A72D00C2A70D00F
:102BE8000D2A6ED0052A6CD0062A6AD0A97B002946
:102BF8000AD0012908D0032906D0022904D00429C3
:102C080016D101E00C20F8BD002B05D0012B03D014
:102C1800022B01D0032B0BD1032901D0022902D1A9
:102C28006B88202B04D34B4E002869D0012801D093
:102C38001220F8BDA888012843D0002A17D10B001C
:102C4800FFF730F8050408100C0824000120207054
:102C58001F200AE002202070202006E004202070B7
:102C6800222002E0032020702120FEF7BBFF2078FD
:102C7800282201280CD002280AD0042808D00328CA
:102C880006D007280DD008280BD01AE01E20ECE744
:102C9800314807602A75FFF70BF800281FD0AF806E
:102CA8000FE02E484068808D80060AD52C480178B0
:102CB800002906D1A97B032905D0022903D00029C0
:102CC80001D02120F8BD022101702A750C0321468C
:102CD8003078FEF7F3FF21463078FEF7F5FF012044
:102CE800A8802048007800282AD01F48012102889F
:102CF8007D20C0004243C9033078FEF7EBFF1FE098
:102D0800FEF722FFAF802078072808D0082806D0D1
:102D180027701648FEF7E4FF1E20FEF763FF1048F1
:102D28000178002905D00770012149033078FEF7A2
:102D3800C5FFFEF71BFF0121C9033078FEF7BEFF70
:102D48000020F8BDA60BFF1F6B09FF1F1A09FF1F04
:102D58001C09FF1F1B09FF1F4809FF1F3481FF1FA4
:102D68002309FF1F2109FF1F2C09FF1F0010004026
:102D7800F0B585B014468C4686460AAD87CD0D4E13
:102D8800357803976F4607C7224661467046FEF7B7
:102D9800ADFF3570012C01D0042C08D106498024E0
:102DA8000978CA0105498B88A3431A438A8005B06C
:102DB800F0BD00001C09FF1F7809FF1F6C11FF1FE1
:102DC80010B5FB2908D8084B9A4205D81B2903D30C
:102DD800FF2349339A4201D2302010BD034B198298
:102DE8005A82FEF789FF10BD480800008410FF1FB3
:102DF80010B5FEF787FF02490020488010BD00008B
:102E08003481FF1FC106C90E0120884001490860AE
:102E18007047000000E100E0FEB5454C0D4608048F
:102E280014D5607AFEF774FF04000CD0207891283E
:102E380006D160780E2803D1A1883EA0FEF76EFF68
:102E48002046FEF771FF0120C0036CE0E807012669
:102E5800002808D036481430FEF76CFFFEF770FFE4
:102E680028467040FEBDA80702D502204840FEBD96
:102E7800280708D5684606706A4601213848FEF7D3
:102E880065FF08204FE068074FD50027354E35E02D
:102E9800A089010A31707070002F18D1694600208E
:102EA800FEF75AFF01A90020FEF75CFF02A90020E7
:102EB800FEF75EFF68460078707468468088FF38C1
:102EC800FF3802388010B0746846007AF074002029
:102ED800FEF754FFC01EC1B2224A052004F0F8F8DC
:102EE800A289010003D020A0FEF718FF09E024A062
:102EF800FEF714FFA089401CA0817F1CA0788742A0
:102F0800C6DB6289002A07D0E07800280AD10421AC
:102F1800607AFEF7DFFE05E00421607AFEF7CEFE58
:102F28000020A08104206840FEBD0020FEBD0000F6
:102F38005880FF1F3D3D3E204843495F434F4D4D5C
:102F4800414E445F434F4D504C4554455F455645AF
:102F58004E545F434F44453A2025780A000000004C
:102F680005030000DCBEFF1F5B4E4F54465F5458FC
:102F7800204552525D2025303278202534780A00C9
:102F88005B4E4F54465F54585D20253032782025DB
:102F980034780A0030B56A4CC1B0607206211F202F
:102FA800FEF7F2FE00216846017201220273072231
:102FB8000274818218228283202202848184FF2164
:102FC800F53101855FA003C801910090217868461A
:102FD800017606AA01215D48FEF7B8FE5B486A46FD
:102FE8000621801CFEF7B2FEC32004AA012180003E
:102FF800FEF7ACFE554802AA0121001FFEF7A6FE07
:10300800524805AA0221C01EFEF7A0FE21465631ED
:10301800084611223838FEF7BDFE224661201C32D0
:103028001C21C000FEF792FE4848224638321E2175
:10303800801EFEF78BFE312003AA01210001FEF756
:1030480085FE424807AA02210830FEF77FFE3F4866
:1030580008AA02210930FEF779FE3C4809AA022194
:103068000A30FEF773FEC5200AAA02218000FEF787
:103078006DFE2246563211210020FEF791FE1925D9
:103088006D0129460620FEF77FFE29460720FEF738
:103098007BFE29460820FEF777FE29460920FEF721
:1030A80073FE0025ED432846FEF780FE2846FEF70E
:1030B80083FEFEF787FE284600F05EF80F2168467B
:1030C8000170002001A901E0062801D2002200E0D9
:1030D80002460A54401CC0B2FB28F5D36A460121B7
:1030E800032000F097F801AAFB21042000F092F8D1
:1030F800174900200854401CFF28FBDB10481030FB
:1031080000F07EF8F7250120FEF762FE0120FEF7A9
:1031180065FE2846FEF768FE29460EA0FEF7FEFD6E
:103128000121607AFEF7D0FD607AFEF763FE104851
:10313800FEF766FE0F48FEF7F1FD41B030BD000016
:103148005880FF1F01020304050600000903000060
:10315800DCBEFF1F5B324D627073207C20444C45FF
:10316800207C204D54552025645D200A0000000075
:1031780020BDFF1F787BFF1F70B505460024094955
:103188000948FEF743FE0948FEF746FEE80706D061
:103198000448074A0E210830FEF744FE044620463C
:1031A80070BD0000487FFF1FFFFF0000A970FF1FD0
:1031B800D07AFF1F70B500240D46032806D00428D6
:1031C80008D006280CD00224204670BD0948007893
:1031D8000870F9E70020FEF7D1FDC21E064904E099
:1031E8000020FEF7CBFD0549C21E2846FEF7D2FD9A
:1031F800EAE70000387FFF1F10BAFF1F06BCFF1F59
:10320800002803D002494860002070471120704709
:10321800387FFF1F10B500241346032806D0042862
:103228000AD006280ED00224204610BD012911D14B
:10323800094910780870F7E7FB290BD80A461946A0
:10324800064804E0FB2905D80A4619460448FEF753
:10325800A1FDE9E71824E7E7387FFF1F10BAFF1F31
:1032680006BCFF1F024901480860704740787D018D
:103278003081FF1F10B57D21C003C900FEF74CFC4B
:10328800FEF7D6FD10BD000030B5084CE16A8A088B
:1032980007498A1A8D1AE36A9B08CB1A934201D30D
:1032A8009B1A00E0EB188342F5D930BD00100040AE
:1032B800FFFF3F000FB410B504A9074B02AA0398FB
:1032C80000F070F9044602A9002000F055FB2046E2
:1032D80010BC08BC04B018478139FF1F8307FF22C0
:1032E800DB0E9A408907090E9940002808DB8308FD
:1032F80009489B001B1818689043084318607047DA
:103308000007000F0838830804489B001B18D86979
:1033180090430843D861704700E400E000ED00E006
:103328008307FF22DB0E9A408907090E994000287F
:1033380008DB830809489B001B181868904308435A
:10334800186070470007000F0838830804489B007E
:103358001B18D86990430843D861704700E400E01F
:1033680000ED00E0004870475482FF1F02E008C8E3
:10337800121F08C1002AFAD170477047002001E0E7
:1033880001C1121F002AFBD1704700000248C06922
:10339800002800D0004770474003FF1F1CB569464E
:1033A8000120FEF74BFD012000900348019000F03A
:1033B8007DFE01201CBD0000BB0B0000044629A0B7
:1033C800FEF742FD2DA0616AFEF73EFD2FA0A16A1F
:1033D800FEF73AFD31A0E16AFEF736FD33A0216B16
:1033E800FEF732FD35A06168FEF72EFD37A0A16813
:1033F800FEF72AFD39A0E168FEF726FD3BA021690A
:10340800FEF722FD3DA06169FEF71EFD3FA0A16900
:10341800FEF71AFD41A0E169FEF716FD43A0216AF7
:10342800FEF712FD45A0616BFEF70EFD47A021686F
:10343800FEF70AFD49A0A16BFEF706FD4BA0E16B64
:10344800FEF702FD4DA0216CFEF7FEFC4F484168D7
:103458004FA0FEF7F9FC52480068002800D08047CA
:10346800FEE700005B48617264206661756C742039
:1034780068616E646C65725D0A000000523020203D
:10348800203D203078253038780A0000523120203D
:10349800203D203078253038780A0000523220202C
:1034A800203D203078253038780A0000523320201B
:1034B800203D203078253038780A0000523420200A
:1034C800203D203078253038780A000052352020F9
:1034D800203D203078253038780A000052362020E8
:1034E800203D203078253038780A000052372020D7
:1034F800203D203078253038780A000052382020C6
:10350800203D203078253038780A000052392020B4
:10351800203D203078253038780A0000523130209C
:10352800203D203078253038780A0000523131208B
:10353800203D203078253038780A0000523132207A
:10354800203D203078253038780A0000535020205C
:10355800203D203078253038780A00004C52202051
:10356800203D203078253038780A0000504320204C
:10357800203D203078253038780A000050535220FA
:10358800203D203078253038780A000000ED00E032
:1035980049435352203D203078253038780A0000BE
:1035A8002C7CFF1FFFB58FB00546002606E02528B6
:1035B8000AD0129A119990476D1C761C2878002819
:1035C800F5D1304613B0F0BD002402940121B54A6C
:1035D800009400E004436D1C2B780846203B98407B
:1035E8001042F7D128782A280ED0022228780146DE
:1035F8003039092916D802990A2359433039401815
:1036080014436D1C0290F1E7109802C802911090C3
:10361800002904DA012040030443484202900220B2
:1036280004436D1C28782E2817D104200443687899
:103638006D1C2A280CD110986D1C02C8009110909E
:103648000BE000990A225143303940186D1C009054
:103658002878014630390929F3D928786C2810D000
:1036680006DC4C281AD068280ED06A2817D104E046
:10367800742813D07A2812D110E0012040050443A1
:103688000CE00121090501E0032109050C436978D3
:10369800814203D10120000524186D1C6D1C287877
:1036A800692874D006DC00288BD0632827D06428CA
:1036B80006D16CE06E2808D073282CD0752878D0F5
:1036C800129A11999047761C5FE06002400F022819
:1036D80009D003280DD00428109801680DD00E6079
:1036E800001D109051E01098F21701680E604A60B2
:1036F800F6E7109801680E80F2E70E70F0E7109870
:103708006A4601781173001D10900020507303A8B9
:103718000190012005E0109802C801911090002046
:10372800C04361070CD5002700E07F1C00998F4239
:103738000FDA8742F9DB0199C95D0029F5D108E064
:10374800002700E07F1C8742FCDB0199C95D002946
:10375800F8D102982146C01B0290129B119A00F0E2
:10376800B3F88019C61907E0019801990078491C37
:103778000191129A119990477F1EF5D22146129B0A
:10378800119A029800F090F886196D1C16E70A2025
:103798000190109901C910916102490F032900D1C4
:1037A80000B2042900D140B2002803DA40422D219A
:1037B80003E00DE0210504D52B216A461173012190
:1037C80003E0E10711D02021F7E70CAF0C9114E0DA
:1037D8000A200190109901C910916102490F03292B
:1037E80000D180B2042900D1C0B20021EDE70199CF
:1037F800FEF792F930317F1E39700028F7D104A8FE
:10380800C01B20300190600704D5012000048443C8
:10381800009801E0012000900199884201DD401ADA
:1038280000E00020411800900C9809180298401AEE
:103838000290E00306D42146129B119A029800F0E8
:1038480043F8861900200D9008E003A9085C129A35
:10385800119990470D98401C761C0D900C99884240
:10386800F3DBE0030CD52146129B119A029800F075
:103878002BF8861904E0129A302011999047761C8B
:103888000099481E00900029F5DC05E03878129A66
:103898007F1C11999047761C0199481E01900029B8
:1038A800F4DC6BE709280100F8B5044600251E463C
:1038B8001746880404D405E039462020B0476D1C1B
:1038C800641EF9D52846F8BDFFB50446002581B029
:1038D8001E46C80301D5302700E02027880404D5F8
:1038E80005E038460399B0476D1C641EF9D5284693
:1038F80005B0F0BD10B500F0CDFBFFF74FFD002877
:1039080002D00248804710BDFEE70000E1A2000097
:10391800F0B585B005460291002927D0154F00243F
:10392800144E803F0023009402221946052001947A
:10393800FEF790FA30698007FCD420200090411EE1
:10394800009101D30846FAE738680028FCDA01211B
:1039580003A8FEF785FA6846007B284007D00520B3
:10396800FEF766FA0298401E0290DBD1112005B0DE
:10397800F0BD000080C800400A68531C0B6010703E
:103988007047000038B5164D0446A98828684904D0
:10399800C00B08430090FEF769FAA968814204D970
:1039A8000099FF31FF31023100910099C00B401896
:1039B80000906846FDF7F2FF017C0A4A491CA17095
:1039C800818A89182170090A6170017BE170017A86
:1039D8002171017961710078A071002038BD000063
:1039E800B8A5FF1F6C07000070B50446FEF73EFA45
:1039F80006462046FDF760FF0446002521460BA039
:103A0800FEF78CF9620CE9031143E203901B084AA4
:103A1800A94143C207A0FEF781F91021044801F02B
:103A28006BFF0CA0FEF77AF970BD00002578000046
:103A3800B8A5FF1F6170705F6461746574696D6516
:103A48005F61646A7573745F626173656C696E65E2
:103A58003A0A00000A00000000B58FB003A800F081
:103A6800A5FB03AB07CB0290019100920649089889
:103A7800079A411805A0521C069BFEF74FF903A8A8
:103A8800FFF7B2FF0FB000BD6C0700006368656305
:103A98006B5F64656661756C745F64617465746995
:103AA8006D650A54696D652069732025642D256448
:103AB8002D25642C2025643A25643A2564000000ED
:103AC800F3B591B02C2103A8FEF7D6F910A8807998
:103AD8000E90401E079010A880880F490F9040183C
:103AE800089010A8C6790696047A0594457A049534
:103AF800877A0AA00397FEF711F96846B0C03346E3
:103B08000BA00E9A0F99FEF709F903A8FFF76CFFAF
:103B1800002013B0F0BD000094F8FFFF0A61707038
:103B28005F6461746574696D655F7365743A0A00F2
:103B380054696D652069732025642D25642D2564DD
:103B48002C2025643A25643A25640A0030B585B0EE
:103B5800FEF78CF90F4A9168814208D9012513684C
:103B68002D0651685B190024614113605160906013
:103B780003A8FFF707FF6846827C417C007C6B4600
:103B880007C36846C37B827B818903A0FEF7C6F81A
:103B980005B030BDB8A5FF1F54696D652069732055
:103BA80025642D25642D25642C2025643A25643A46
:103BB80025640A0010B5FEF765F90120FEF768F9DB
:103BC800FEF76CF9002010BD10B586B0044614222B
:103BD8000FA16846FEF768F912493020087078206E
:103BE80048700620891C6A46A41D641E2378401E5E
:103BF8001B09D35C0B70237800061B071B0FD35CD3
:103C08004B70891C000EF0D10870064806B010BD34
:103C180030313233343536373839414243444546FA
:103C28000000000010BDFF1FF8B54D484068C043B4
:103C3800000603D53C20FEF7FBF8F8BDFEF716F9A1
:103C4800474D0746803D28680121890408432860BC
:103C5800E869444908402830E8610320FEF7E8F89D
:103C6800686AC603F60B0320FEF7E2F8686AC40325
:103C7800E40B0320FEF7DCF8686AC503ED0BA642E7
:103C880001D3204600E03046A84200D32846A64289
:103C980001D3314600E02146A94200D22946324AE2
:103CA800B218C32A26D2304AD243944222D92F4B83
:103CB8009C421FD295421DD99D421BD2081A132837
:103CC80018D2274841680C22914341604168FF227D
:103CD8001202914341601420FEF7AAF82048803868
:103CE800416AC269C903C90B08239A43C2612048C3
:103CF8000161F8BD26462C460320FEF799F81848BE
:103D08008038406AC503ED0BFEF7B0F8B84201D31E
:103D1800C01B01E0C01B401E16498842AFD31048A3
:103D28004168090A00914268FF2109028A43009903
:103D3800491C0906090C0A43426041680C22914358
:103D4800091D41600020FEF7B5F80B48009988402E
:103D58000A49884200DB0846FEF7B1FB8FE70000FE
:103D6800C0F0004000FEFEFF91FCFFFF320400009F
:103D78003481FF1FE40C0000E880000060361E005C
:103D8800F8B53D4840683C4C0006803C802100283E
:103D980006DB6068084360600320FEF749F8F8BD59
:103DA800364D0020A861206801229204104320604B
:103DB800334F60688021084360600320FEF738F8BD
:103DC800A869401CA8616068012109040843606073
:103DD8000026E0692B4938404018E0610320FEF7CF
:103DE80027F8606AE169C003C00B08229143E161CA
:103DF800296906225143814201D3091A00E0411A78
:103E08003C2909D2E269012109048A43E261626816
:103E18008A4362606861F8BD761CF6B2052ED8D375
:103E2800E169012000048143E161616881436160C7
:103E3800A8692E46052807D3BFF34F8F13491248A8
:103E4800C860BFF34F8FFEE76068802188436060D9
:103E58000320FDF7EDFFE06938402830E0610320DA
:103E6800FDF7E6FF606AC003C00B3061E169082016
:103E78008143E1619DE70000C0F000403481FF1FED
:103E880000FEFEFF280001000400FA0500ED00E036
:103E9800F0B500208BB00990074606460546089005
:103EA800079025A0FDF73AFF28A0FDF737FF00246B
:103EB80004A92046FEF704F86846838AC28A018B63
:103EC800408A03936B4607C36846038A428B2146A0
:103ED8002AA0FDF723FF6846418B0798641C081841
:103EE80080B207906846018A0998E4B2081880B23F
:103EF80009906846418A0898081880B20890684670
:103F0800008B401985B26846C08A801986B2684617
:103F1800808AC01987B2252CCAD323A0FDF7FEFEDC
:103F28006846E0C02CA0089B099A0799FDF7F6FEA1
:103F3800FDF7CCFF0BB0F0BD5B5045522053544108
:103F48005453204E6F746966795D0D002D2D2D2D0B
:103F58002D20636820636F6E6E4E2072784E756DEB
:103F6800207278437263207278546F4E20747841BF
:103F7800636B207478527479200D00005B504552B1
:103F88005D202530326420253035642025303564A5
:103F980020253035642025303564202530356420CF
:103FA800253035640A000000544F54414C206368A2
:103FB80020636F6E6E4E2072784E756D2072784356
:103FC8007263207278546F4E20747841636B20744A
:103FD80078527479200D00000A5B5045525D202DFF
:103FE8002D20253035642025303564202530356472
:103FF8002025303564202530356420253035640A85
:1040080000000000F8B504460120FDF711FFFDF798
:1040180063FF1849184A0860966A184B1E60184BC7
:10402800DF6A184D2D68AF4202D2DB6AEB1A00E056
:104038000023154D2B603319D362536A2924E403F6
:1040480023435362114A1278002A0FD0104A13787A
:10405800022B07D01378012B06D01278032A06D03A
:10406800C01E02E00F3800E008380860F8BD401FA5
:10407800FBE70000E408FF1F00F00040340AFF1FC0
:1040880000100040180AFF1F1C0AFF1F1C09FF1F11
:104098004A0AFF1F03490020486103490860486035
:1040A8007047000040F0004040F1004070B58AB011
:1040B80000241E4D049405942878012806D004A9EC
:1040C8000120FDF7BBFE002802D000200AB070BD19
:1040D8000498009005980190154881680291C0687D
:1040E8001349039006AA10316846FDF751FD104E9A
:1040F80010222036314606A8FDF7F4FE002811D01C
:10410800012028700B4A31466846FDF741FD0494AA
:104118000020694605948200401C8C500428FADB74
:104128000120D3E7FF202870CFE700006481FF1F3C
:104138000029001184C0FF1FF7B58AB00D46002181
:1041480004916A4605910346CB40DB07DB0F5354C5
:10415800491CC9B20929F6D3002423E0002204AB84
:104168006846467900789854314641406846477811
:10417800077087784770C77887700779C7700671A6
:1041880086794671C6798671067A521CC671D2B292
:104198000172082AE4D30C9801191846FDF7A8FE05
:1041A800641CE4B2AC42D9DB0DB0F0BDF0B50546F5
:1041B80087B029A0FDF7B2FD2AA0FDF7AFFD26A123
:1041C8006846FDF7CCFB2AA16846FDF797FE294E05
:1041D8000024A00031586846FDF796FE002836D026
:1041E800641C0C2CF5DB22A10020FDF787FEFDF7EF
:1041F800C8FBC1B206911EA10020FDF77FFEFDF7A6
:10420800C0FB87B217A16846FDF7A9FB1AA168464B
:10421800FDF774FEFDF7B5FBC6B217A10020FDF748
:104228006DFEFDF7AEFBC4B213A10020FDF766FEDC
:10423800FDF7A7FB6946897DC0B2491E29610F4970
:10424800791869610699E96051C507B0F0BD6846FB
:10425800641C8475C7E7000053657020203820323D
:104268003032360031383A31383A30300000000008
:1042780020000000607AFF1F3A00000094F8FFFF5A
:104288000648006AC00708D004481030C0680448CF
:104298000168002901D005200847704740100040F8
:1042A800307CFF1F0648406BC00708D00448243004
:1042B800C06804480168002901D0062008477047F3
:1042C80040100040307CFF1F38B5FDF73DFC01224F
:1042D8009207936A08240094002B01D10120906270
:1042E8000A480221016000994D1E0095FBD2032166
:1042F80001600094641E0094FCD200210160002B30
:1043080000D19162FDF732FC38BD000000C00040CA
:10431800012189070122202804D28B688240934317
:104328008B607047402805D24B6920388240934300
:104338004B6170476028FCD20B6A40388240934337
:104348000B627047012292070121202804D293684A
:1043580081400B4393607047402805D25369203849
:1043680081400B43536170476028FCD2136A403880
:1043780081400B4313627047012110B58907012260
:10438800202813D20346153B012B07D80A682020A2
:1043980082430A600A6802430A6010BD0B688240C3
:1043A80093430B6008681043086010BD402814D27E
:1043B8000346353B032B07D8CA6810208243CA60DE
:1043C800CA680243CA6010BDCB6820388240934354
:1043D800CB60C8681043C86010BD6028FCD24B6A27
:1043E8004224201A824093434B62486A1043486231
:1043F80010BD0000F1B584B0FEF77AF80124A407D7
:104408000190A76AFDF7A0FB2549022008606062B9
:104418000120A062FDF7AAFB224D28698007FCD481
:1044280020200090411E009101D30846FAE71D4E56
:10443800803E30680028FCDA1B490120FFF768FA43
:10444800002817D10498FDF765FDC0B202902869CD
:104458008007FCD420200090411E009101D308461B
:10446800FAE730680028FCDA0F490320FFF750FA12
:10447800002802D0112005B0F0BDFDF765FB084902
:104488000020086003216162A062FDF76FFB002F26
:1044980001D1FFF719FF0198FEF739F80298EAE70A
:1044A80000C0004080C80040FFFFFF07F7B582B09A
:1044B8000446FEF71DF8009060031121400B090621
:1044C80047188D01AE6A22488168E812814209D9ED
:1044D8001F20C004044005D01E4844620168AA1386
:1044E80011430160002E09D1FDF72EFB1A49022065
:1044F800086068620120A862FDF738FB002003E02D
:104508003A5C03990A54401C04998842F8D300275E
:10451800002E08D1FDF718FB0F48076003206862DA
:10452800AF62FDF723FB0A4881680120C00481427D
:1045380008D9002C06D007484762026801210904FF
:104548008A4302600098FDF7E2FF002005B0F0BD45
:104558006C7CFF1F00C8004000C00040F7B584B065
:10456800FDF7C6FF0190FDF7EFFA244F02203860EF
:10457800440760620120A062FDF7F8FA204D28691F
:104588008007FCD420200090411E009101D30846EA
:10459800FAE71B4E803E30680028FCDA19490120F2
:1045A800FFF7B6F9002818D104AB07CBFDF7B8FC24
:1045B800C0B2029028698007FCD420200090411ED8
:1045C800009101D30846FAE730680028FCDA0D4963
:1045D8000120FFF79DF9002802D0112007B0F0BD97
:1045E800FDF7B2FA0020386003216162A062FDF78E
:1045F800BDFA0198FDF78BFF0298EFE700C0004075
:1046080080C80040FFFFFF07F0B52E4C89B0207826
:10461800012818D0FDF76CFF2B4D079028698007FB
:10462800FCD4202700970098411E0091FBD2264E0B
:10463800803E30680028FCDA24490120FFF768F939
:10464800002821D102E0002009B0F0BD0020009030
:1046580003460146019003229F20FDF7FBFB03213F
:1046680002A8FDF7FDFB28698007FCD40097009895
:10467800411E0091FBD230680028FCDA1349012062
:10468800FFF746F9002801D01120DDE70798FDF76C
:104698003EFF6A46917A527A0804120210436A462B
:1046A800127A0B4B10436060084611380122052826
:1046B80002D81046884001E00120C004A06098613B
:1046C8002270C0E76C7CFF1F80C80040FFFFFF0717
:1046D8008008FF1F30B58DB0302217496846FDF7B6
:1046E800E3FB00246D46600041194978285CFDF71A
:1046F8001DFC641CE4B2172CF5D310484169C200B4
:104708009143052212048918416141690122520628
:104718001143416141690322520591430122520527
:1047280089184161012000F031F900F045F900F0E5
:104738002BF90DB030BD0000247AFF1F00F00040B7
:10474800F7B51C4882B00078002820D06846047A63
:104758001848401C0090215C6846857AC689078AFB
:10476800012916D0037BC27A2946204600F050F86A
:104778003A463146204600F0B7F86846417A204666
:1047880000F09AF800980121215400F0C9F805B00A
:10479800F0BD3A463146204600F0A6F80C204443C6
:1047A8000548201841680722120391432A03114340
:1047B8004160ECE748A5FF1F00E000400C2148439A
:1047C800124940184168490849004160416801227E
:1047D80012049143416041684900490841604168B9
:1047E80007221203914341604168FF22013291433D
:1047F800416041681022914341608168090C0904B5
:104808008160816889B281607047000000E00040E3
:10481800F8B507461C4615460E461220FFF792FDCE
:104828000C2047431248381841684908490041603C
:1048380041680722120391433203114341604168E2
:10484800FF22013291432A0211434160416810223C
:10485800914322011143416041680122D20711436B
:10486800416000221146122000F008F9F8BD00004E
:1048780000E0004070B50F4D00232878012817D0BC
:10488800012000242870FF26E8180A2144705943A3
:10489800D8B2491908724E728C72CC720C73CC81E2
:1048A8000C82FFF78BFF5B1C062BEDDB00F050F84A
:1048B80070BD000048A5FF1F70B504460D460A30BC
:1048C800C1B22846FDF738FB0C2005496043401863
:1048D80041680122114341600248055570BD00003E
:1048E80000E00040547CFF1F10B5914215D80C23FE
:1048F80058430A4BC018446801231B049C43446076
:1049080084680904A4B20C4384608168090C090412
:104918001143816041681943416010BD00E00040C7
:1049280010B5094C206800280CD1122000F07AF844
:104938000648026801210A430260026810231A43EC
:104948000260216010BD0000507CFF1F00E00040A5
:1049580010B50B4C2068012810D1122000F0C4F8C3
:10496800084801684908490001600168102291431C
:104978000160002020601220FFF7CAFC10BD000073
:10498800507CFF1F00E000400F2070470449420997
:1049980003D00020C86006207047C8600020704718
:1049A800387CFF1F0348C1691F2252049143C1612B
:1049B8000020704700F000400548C1691F225204DA
:1049C8009143044A928952041143C16100207047FF
:1049D80000F00040387CFF1F10B578210C48FDF727
:1049E8004BFA0C480078012803D0022804D0042888
:1049F80004D1FDF7A7FA01E0FDF7AAFA0648007806
:104A0800C00702D0064905480863002010BD000011
:104A1800D0A4FF1F387CFF1F00200040B924FF1FCF
:104A2800C000FF1F70B505461248122400780128FF
:104A380015D0042813D0FDF787F80F4800210C2261
:104A48004A43825C002A11D0AA420CD10C23594354
:104A5800012208184270FDF775FA002406E0FDF7F8
:104A680071FA002070BD491C0A29E8DBFDF77EF8C1
:104A7800204670BD387CFF1FD0A4FF1F30B50D4CF9
:104A880000230C255D43655D854201D1072030BDBB
:104A9800002D04D05B1C0A2BF3DB032030BD0C2552
:104AA8006B431B19F9D000245C7018709A6020467B
:104AB800596030BDD0A4FF1F70B5FFF77DFF094DC9
:104AC800002420460C214843295C002907D04019BE
:104AD8004068002800D08047641C0A2CF1DB0020C5
:104AE80070BD0000D0A4FF1F70B50546164800240D
:104AF8000078012811D004280FD0FDF725F80021EF
:104B0800124A0B4608460C267043165C002E0FD03E
:104B1800AE4205D18018437007E0FDF713FA0DE0A7
:104B280080184078002800D0641C491C0A29E9DB59
:104B3800002C05D0FDF706FAFDF718F8002070BD27
:104B4800FDF706FAF8E70000387CFF1FD0A4FF1F26
:104B580070B519480121890742688A608268012373
:104B68001A434A6115490A6B0261496B4161002188
:104B78000420FEF7D5FB01211420FEF7D1FB01210B
:104B88001520FEF7CDFB01211720FEF7C9FB0C4DC0
:104B9800002420460C214843295C002909D04019EB
:104BA8008068002800D08047641C0A2CF1DB0020B4
:104BB80070BD122070BD0000387CFF1F80F00040DF
:104BC800D0A4FF1F1CB51A491F20087019480124DA
:104BD80004701949002008701848C16B4909490137
:104BE8000931C163C16B602291432031C16300F078
:104BF8002DF800210420FEF771FB01211420FEF797
:104C08006DFB01211520FEF769FB01211720FEF736
:104C180065FB052189020A48FDF7A0F90320034630
:104C280000900122074901940748FDF79DF91CBD32
:104C3800480AFF1F490AFF1F680AFF1F80F000404B
:104C4800648FFF1F6882FF1FE08CFF1F10B5FEF7FF
:104C580051FE10BD70B540251C4C012802D000281B
:104C680011D027E06069052140014009C9064018B4
:104C78006061E0691649084016494018E061E0693A
:104C88002843E06116E000210A20FDF74FF90021D2
:104C98000B20FDF74BF9E069032109020843E061A5
:104CA800E069A843E06160690B21400140090907F8
:104CB8004018606160690121090708436061A069C3
:104CC800032149048843A06170BD000000F0004042
:104CD8007F00FEFF80FD010010B5064AD16090609C
:104CE80000F086F8044A00211320FFF7C7FE0020D1
:104CF80010BD00005C7CFF1FF94DFF1F72B606480F
:104D08000168491C01600549042008600020012150
:104D180089074860FEE700007808FF1FC0F00040E0
:104D2800FFB581B00A9F144D7E01A85D002802D00E
:104D3800112005B0F0BD6846407B002801D0052051
:104D4800F7E7741920212046FDF796F801A80FC847
:104D580010340FC4384602F09BFB0120A855002FE1
:104D680006D0064A00211920FFF788FE0020E0E758
:104D78000021034A0820F7E764A3FF1FFB75FF1F04
:104D8800F175FF1F10B5064C43011B199B7E002BC4
:104D980002D002F0DFFA10BD02F0A6FA10BD000042
:104DA80064A3FF1F38B50F4A012800D10E4A00241A
:104DB8000E4B009404E00098451C009598420ADCCC
:104DC800107D8006F7D51170009406E00098411C0C
:104DD8000091984201DD0D2038BD107D4006F5D5C3
:104DE800002038BD0040004000900040102700001F
:104DF800F8B5002518480095426800782B4601212F
:104E0800FDF7B8F81649154888630120154980044C
:104E18000860BFF34F8FBFF36F8F13480168FF22FD
:104E2800120402269143B2051143016064200090E8
:104E38004120FFF787FA4020FFF784FA740766627B
:104E48000098411E0091FBD203206062FFF73CFAF4
:104E5800A562FFF7D9FBF8BD647CFF1F050001FFC1
:104E680000C8004080E100E010E400E0022803D818
:104E7800FF220132914201D906207047024A4000C0
:104E88001152002070470000807CFF1FF8B50028F1
:104E980008D0002906D0144A0546506011800C46F7
:104EA80000260BE00620F8BDAF5D00213846FDF76F
:104EB80067F802213846FDF739F8761CA642F3DB7D
:104EC80009490020083108804880888001460C2262
:104ED8000648FDF75BF80548FF2181806421C18001
:104EE80000F006F80020F8BD787CFF1F8CA5FF1F96
:104EF80070B5FFF7BFFC00200C4BFF240246651C71
:104F08000A2141435854C9184C708A70CA700A71F2
:104F1800CA80401C0D810328F2D3054840680178F7
:104F280059704178D9728078587570BD98A5FF1F5F
:104F3800787CFF1F0EB5124812490288CA80428841
:104F48000A82808848830A226846FDF725F86B465E
:104F580007CBFFF7F5FB0B490A220A316846FDF734
:104F68001BF86B4607CBFFF7EBFB06490A22143107
:104F78006846FDF711F86B4607CBFFF7E1FB0EBD5E
:104F8800807CFF1F98A5FF1F70B50D4E7068FF301D
:104F98000130056AFCF7D8FD00F00CFD71680024AB
:104FA800FF310131496A4919814204D2054909682A
:104FB800002900D1441BFCF7D9FD204670BD000034
:104FC8003481FF1F9809FF1F70B50D460446282934
:104FD80010D1A420005BE188401A0B4980B28842B6
:104FE80008D321466A3105220E46481FFCF77AFF8E
:104FF800002804D029462046FCF7D4FF70BD31466E
:105008002046FCF7D5FF70BDFF7F000010B50029D2
:1050180001D0FCF7D3FF10BD70B50024FCF794FD58
:105028000D484068FF30193060C800F0C3FCA9196A
:10503800814203D20948006800280AD008490420A0
:10504800087008488169491C8161FCF78FFD20467A
:1050580070BD0124F9E700003481FF1F9809FF1F84
:105068002309FF1FFC0FFF1F10B5FCF7ADFF064912
:10507800A122897892005143044A12688918044A87
:10508800498C518010BD0000300DFF1F3409FF1FEF
:105098003481FF1F70B51F48012201781E4D002979
:1050A80015D01E48A1218078890048431C491D4C11
:1050B800096822704618207800F0FEFDA87B0028B9
:1050C8001AD003281BD002281CD0002070BDA97B51
:1050D800002904D0032904D0022904D005E0027075
:1050E80003E0042100E003210170FCF7E1FD0E4913
:1050F80000200870012070BDFCF76CFF04E0FCF78D
:105108006FFF01E0FCF772FFFF36FF360236317B96
:10511800217070BD1C09FF1FA60BFF1F300DFF1F5C
:105128003409FF1F490AFF1F2309FF1F70B5264DC9
:10513800264E2868002804D0FCF75EFF2978C8406E
:1051480004E0FCF759FF3168FCF7E6FC04462868E0
:10515800002804D0FCF756FF2978C84004E0FCF783
:1051680051FF3168FCF7D8FC1949A12289789200CF
:105178005143184A184B126889180D78174A002DA0
:1051880017D0FF31FF3102314C6C1548641C4C6458
:1051980000689968884201D3401A02E0114B591AF5
:1051A8000818D2381060012C02D1FF30F530106099
:1051B80070BDFF31FF31002502314D645968201A56
:1051C800C9684018F3E700001C08FF1F1808FF1FF4
:1051D800300DFF1F3409FF1F3481FF1FA009FF1F77
:1051E8009C09FF1FFFFF3F00F3B506466548A12154
:1051F800807889004843644983B00968A12244182B
:105208002046FF3021305F49009089789200514351
:105218005D4A407D126800258F18FF378137322894
:105228001DD022281BD0F86A0168002909D081887E
:10523800001D090A891CFCF7EBFEF96A002001250C
:105248000860FCF7EBFE04992746FF370880C13752
:10525800387C002821D0B0421FDC002014E04B49E4
:10526800012008600020F96A01250860E9E780004C
:105278000019FF308130006B8188001D090A891CE4
:10528800FCF7C6FE0198401C0190397C8142EEDC97
:10529800C8B2361A4519002038743D490020C87034
:1052A800FF20AD3000590168002903D00079C043C0
:1052B80080071ED00098C07D00281AD00098807DF5
:1052C800002816D1387CB04213DAFF204930005B41
:1052D800010A2046FF304930891CFCF799FE0099E5
:1052E8000020C87500980121817529486D1CC1707E
:1052F800761E387C002802D0284605B0F0BD20462E
:10530800FCF792FE0090002821DD002E1FDD00270B
:1053180018E02046FCF78EFE80000019FF300130AF
:10532800C06E8188001D090A891CFCF771FE2046A1
:10533800FCF786FEE01DFF30FA30016A6D1C491C3F
:105348007F1C01620098874201DAB742E1DB09203D
:1053580080012018817E002911D0017D00290ED0FE
:10536800428E002A0BD0817F914202D2491C81775C
:1053780005E0002181771A212046FCF727FCA8B216
:10538800BBE70000300DFF1F3409FF1F0014034066
:10539800E010FF1FF8B550480068012803D14F48B6
:1053A800816D491C8165FCF717FC4D4C4D49A06087
:1053B8004D4841610125C56005602078002806D068
:1053C80006224A494A48FCF7E5FC00202070494972
:1053D800486B494AC0B21278002A17D1474A0023BD
:1053E800D356002B464BD35606DB1B040026965794
:1053F80032029A18121808E0FF331B040026965749
:1054080032029A183F4B1218D2184A63022801D266
:10541800022002E0502800D950203B4A1278022A84
:1054280011D03A4A16783A4B1F78BE420FD91678EF
:105438001B78F31A801E4010434310784001C01AAD
:105448001030401104E0334A1678334BECE71078FB
:105458004A69120A120210434861FCF7CFFB06465C
:10546800052801D0042E1ED12C480078002806D02B
:105478002B480078002802D00020FCF7E7FD2948D7
:10548800A121807889004843274909684018FF30DE
:10549800FF300230007B042801D0032803D1FF200D
:1054A8005F30FCF7EDFB022E0ED120480078012872
:1054B80007D0032805D0022803D01D480078022809
:1054C80002D16C20FCF7DCFB1A48C5820948403839
:1054D8000068E060F8BD00009809FF1FFC0FFF1F7F
:1054E8003481FF1FFF3F000000100340D50BFF1F52
:1054F8007211FF1F800003408C09FF1F680AFF1FFD
:1055080000000000FFFE0000490AFF1F440AFF1FB9
:10551800450AFF1F460AFF1F470AFF1FF908FF1F1A
:105528002209FF1F300DFF1F3409FF1F1C09FF1F31
:105538002309FF1FBC0BFF1F0A48094901600B49DB
:10554800094A4A630A4A0A630A4A82600A4A8A631B
:10555800064A0A49803251610949C1627047000010
:10556800792DFF1F4000FF1F914FFF1FC001FF1F34
:105578002150FF1F912BFF1F9D50FF1F0556FF1F36
:105588007150FF1F10B504490968002901D08847E8
:1055980010BDFCF75DFB10BD8002FF1F10B504496C
:1055A8008968002901D0884710BDFCF751FB10BD60
:1055B8008002FF1F10B504494968002901D08847B7
:1055C80010BDFCF745FB10BD8002FF1F10B5044954
:1055D8000969002901D0884710BDFCF739FB10BDC7
:1055E8008002FF1F10B50449C968002901D0884707
:1055F80010BDFCF72DFB10BD8002FF1F10B50D4933
:10560800A1228978920051430B4A126889182422F2
:10561800535C0A4A5288934209D2D21A084BC96984
:105628005A435143421C02D0C82800D04018FCF706
:1056380013FD10BD300DFF1F3409FF1F3481FF1FFC
:10564800710200007CB5042002F0D0F9274D042037
:105658002870274C01202070FCF704FDFCF708FD9A
:10566800FFF76AFFFFF7AEFAFFF734F82878FCF780
:1056780005FD2078FFF7EEFAFFF7AEF91D4903C9DB
:10568800FFF72AFBFCF700FDFCF704FD0D20FCF7F3
:1056980007FD002801D000F063FB174917A0FCF7AD
:1056A8003DFB1C4909781C480078019100902B7833
:1056B80022781A4801781AA0FCF730FB244C0821FC
:1056C800224624A0FCF72AFB0523A1229B02920074
:1056D80021462C48FCF722FB2B4801682BA0FCF73D
:1056E8001DFBFEF767FA00207CBD00004A0AFF1F79
:1056F800287CFF1F1C7AFF1F0101030053444B2025
:1057080056657273696F6E204944202530387820B9
:105718000A000000450AFF1F440AFF1F4B0AFF1F2B
:105728007266436C6B202564207263436C6B202582
:105738006420737973436C6B202564207470436113
:10574800705B2530327820253032785D0A00000001
:10575800780A000073697A656F66287374727563D6
:1057680074206C6C5F706B745F6465736329203D93
:105778002025642C206275662073697A65203D2097
:1057880025640A00F47AFF1F800AFF1F5B52455305
:10579800542043415553455D2025640A20000000EC
:1057A80070B500241620FCF781FC18491622086001
:1057B8000021FCF7EBFB20460124FCF77DFC0225C9
:1057C8002046FCF77FFC2846FCF782FC03200425D2
:1057D800FCF784FC05242846FCF786FC06252046B1
:1057E800FCF788FC07242846FCF78AFC0825204695
:1057F800FCF78CFC09242846FCF78EFC0A25204679
:10580800FCF790FC2846FDF7C5FB70BD747EFF1FB2
:1058180070B588B006460025294C0300FCF742FA0B
:105828000649043B49494249009501950295684655
:1058380003950576C12004A98000FCF779FC04A82B
:10584800FEF7C2F901460E226846FCF7A3FA1C4887
:105858006D4608222730A91DFCF79CFA1848082233
:10586800A91D5F30FCF796FA154A61201C321C21ED
:10587800C000FCF76BFA124A112156320020FCF7DF
:105888008FFA06AA01210F48FCF760FA0821607A0E
:10589800FCF71AFA0DE00421607AFCF70FFAA581EB
:1058A800658106E008A0FCF739FA0021607AFCF768
:1058B80045FC667031460BA0FCF730FA08B070BDA5
:1058C8005880FF1F050300000A3D3D204741505204
:1058D8004F4C455F434F4E4E4543544544203D3D54
:1058E8000D0A00005B47415020524F4C452025646B
:1058F8005D0A00007047000070B5002405464E1E82
:1059080007E007A0FCF70AFA07A0FCF707FA641CEF
:10591800A4B2295DB442F4DB04A0FCF7FFF970BD22
:105928002530325800000000200000002530325891
:105938000A000000F8B51E484168090601D5002094
:10594800F8BD4168802211434160194D0A2600279D
:10595800803DE86940084000E8610620FCF768FAE5
:10596800134CC03CA06980210843A061E86901216B
:105978000843E86102E00820FCF75AFAA86A8005A3
:1059880004D43046761EF6B20028F4D1002E07D093
:10599800286A7E21C70BA0690F4088433843A0615D
:1059A800A16980208143A1613806400EF8BD00003E
:1059B800C0F0004010B5FCF70FF90748406806280A
:1059C80007D30649096801221205114201D180084E
:1059D80010BD002010BD00000010004000E200E0F3
:1059E80010B501F049F9044A0121582001F054F892
:1059F800FFF7A0FF10BD0000600AFF1F30B5384850
:105A080001680122920411430160416803221206D1
:105A18009143344A13781B061943416043680321B4
:105A280089058B4330490C78A405234343604368B8
:105A38006024234343601378022B08D01378012B8A
:105A480005D00B78022B02D00B78012B04D14368C8
:105A5800FF240134234343601278032A02D00A78D2
:105A6800032A03D1426880231A4342604268032311
:105A78009B041A4342600B780122D2051B48002B75
:105A880003D11B4B1B78032B19D0C3689343C36006
:105A9800164A184B4032D360FF2581351561164CE4
:105AA8005461164B9361114B80335D609C60144CBC
:105AB800DC60144B03600978002903D006E0C36852
:105AC8001343E4E701680123194301600E4909788B
:105AD8000E4BC906C90BC91881630D48D06130BD8A
:105AE80040F000404C0AFF1F4B0AFF1F8000034094
:105AF8004A0AFF1FC00B00207A3E6A07000089048B
:105B080000808904CC240000480AFF1F25080000F3
:105B18002FFCA601F8B505004A484B4B4B4C4C4AA4
:105B28004C4934D0022D32D086155710066286694A
:105B38009E43B31883612078002833D00F6146480C
:105B48000863464800780122120380184861414ED4
:105B5800404C434B803E403C002D27D06521414AB4
:105B6800C9024148012D2ED0022D31D0032D5AD023
:105B7800042D58D03D49691831603D49A160236022
:105B8800E06002210846FCF7DFFA3A482BE080265D
:105B9800066286699E430123DB04F6188661207835
:105BA800002801D00A61CAE70B61C8E732483060B3
:105BB8000020A06023603148E06003210846FCF71C
:105BC800C3FA2F480FE02F4B3360A2602160D7E75C
:105BD8002C4B5B1C3360A2602160E0600221084608
:105BE800FCF7B2FA28482061F068FF210843F0600A
:105BF800264860612648A0612648E0612648206260
:105C0800264860622648A0622648E062264820634B
:105C180026486063E020012D0DD02168022D0ED0AA
:105C280081432160F8BD224BEB183360214B736030
:105C38002160A260A4E7216881432031F1E7814314
:105C48004031EEE7C000034000001C004B0AFF1F74
:105C5800000004008000034003000001440AFF1F05
:105C680000280B0055555537D6BE898E0080064250
:105C780055555500805508220080067807EE753680
:105C8800806608220180063D80450822A49C5C5459
:105C98004C44434241524C46403A342E28007F55EA
:105CA8004F49433D37312B4C46403A342E28221C6D
:105CB80000800698545A9850F0B5224B214D21493E
:105CC8008026204A0727BF04403BC03DE024803996
:105CD80002281662966914D0BE430127BF04F6193C
:105CE8009661194A1278002A1ED07A101A61012882
:105CF8001ED0164A80182860154808610868A04315
:105D080014E00120BE43C004361896610E4A12788A
:105D1800002A00D0401018610E4828600E4808611B
:105D28000868A043403001E01F61E0E70860F0BD6B
:105D38000848401E2860094808610868A0432030C8
:105D4800F4E70000C00003404B0AFF1F00800698DC
:105D5800805508220280063D804508228066082278
:105D680086B0FCF791F99CA0FBF7D8FFA249A1489F
:105D7800C862A2A0FBF7D2FFA7A0FBF7CFFFADA098
:105D8800FBF7CCFFB2A0FBF7C9FF0120B749C0025F
:105D98000860B7484168012211434160B549B648D7
:105DA800FCF7D8F90120B149800580310860B34E6D
:105DB80000257560B24FB34C70680228FCD3B24816
:105DC800B24902780A7040784870756000F0BCF9F2
:105DD800387800F0A3FB00F017FC25800020009025
:105DE800EBE03878022806D0387808284AD0387886
:105DF8008A28F5D146E0502208216420FCF7B0F942
:105E0800FBF7EAFEA24909688842A14902D309685A
:105E1800401A03E00A689749891A08180490FBF7A2
:105E2800E7FEC0070CD09B480078002808D10098EE
:105E3800002805D1FBF7E8FE012000909648C561CF
:105E48009649049809888842CAD39248007800285D
:105E580004D0FCF78BF9FCF78FF903E0FCF78CF919
:105E6800002000908A4802688C490988511801600E
:105E7800026880498A4204D901687E4A52428918D8
:105E880001609AE03078000705D58548016949091D
:105E9800490110310161834881693F22520211434F
:105EA8008161FBF7A5FEC0077ED0FBF7A1FE400588
:105EB80008D52088401C208002AA03A901A800F068
:105EC8007BFD16E0FBF794FE800701D5764804E0D9
:105ED800FBF78EFE400704D574480188491C0180F1
:105EE80007E020887249884201D1002000E020881C
:105EF800208038788A2836D1FBF76EFE6449096815
:105F08008842634902D30968401A03E00A6859497C
:105F1800891A081867490968884224D90A2000F0B4
:105F2800FDFAFF20F530FDF7AFF9822000F0F6FA10
:105F3800FF20F530FDF7A8F9862000F0EFFAFF20E2
:105F4800F530FDF7A1F9882000F0E8FAFF20F530D8
:105F5800FDF79AF925805448058054480580FBF7D9
:105F68003BFE4B490860FBF74FFEFCF705F920881C
:105F7800002822D02088012824D04F48007869467C
:105F88000979401840084C490870208801281CD01D
:105F98004A48008869468989401840084749088066
:105FA8002088012814D000E007E0454800786946B9
:105FB800097A40184008424908707068022800D3DE
:105FC800FAE60EE768460079DDE768468089E5E786
:105FD8006846007AEFE700000A3D3D3D52465F50B3
:105FE80048595F44544D2056312E312E323D3D3DA7
:105FF8000A000000D925FF1F8003FF1F3D3D3D20FB
:10600800535550504F525420424C4520314D20207A
:106018003D3D3D0A000000003D3D3D205355505098
:106028004F525420424C4520324D20203D3D3D0AE0
:10603800000000003D3D3D20535550504F52542024
:10604800424C52203530304B3D3D3D0A00000000A7
:106058003D3D3D20535550504F525420424C522004
:106068003132354B3D3D3D0A0000000000E100E0C3
:1060780000400040FFFF3F00281000405881FF1FEC
:106088004D0AFF1F560AFF1F64C0FF1F690AFF1F42
:10609800640AFF1F490AFF1F40100340540AFF1FEC
:1060A8004000034000F00040580AFF1F5A0AFF1F33
:1060B800FFFF0000740AFF1F520AFF1F5E0AFF1F3E
:1060C800530AFF1F10B51C4CC0B0207869464870B1
:1060D8001A4802780A7002780021012A06D002784C
:1060E800022A05D00278032A04D007E00F2105E030
:1060F800552103E0FF2104226B461A7000786A4696
:10610800002801D0002009E021780D48921CFEF7F4
:1061180013F806E01318401C9970C0B2237898420F
:10612800F8D3032007490004086021786846891CD1
:10613800FBF76EFF40B010BD4E0AFF1F500AFF1F4D
:10614800FF01000040000340F8B5E14B1878E14D2D
:10615800800928702878E0490424E04E00281BD0E4
:106168002878032818D02878012802D0287802280F
:1061780057D118788206DA48920E02705878D94AB0
:106188008008107058788207D748920F0270D74A53
:106198001288032A6FD094E11878D54A8006800EB9
:1061A800107058788708D34807702D78002D03D0D1
:1061B8001378002B70D04CE11578002D02D10578AA
:1061C800002D07D01578012D06D017780125022F4C
:1061D80009D00BE0002037E10C220A700078C6498C
:1061E8008007800F30E10778012F03D01778022F3E
:1061F80002D004E0102029E00778022F03D0177896
:10620800022F04D006E012200870022014E007785C
:10621800032F03D01778022F04D006E01620087049
:106228003470F8BD0778042F03D01778022F05D0F3
:1062380007E01420087003203070F8BD0778202F7D
:1062480003D01678032E04D006E0182008703570A5
:10625800F8BD0678002E03D01678032E02D004E08D
:106268002020F1E00678012E03D01678042E03D002
:1062780005E02220E8E01DE10678002E03D016781C
:10628800052E02D004E02420DEE00678002E04D09B
:106298001678052E03D005E0D8E02620D4E006784D
:1062A800012E03D01678052E02D004E02820CBE07A
:1062B8000678022E03D01678052E02D004E02A2094
:1062C800C2E00678032E26D01678342E25D016780C
:1062D800352E41D01778894E362F4FD01778372F63
:1062E80053D01778382F59D01778392F5FD01678B0
:1062F800834B3A2E65D016783B2E6DD015783C2D01
:106308007DD015783D2D7BD013783E2B79D012782F
:106318003F2A77D0CAE02C2096E00078C507ED0F19
:1063280000240BE0022C12D0032C10D0052C09D02D
:10633800062C07D00A2C05D00B2C03D02946204662
:10634800FBF720FF641CE4B2172CEBD3F8BD2946F9
:106358002046FBF71DFFF1E7017800784D09C406D8
:10636800E40E022C01D0032C03D129462046FBF76A
:106378000FFF29462046FBF705FFF8BD722008707D
:1063880030685978000A000218E0742008703068F4
:10639800FF2109028843597809020FE07620087026
:1063A8003068FF21090488435978090406E07820F9
:1063B8000870306859780002000A090608433060FE
:1063C800F8BD7A220A701978C907F9D000780A3816
:1063D800810040184B4937E07C220A7002784A490C
:1063E800002A10D000220A70007841004748017046
:1063F800007801210903401845494861F8BD04E0C7
:1064080012E019E01AE00D70F8E77E220A70197898
:106418004907F3D53F49CA6B007852095201C006B3
:10642800C00E0243CA63E9E780220A701978890717
:10643800E4D50078384907E00C7001E006220A70BC
:10644800017827480170D9E70870D7E70378002B4F
:1064580003D013783F2B02D004E00A20F4E7037836
:10646800002B03D013783F2B02D004E08220EBE707
:106478000378012B03D013783F2B02D004E084204B
:10648800E2E70378022B03D013783F2B02D004E015
:106498008620D9E70378032B03D012783F2A02D04D
:1064A80004E08820D0E70078042801D0FE20CBE75C
:1064B8008A20C9E73278042A02D03278032A00D128
:1064C80004702878012801D00220BDE70820BBE726
:1064D800690AFF1F6D0AFF1F4D0AFF1F490AFF1FA8
:1064E8006E0AFF1F4E0AFF1F500AFF1F560AFF1FA2
:1064F8006F0AFF1F700AFF1F4F0AFF1F780AFF1F4E
:106508005881FF1F680AFF1F730AFF1F440AFF1FF5
:106518008000034080F00040510AFF1FF8B5304C5E
:106528000021217061702F4B2F4D304AFE281BD05F
:1065380080260A281CD082281ED0842821D08628AC
:1065480023D0882826D0242828D0362626283FD0AD
:10655800A9273F0128283FD02A2839D02C283BD00A
:1065680019702970224813E019700120287019E069
:106578001E7029701F4802E01E7029701E4800888E
:106588000FE01E7029701D4802E01E7029701C481B
:10659800007806E01E7029701A48F9E7197029700A
:1065A8000C201080207811881B78090A19430843A9
:1065B8002070617810882A7810430143617021782F
:1065C8000020FEF7EFFB61780020FEF7EBFBF8BD3B
:1065D800197029701680E5E7197029701780E1E7AE
:1065E8006B0AFF1F710AFF1F720AFF1F5C0AFF1F59
:1065F8004D0AFF1F560AFF1F5E0AFF1F440AFF1FAE
:10660800520AFF1F530AFF1FF8B5AB480078AB4D7D
:10661800800129788906890E08432870A8480178DE
:10662800A84C4900891CCEB2217801291FD02178B5
:10663800022920D02178032921D02178042923D0C8
:10664800297800784A0181004018401DC6B2C0323E
:106658009D489D49F8301018FBF758FA9A49484365
:106668009A4908809A4800788A2813D01DE028782B
:10667800C2005032ECE7287882002C32E8E728780C
:106688000201FF32CF32E3E728782D21800109018A
:106698004218DDE78D4800887D21C90048438D49AF
:1066A8000860FBF799FA8C49086003218B480904B4
:1066B80001608A4F0E2040373862B8157862002092
:1066C80038628749F96082490A78002A35D0084635
:1066D8000078022851D00846017804294DD0017865
:1066E80006294AD00178082902D000788A2843D19F
:1066F800FFF784F97B4A0121022000F0CDF900F070
:1067080073F92078FBF74AFD704802887649643AA5
:106718004A6200886438886274487549320770D0C4
:10672800C2698A43C26173480021415600297249EF
:10673800415667DB0804801999E070490880704960
:1067480008805D4908702870604908806D490A789A
:106758006D490A706D4908806D4908706D49087067
:10676800012121706C4908706C484169C20091434D
:106778000522120489184161F8BD6948007800288B
:1067880005D0FFF73BF90421304600F015FA00F078
:106798002BF95D48007800F045F92078FBF7FEFCFE
:1067A80054480021415600295349415602DB08024A
:1067B800801903E008025B49801940187863207843
:1067C800594A002806D045485849816058490968FF
:1067D800C160026000214148C94341603C4D2978AD
:1067E80006290BD0FF2141317962297802290AD084
:1067F8002178002914D04C49203116E0FF210131BD
:10680800F2E728E02FE02078002804D0FBF7AEFC60
:10681800FFF758FC0AE0FBF7A9FC00F091F805E047
:10682800444901602D484449403801600020FBF785
:10683800BBFCFBF7BFFCFBF7E7F92878022807D178
:106848002078FBF799FCFBF7C7F923490860F8BDE6
:10685800FBF792FCF8BD7E63C2698A4303210902F3
:106868005118C16104E0080434498019401878635C
:106878002078002808D000211848C94341602B49D6
:1068880081602B490968C1602878C01CFF2801D99C
:10689800FF2006E02878282801D2282001E028785F
:1068A800C01C0E494039C8600020FBF77DFCFBF78F
:1068B80087FCFBF7A9F9CBE74F0AFF1F4E0AFF1F1A
:1068C8006E0AFF1F490AFF1F71020000540AFF1FCA
:1068D8004D0AFF1F740AFF1F640AFF1F4000034090
:1068E80040401000600AFF1F0010034000010340F1
:1068F800000F0000680AFF1F00000000560AFF1F73
:106908005C0AFF1F480AFF1F510AFF1F5E0AFF1F8C
:10691800520AFF1F530AFF1F500AFF1F00F00040D2
:10692800730AFF1FFFFE00001000030055555500B5
:10693800780AFF1F33000B0002800678FFFFFE0075
:1069480030B5A5B00020009001900290039018A0E7
:106958000068184D0490297800206A46117505AC26
:10696800612208E0215CCB0149080B435340211800
:10697800401C4B70C0B22978491E8842F2DB297846
:1069880004AB6A46601C891EFBF720FC6846017C44
:10699800287820182038C1776846407C29786054C8
:1069A800297805A8491CFBF733FB25B030BD00004A
:1069B800FFFF00004E0AFF1F70B50A4B5C6A9D6A14
:1069C800A30501269B0D7602B34201D99B1B02E069
:1069D800FF33FF3302330B80290E0170200E107035
:1069E80070BD0000C000034010B50A4900200870BF
:1069F800094902200870FFF701F80848007800F0FC
:106A080011F8074C2078FFF785F82078FBF7E4FBAE
:106A180010BD00004B0AFF1F4C0AFF1F480AFF1F4A
:106A2800490AFF1FF0B51A4A03230725D60019495A
:106A38009B026024ED0157693F281AD0B743052609
:106A48003604BE195661CA689A43CB14D218CA6074
:106A5800CA69A2432032CA61CA69AA43CA610D49F8
:106A680040398A6BC0061205120DC00B02438A63B7
:106A7800F0BDB7430126B604BE195661CA689A43E9
:106A8800CA60CA69A243CA61CA69AA438032E5E7F3
:106A980000F00040C0000340F8B53A4B5D6A9C6ABC
:106AA80000265E629E62384B58630E2018629E155F
:106AB8005E62402098625020D862FF202B305862D6
:106AC80031484030012915D0802101622F49FF2328
:106AD8002D48A533403083602D4B43602A4B2D4809
:106AE800403B18617D20C0000090471E009705D3E9
:106AF8003846FAE7066225498331E8E726488905DA
:106B08000F18214840388763234B5B1CC9188163E1
:106B180022480090224800780300FBF7C3F80504D8
:106B28000408060D08001F4800E01F4800901F4891
:106B380010601548403005E01D48F7E7C16AC943B1
:106B4800890F14D000994B1E0093F7D20E49403993
:106B58008F630D4900228A62CA6282604E620A62AD
:106B6800FF2041304862074845628462F8BDC16A27
:106B7800104B1940116011680122090C1204891880
:106B88004160E3E70010034080000340CA020000B0
:106B98002020000080560C2064652100102700008A
:106BA8004A0AFF1F204E0000307500000000202018
:106BB800409C0000FFFF3F3FFCB50D460746002004
:106BC8006946087088802A490A780124294EAC4011
:106BD800012A0BD00A78032A08D00A78042A05D09B
:106BE80009780229694625D0087036E06946087098
:106BF8000CE00021384600F065F8014668468088B8
:106C08000918684681800178491C01706846007837
:106C18008442EEDC68468088E840083025E001219F
:106C2800384600F04FF869468988401869468880D8
:106C38000878401C087008788442F0DC084611E0A7
:106C48000121384600F03EF8014668468088091858
:106C5800684681800178491C017068460078844242
:106C6800EEDC68468088E840001D3070FCBD0000FE
:106C7800490AFF1F440AFF1F00B50021022000F047
:106C880021F80C49801C08700021422000F01AF8F5
:106C98000949801C08700121022000F013F80749F7
:106CA800801C08700121422000F00CF80449801C67
:106CB800087000BD440AFF1F450AFF1F460AFF1F50
:106CC800470AFF1FF8B53B4C394A2260394D394A0B
:106CD80007239B04803540320129A9690ED09943C6
:106CE80001239B04C918A9613349D16033490B7842
:106CF8000121C905324E002B07D009E09943012331
:106D0800DB04C918A9612F49EFE73378032B14D0A6
:106D1800D3688B43D36050630E20106200275762FC
:106D2800FF20153050622848009030780300FAF7A9
:106D3800B9FF0507070D090B0D00D3680B43E9E7F9
:106D4800224802E0224800E0224800900098431EB2
:106D58000093FBD2686B57620002000E17621E4B4D
:106D6800D360FF23413353626523DB0223601B4D4D
:106D78002F78E023012F0AD02D78022D25680AD01C
:106D88009D4325600D4B1B78002B07D009E0256833
:106D98009D432035F5E79D434035F2E73378032BD3
:106DA80003D0D3688B43D360F8BDD3680B43FAE7AD
:106DB80010000300400003407F4073004B0AFF1F90
:106DC8004A0AFF1F7F40530010270000204E000092
:106DD80030750000409C000040401000490AFF1F29
:106DE800F0B5C5B0042840D101A9FCF7E3F968461D
:106DF800017979A0FAF792FF6846007900267B4D61
:106E08007B4CFF2815D0FE281FD0FD282FD0002846
:106E180030D001287AD0022879D0032878D00528E4
:106E280023D16846C27945798479002A71D01346FE
:106E3800C6E06846417921710A2041436DA0FAF7FE
:106E48006DFF2670AF20C0000BE0684641792171C4
:106E58000A2041436DA0FAF761FF032020704B2000
:106E6800C0002968086000F0C9FB45B0F0BDFDF717
:106E78000FF8FAE768464079C1094006E170400E0C
:106E880081004018608168468079A070694665482D
:106E9800FBF74EF968460088810008188003050C46
:106EA80068460580E778002F00D065816089002852
:106EB8001FD0A84204D2C0002946FAF72DFEA070C0
:106EC800A078002804D10120A0706D1CA80860815A
:106ED800002F04D00421607AFBF730F90EE000217E
:106EE800607AFBF72BF962890421607AFAF7F2FEDF
:106EF80004E00421607AFAF7E1FEA681E07862896D
:106F0800002868460388A17806D003E008E045E039
:106F18004CE053E044A000E04AA0FAF7FFFEA4E7E3
:106F280068464179A17182796271C379E371007A07
:106F380089002072062900D2062140AC92002181E6
:106F4800062A00D206222280A3806424604340AC33
:106F5800A08101252574009041A0FAF7DFFE314891
:106F680042AA0221401FFAF7F1FE2E4840AA022148
:106F7800001FFAF7EBFE2B4841AA0221C01EFAF7C0
:106F8800E5FEC52043AA02218000FAF7DFFE254866
:106F980044AA0121C01CFAF7D9FE66E76846417980
:106FA8003848018038A0FAF7B9FE5EE768464179AB
:106FB8000020CA007032FBF715F956E703231A467A
:106FC80029460020FBF714F923461A4629460020D3
:106FD8000096FBF713F948E75B5752545F41545446
:106FE8005D2025303278200A000000003881FF1F1C
:106FF8005880FF1F5B416476496E747620434F4E7C
:107008004E4543545D20253034640A005B41647664
:10701800496E7476204E4F4E434F4E4E5D202530BC
:1070280034640A00160300005B4E6F74665F436F9A
:107038006E6E5D20702564206E6925642063692565
:10704800640A00005B4E6F746966792020205D2019
:10705800702564206E69256420636925640A000030
:107068005B436F6E6E506172615D20253034642021
:1070780025303464204C2530326420542530326465
:107088000A0000006681FF1F5B4D54552053495A82
:1070980045204D41585D20253032640A000000002B
:1070A80010B50446084884420DD0012907D00229AA
:1070B80009D101212046FBF7A7F8002803D103498D
:1070C8002046FAF7A3FE10BDFEFF0000407FFF1F19
:1070D8007CB514460D46052801D002207CBD144914
:1070E8000020FBF797F8C0071FD02A462146114811
:1070F800FAF750FE0020FAF741FE0E4C00192178ED
:107108002038C1760020FAF739FE00196178203856
:107118000177FF210E20064B0191009008330022D1
:1071280021460348FBF77CF87CBD10207CBD00009D
:10713800487FFF1F0BBBFF1FF8B50C46097A0026D6
:1071480006981D461746C90601D50820F8BD00282F
:1071580001D00B20F8BD21780020022903D0188027
:1071680001263046F8BD61680A7849780902511845
:10717800104A89B2891808D001290CD002290AD0EE
:10718800032908D018800A26EBE701201880E06858
:1071980000783870E5E70020FAF7F0FDC01E288077
:1071A8000020FAF7EBFDC21E3846E168FAF7F2FD57
:1071B800D7E700000C00FFFFFEB517460E46327AEF
:1071C800002508991C46920601D50820FEBD327894
:1071D800022A01D0012571E07268137852781202F0
:1071E8009A183C4B92B2D3186AD03B48181805D06D
:1071F80001280FD0032831D00A255FE000292FD1BC
:10720800012C35D1F068397801703448824255D163
:1072180003204BE0002923D10020FAF7AFFDC01E60
:10722800A04225DB22463946F068FAF7B3FD142C54
:107238000CD90020401CC0B20A28FBD320460A38CB
:1072480000E0401CC0B2A042FBD305E0002001E0F2
:10725800401CC0B2A042FBD3042027E0002901D083
:107268000B252BE00020FAF789FDC01EA04201DAA9
:107278000D2523E0397878780902401881B2381949
:107288002038C27F807F0002101882B214489142D1
:1072980003D08168491C816007E002688A4202D0F5
:1072A8004268521C4260491C016006200D49496829
:1072B800002903D00968002900D088472846FEBD68
:1072C800012201920091E3B23A463146FAF7AEFF45
:1072D8000546F3E7FED6FFFF0E29FFFFF4FF000087
:1072E80004BDFF1F387FFF1F78B5174B012800D159
:1072F800164B00241648009404E0009D6E1C00966E
:1073080085421ADCDD6FED07F7D10AE0009D6E1C9F
:107318000096854211DC1D7DAD06F7D50D781D70F0
:10732800491C1546521E92B2002D0094F3D106E076
:1073380000994A1C0092814201DD0D2078BD197D1B
:107348004906F5D5002078BD004000400090004077
:10735800A0860100F7B507462A49400144182A4E7D
:10736800241D1546002A10D0019800280DD0217838
:10737800002908D0E088A84205D3012916D0A188A1
:107388004919814203D90320FEBD0620FEBDFAF744
:10739800DBFBA188A0682A4640180199FAF7FCFD92
:1073A800A0884019A080FAF7E1FB27E0A0680199BE
:1073B800FAF7F2FDA5800020608002202070A16805
:1073C800102D00D91025012F00D1104E726802200F
:1073D8008243726004E06088421C6280085C3070FE
:1073E80028466D1EADB20028F5D1002F08D019200F
:1073F800FDF718FB70680221084370600020FEBD8D
:107408000820F5E764A3FF1F0040004000900040FB
:10741800F8B5064608270B20184C012E02D119276B
:10742800174C11200121814016480160BFF34F8F8E
:10743800BFF36F8F144871010D18287C0021FAF7EB
:10744800FBFE687C0021FAF7F7FE802020730025F8
:10745800257125702573257265603846FCF78CFF09
:107468003846FCF755FF002E03D008484560002039
:10747800F8BD06484038C562F9E700000040004002
:107488000090004080E100E064A3FF1FC003FF1FDD
:10749800F0B587B00746FAF7D5FE069008200190A8
:1074A8000420009005200390464C0B263846FFF731
:1074B800AFFF012F07D11920019008201126009055
:1074C800414C09200390414879010D18287CFF2878
:1074D80002D1687CFF282CD010350198FCF732FFC8
:1074E8000198FCF749FF28780221FAF71FFD687810
:1074F8000221FAF71BFD28780099FAF71DFD687834
:107508000399FAF719FD002020730698696800119D
:107518004A088018FAF700FB014600202061802005
:1075280020730A0A22712170E97A002904D01B21EC
:1075380003E0062007B0F0BD03212173297A002952
:1075480000D087212172012161602A7A002A02D0A5
:10755800626802436260AA7A002A03D06268022342
:107568001A436260002F12D01A4B194A5A60FF2240
:10757800002E11DBB408184BA400E4182368B507E3
:10758800ED0EAA409343A8400343236013E0114B38
:10759800124A403BDA62EAE733071B0F083B9C08B4
:1075A8000F4BA400E418E369B507ED0EAA40934316
:1075B800A8400343E361002E02DB0A48B1400160A2
:1075C8000020B7E7004000400090004064A3FF1F80
:1075D8008B23FF1FC003FF1F00E400E0BF23FF1F32
:1075E80000ED00E000E100E010B50020FFF750FFDB
:1075F80010BD10B50120FFF74BFF10BD30B589B0A5
:1076080069460020FBF7D6FD07A90120FBF7D2FD4C
:1076180008A90220FBF7CEFD04A90320FBF7CAFD49
:10762800102269462648FAF7B5FB25496846808B3B
:1076380009394876000A88766846008CC876000AB8
:1076480008776846007C4877FAF702FE002168460A
:10765800017505AA01211B48FAF778FB184C413C33
:10766800217868460176174806AA0121001DFAF715
:107678006DFB2079050129460620FAF785FB294686
:107688000720FAF781FB29460820FAF77DFB2946EF
:107698000920FAF779FB0B48224638321E21801C54
:1076A800FAF754FB68460849007C0870FFF7BAF9F6
:1076B800064A0821607AFAF70DFB09B030BD0000D0
:1076C8009980FF1F05030000480AFF1F8813000068
:1076D800F8B5614C60688030806880F30888FAF7F4
:1076E800C1FC5E485E4900680225884206D0002039
:1076F800FAF7E0FB68070169A943016100F0D6F8D1
:1077080058480078FAF768FD574E0020F061F56197
:10771800564D75610120FAF78BFB0320F061FAF7EB
:10772800A5FB0746FAF758FA0646FAF79FFB5049B1
:107738000860FFF759F94F480068874201D9381A9D
:1077480001E0381A401E4C49884200D90840616857
:107758008A8DD20709D0494A030C126880B2534374
:1077680050431B02000A18180BE0C2018300D21A0A
:107778004300D21AC3001818921C80309208400A9D
:1077880010182062FF313E48013149680068091825
:107798003C480068081A41198B083B488A073B494E
:1077A80003600D68920F52190A60042A04D95B1C01
:1077B8009207920F03600A60216A354FC81839464C
:1077C800FAF7AAF902463348334D0368D318036021
:1077D8002A688A182A60BA4206D95B1C03603946AF
:1077E8001046FAF799F92960FAF738FD2B4800781E
:1077F800002810D0FAF7F0F9294A216A801B12688C
:107808000B18934202D2511A091A01E07D21C900CE
:107818001548FAF79FFC234D287A002811D0FAF76B
:10782800DBF9811B236A1048EA685C183C30A242E5
:1078380002D9D21A511A00E01B49FAF78BFC002032
:107848002872FAF711FD0220FAF7CCF90020FAF7AE
:1078580031FBFAF723FBF8BD3481FF1F0C0AFF1F29
:10786800B6412103490AFF1F00100040C409000067
:10787800100AFF1F340AFF1FFFFF3F00380AFF1FCF
:107888001C0AFF1F200AFF1F240AFF1F280AFF1FC8
:10789800710200006008FF1F2C0AFF1F1C09FF1F50
:1078A800E408FF1F740BFF1FDC050000F8B5FCF7A8
:1078B800F1FBFBF76BFD0120404E00903078404C07
:1078C800022810D0FAF7D2FA05463220FAF7B0FAB1
:1078D800FCF7AAF90F20FAF7ABFA3078012808D09C
:1078E800FCF74EFA1AE037484068006AFAF7A0FA3F
:1078F80024E033484038C06B4007400F012802D1CC
:107908000020FAF7BBFB6068FF270137B8436060C7
:107918000220FAF78DFA606838436060FAF7A6FA31
:10792800A84201D3401B01E0401B401E25491E22EE
:10793800C8615043244A49688018C86124492348CB
:107948000860234823498030C163FF2141314162E7
:107958003078FAF793FB20492048FAF7FBFB1F48D9
:107968001F491430FAF7F6FB0420FBF74BFA1420F2
:10797800FBF748FA1520FBF745FA1720FBF742FA00
:10798800FF20FAF763FB0120FAF774FCFF20F530BB
:10799800FAF776FC5820FAF773F91248FAF776FCEA
:1079A8000098FAF7FBFB0720FAF776FCE0690E4926
:1079B8000840FF300930E061F8BD00004A0AFF1FA7
:1079C80040F000403481FF1F720600000180063D30
:1079D8000000034034080000710200001410004049
:1079E800FFFF3F003075000000FEFEFF10B50728BE
:1079F80001D9062010BD04490870FAF7FFFC0449B4
:107A08000248C861002010BD347CFF1F0524FF1FF9
:107A18004003FF1F000000003B00010802000300B4
:107A2800050206020703080309030A000C030D03F5
:107A38000003010304030B000E030F0310031103DB
:107A480012031302140315031603000003000000B9
:107A58000000000000000000587BFF1F487BFF1F4C
:107A6800647BFF1F687BFF1F747BFF1F5C7BFF1F0E
:107A7800547BFF1F507BFF1F607BFF1F6C7BFF1F2A
:107A8800707BFF1F4C7BFF1FF1590000FD24000095
:107A980041460100BD250211D52702119915021191
:107AA800411F0211290F021179190211312B0211FC
:107AB800212EFF1F0BF0FFF4FFF5FFF6FFF7FF0085
:107AC80002000000BD7AFF1F4171FF1FC171FF1F37
:107AD800000000001F1C1F1E1F1E1F1F1E1F1E1F31
:107AE8001F1D1F1E1F1E1F1F1E1F1E1F73697A6565
:107AF8006F6628675F70436F6E6E656374696F6E3B
:107B080042756666657229203D2025642C207369BC
:107B18007A656F662870436F6E6E436F6E74657812
:107B28007429203D2025642C2073697A656F6628A6
:107B38006C6172676548656170293D2564200A009B
:107B48004665620044656300417567004A756C00CC
:107B58004A616E004A756E00536570004D6172008F
:107B6800417072004F6374004E6F76004D6179006A
:107B78003D3D3D3D3D3D3D3D3D3D3D3D3D3D3D3D2D
:107B88003D3D3D3D3D3D53696D706C65424C4550F2
:107B980065726970686572616C5F496E69742044CA
:107BA8006F6E653D3D3D3D3D3D3D3D3D3D3D3D3D72
:107BB8003D3D3D3D3D3D3D0A000000005048592BEC
:107BC80036325858504C5553303530340000000088
:107BD800287CFF1F6882FF1F780200007433FF1F94
:107BE8006882FF1F287CFF1F40060000BC1AFF1F89
:107BF8000004FF1F6882FF1F0C0000007433FF1F82
:107C08006882FF1F0004FF1F00040000BC1AFF1F4A
:107C1800A07EFF1F6882FF1FA06700008433FF1F3C
:107C2800C132FF3201148821082C5902E00BD13AE5
:107C3800FF01A13204123BA30108990B71800910BE
:107C4800AA0211E8A902111A0F022134E803021A44
:107C5800981829652D949D0211105A9E102D107D9B
:107C6800FF1F105AAC104BC8A51069205A11205A92
:107C7800AE10CB907C205A12205AB4102A98201AA1
:107C88000212A2076B3075CA12062B800C920124CF
:107C9800041F020106595509184299F8DAA8F85A3A
:107CA800D8B81AB610A9301AA410299F1A90200A19
:107CB8001D2054DAFC54366C7EFF1F105ACC181A5B
:107CC8006D10A9205A6E201ADC2029105A6F2069DD
:107CD800745AE49469305A70305AEC501A71101280
:107CE800081210920429264147070C04393058E835
:107CF8000C2D730211557402111209460114051254
:107D080018152003020A061002010611077304FF62
:107D18005F4D58202D2D204FA1D8100102030405D6
:107D2800060708090A0B0C0D0E0F81011D3690AAD3
:107D38000211E05A94085A9808011829EC2D98A9BC
:107D480002115D2DC87AFF1F105A9E104B3080100B
:107D58001ABF1832034B387F105AA2205A312069B3
:107D6800305A38105AC130CB10BA30DA39305A404C
:107D7800101AC33029104B0BBB101AA4202940DA63
:107D88004870DA41405A49105AC570CB06BC301ABF
:107D98004A20270A506F776572270E5265736574FB
:107DA8001808124E4F544946592D900A57545F4EA1
:107DB8004F5F525350146406087205180AE96DFFA4
:107DC8001F1958FF1FFD04EC12094601140512186B
:107DD800122013020A170201061AFF4C4821021545
:107DE800FDA50693A4E24FB1AFCFC6EB0764782593
:107DF80027746BEDC542554D424C452D202D36124A
:107E0800201208E21029B05A98B01A1008A9E01AEE
:107E1800BFC0292F4BF0A8185AC0F069205AC120BA
:107E28001159105AC2201AA41032031AC6102C4035
:107E3800787D1B0115A91972FF25C47BFF1F12F756
:107E48001205DA0B1A6122B42A2802143075A049E7
:107E58000219D41D08E001F0D989023A5002290A12
:107E680063D0071A0F6E12051C307507141201CA69
:107E78008155F1E91D1E6D3A0211FD04ADDD440284
:107E8800111CBAFFC20112C80DCD94021125880237
:087E98001141870211EE0122E5
:040000051FFF184180
:00000001FF
