:020000041101E8
:1000000003B40148019001BDADAE000003B4014846
:10001000019001BD456B010003B40148019001BD91
:100020000189000003B40148019001BDC53F0000F3
:1000300003B40148019001BDE94C010003B401483B
:10004000019001BDC95C010003B40148019001BDEC
:10005000CD4C010003B40148019001BD618900004D
:1000600003B40148019001BD154D010003B40148DE
:10007000019001BDF54E010003B40148019001BD9E
:10008000434D010003B40148019001BD2526000045
:1000900003B40148019001BD8B52010003B4014833
:1000A000019001BDB352010003B40148019001BDAC
:1000B0000D52010003B40148019001BDC94A01007D
:1000C00003B40148019001BD691F000003B4014859
:1000D000019001BD5D17000003B40148019001BD0E
:1000E0003D4B010003B40148019001BD595201008C
:1000F00003B40148019001BD5125000003B401483B
:10010000019001BD014C010003B40148019001BD03
:10011000594F010003B40148019001BD1D4B01007E
:1001200003B40148019001BD8D12000003B40148E1
:10013000019001BD4D1F000003B40148019001BDB5
:100140005522000003B40148019001BDDD520100B9
:1001500003B40148019001BD1D4D010003B40148E5
:10016000019001BD810E000003B40148019001BD62
:10017000017F000003B40148019001BDE1170000B8
:1001800003B40148019001BD7918000003B401488F
:10019000019001BDD949010003B40148019001BD9E
:1001A000E928000003B40148019001BD5549010050
:1001B00003B40148019001BD4551010003B4014859
:1001C000019001BDC926000003B40148019001BDA2
:1001D0001DBC000003B40148019001BD6DBC0000CE
:1001E00003B40148019001BDB146FF1F03B40148AB
:1001F000019001BD5934FF1F03B40148019001BDB6
:10020000C51D000003B40148019001BD9146FF1FC8
:1002100003B40148019001BD5947FF1F03B40148D1
:10022000019001BDB52CFF1F03B40148019001BD31
:100230004D35FF1F03B40148019001BDA945FF1FC3
:1002400003B40148019001BD090E000003B4014848
:10025000019001BD810E000003B40148019001BD71
:10026000750F000003B40148019001BD7519FF1F0F
:1002700003B40148019001BD4545FF1F03B4014887
:10028000019001BD213CFF1F03B40148019001BD55
:10029000F94C010003B40148019001BDC5210000E3
:1002A00003B40148019001BD291C000003B40148BA
:1002B000019001BD851F000003B40148019001BDFC
:1002C0001147010003B40148019001BDB30E0000C5
:1002D00003B40148019001BDA142FF1F03B40148CE
:1002E000019001BD2145FF1F03B40148019001BDEC
:1002F000D93CFF1F03B40148019001BD893DFF1F98
:1003000003B40148019001BDAF23FF1F03B40148AE
:10031000019001BD8923FF1F03B40148019001BD75
:10032000A946010003B40148019001BD2124000049
:1003300003B40148019001BD2D50FF1F03B40148D3
:10034000019001BDC134FF1F03B40148019001BDFC
:100350000D0F000003B40148019001BD4919FF1FB2
:1003600003B40148019001BD9918FF1F03B401486F
:10037000019001BD350E000003B40148019001BD9C
:100380008533FF1F03B40148019001BDBD18FF1F55
:1003900003B40148019001BDAB18FF1F03B401482D
:1003A000019001BDE548000003B40148019001BD82
:1003B0002951010003B40148019001BDD91B00007F
:1003C00003B40148019001BD8124FF1F03B401481B
:1003D000019001BDA924FF1F03B40148019001BD94
:1003E00051470100F8B5D349D14A002004464A607C
:1003F0008300401CD450FF28FADD4868CE4A0146ED
:1004000080318A606E22C262CC4A1278002A01D002
:100410007F22C2620A220265C94A13788363C94BEC
:10042000C36115781023022D08D01578012D05D051
:100430001578032D02D01578042D00D10362C24D2A
:1004400045611925AD0185613725CD603627282600
:10045000C7630825466405644F6032270F603B2759
:10046000CF634127CF6439274031E0C132274F6045
:1004700002274F6142270831E0C11E274F60CE603E
:100480008D6005264E6142260E615A2660390E6146
:100490004D613C258D61AF25ED000560AB4D0563D9
:1004A0001578022D09D01578012D08D01578032D67
:1004B00007D01578042D06D007E0152504E0436029
:1004C00003E00E2500E00C254560FF252D358560F5
:1004D000C560FF25F53505619D4D85647D25ED00E1
:1004E0009C4ECD67C66445629B4D85627325C5658C
:1004F000062545658565C51D0826F93502272E6048
:1005000047664B27FF0087660927C766934F076733
:100510004667BE108467C667914F8E4E3E60167860
:10052000022E09D01678012E0AD01678032E0BD091
:100530001278042A0CD00EE01A22CA61212205E0AA
:100540001422CA61182201E01322CB610A6202E080
:100550000E220B62CA617E4A8A627D22D2008A67BD
:1005600064224A620522CA6202220A63C8228C639C
:100570004A63382169607B4929647B49A9614B2121
:10058000C900E9617349FF30643929627D2109019D
:100590006962EC661E212C67A9667049A965E96548
:1005A00089102966696469677049A9677049714A49
:1005B0008130E967026082604160FF21F531C160EE
:1005C00001616E486C495A4A81606D49803A1161F7
:1005D0006A496C4A80318A626B4ACA626B4A82619C
:1005E0006B4AC2626B4A02636B4A64484038C2631A
:1005F0006A4ACA616A49816360496A4840318861D0
:100600006A49694888605D48694A80384260694A39
:100610004263694A0A626949816058496848C03939
:10062000C860FFF7EDFC0120FFF7F0FCF8BDF3B563
:100630000746644881B0C169634A1140FF310931FE
:10064000C161002613E000252C461120FFF7E4FCD1
:100650005C48406A8007800F610088402843641C22
:10066000E4B20546102CF0D301C7761CF6B202980E
:100670008642E8D3FEBD10B52E4C607800280AD122
:1006800004215248FFF7D3FF504804211030FFF7F0
:10069000CEFF0120607010BDF0B500248BB00D4678
:1006A0000646102902D901200BB0F0BDFFF7E3FF89
:1006B000464900200A5C401C1419C0B21028F9D326
:1006C000002C03D0102D03D90B20EDE70E20EBE713
:1006D0003F483E4C0023006802A91034E25CC75C2E
:1006E0007A40CA545B1CDBB2102BF7D306AA3748FA
:1006F000FFF798FC102D00D910252A4606A9304690
:10070000FFF796FCFFF79AFC216840182060FFF77E
:1007100095FC616840186060FFF790FCA168401884
:10072000A060FFF78BFCE1684018E0600020BBE7A9
:100730000004FF1F2070FF1FB8D2FF1F0C6DFF1FAA
:100740004A0AFF1F3A07000080C3C9019A0200004D
:1007500050C30000280A00006A180000204E000064
:10076000F009FF1F0040001168100000DC050000C8
:1007700040420F0010270000B94BFF1F0001FF1F70
:100780006928FF1F1551FF1FED53FF1FD124FF1FC5
:100790006526FF1FED24FF1F3138FF1F056AFF1F6D
:1007A0002968FF1F0924FF1F212CFF1F0002FF1FC4
:1007B0003148FF1F0D4AFF1F5149FF1FED47FF1F23
:1007C000512CFF1F40F0004000FEFEFFF0A8FF1F6D
:1007D0002471FF1F0A7802708A7842704A88120AD0
:1007E00082700979C170042070470A780270098804
:1007F000090A41700220704710B500220EE09300F4
:100800005B189C7804705C88521C240A44701C7924
:1008100084709B88D2B21B0AC370001D0B78934270
:10082000EDD81806800D10BDF8B50D46064649787E
:10083000012031700024761C16E06978012917D058
:100840001221614349198A7832704A88871C120A3A
:100850007270B61C10223046091DFFF7E9FB1037F5
:10086000B8B21036641CE4B22978A142E5D8F8BDCC
:10087000A10049198A7832704A88871C120A72705E
:10088000B61C02223046091DFFF7D2FBBF1CB8B2CE
:10089000B61CE7E710B50C46097801702188090AF3
:1008A00041706288211D801CFFF7C2FB6088801C9C
:1008B00080B210BD10B50C46097801702188090A74
:1008C0004170A17881706188090AC170A288A11D58
:1008D000001DFFF7ADFBA088001D80B210BD10B554
:1008E0000C460A88891CFFF7A3FB208810BD10B5B1
:1008F0000B788A7802705343DCB22246401C091DF3
:10090000FFF796FB601C10BD10B50B788A7802705B
:100910005343DCB22246401C091DFFF789FB601CD3
:1009200010BD10B50C460A88891CFFF781FB208892
:1009300010BD10B50C460A88891CFFF779FB20888A
:1009400010BD7FB515460446022901D0102903D1F8
:10095000022B04D0102B02D0002004B070BD9942AD
:1009600002D10A46294607E01029694607D000F05F
:100970000DF8102269462846FFF766FBEDE71046A2
:1009800000F004F8102269462046F5E770B50C46E1
:1009900005000CD0002C0AD0102206492046FFF793
:1009A00047FB2878207368786073012070BD0020B1
:1009B00070BD000094A1011110B50B46012202493F
:1009C00002F0F4F910BD0000D507011170B506461C
:1009D00008880C46172812D30B46032209493046D3
:1009E00002F0E4F9050008D1074920880988884207
:1009F00000D20146304600F0B7F9284670BD02200B
:100A000070BD0000EB0701115470FF1F10B50023EB
:100A10001922194602F0CAF910BD000010B50A7873
:100A2000002A05D00B460722024902F0BFF910BD8B
:100A3000022010BDF907011110B54A78012A01D032
:100A4000022A08D10A78002A05D00B46052203495C
:100A500002F0ACF910BD022010BD00002908011100
:100A600001494000085A70475270FF1F10B50B46ED
:100A70001B22024902F09AF910BD000095080111ED
:100A800001491720088070475270FF1F0098022B01
:100A900001D0042070471178527812028918018021
:100AA000002070470098012B01D004207047117876
:100AB00001700020704770B5049C1E461546062B39
:100AC0001BD369782878090240182080E978A87833
:100AD00009024018608002222271291D601DFFF763
:100AE000A7FAB61FB2B22281F02A06D82046A91D65
:100AF0000A30FFF79DFA002070BD042070BD0098F9
:100B0000042B01D004207047537811781B02C918B8
:100B100001809178D27812028918418000207047B4
:100B2000F8B584890D460646002C26D0B2681778A1
:100B3000380620D50C2C20D90C3CA4B210190090FA
:100B400001217088234601F0D7FD002811D0022032
:100B500028707806C00F6870B806800EA870641EF2
:100B60002004000CA88001D0B068401CA8600020C0
:100B7000F8BD0120ECE70020EAE70120F8BD10B540
:100B800002981146042B14D34C780A7824021219C7
:100B90000280CC788A782402121942801B1F9AB2F4
:100BA0008280F22A05D8801D091DFFF741FA002036
:100BB00010BD042010BD0098042B01D00420704704
:100BC000537811781B02C91801809178D2781202EB
:100BD000891841800020704710B502981146062BF5
:100BE00003D0142B03D0042010BD022200E01022F9
:100BF00002714B780A781B02D2180280CB788A786F
:100C00001B02D21842800279401D091DFFF710FA1D
:100C1000002010BD30B5039CD80718D1D805010EAF
:100C2000022914D30B488088814210D8F620015540
:100C3000002008E0557813782D025B194500401C10
:100C40006353C0B2921C8842F4D3002030BD04200C
:100C500030BD00004C70FF1F0098022B01D0042013
:100C6000704711785278120289180180002070476D
:100C700070B5144602460498022B18D3667825787E
:100C80003602AD1905800546E0352A766976002AD8
:100C90000BD0E8219B1E9AB242808A4207D8A11C41
:100CA000001DFFF7C5F9002070BDF421F2E7042014
:100CB00070BD000010B50B461722024902F076F80D
:100CC00010BD0000B508011110B50B460D220249F8
:100CD00002F06CF810BD0000DF08011110B50A78B1
:100CE000002A05D00B461122024902F05FF810BD20
:100CF000022010BDEF08011110B50A78002A05D0B6
:100D00000B460922024902F051F810BD022010BD25
:100D10000909011110B50B460F22024902F046F8ED
:100D200010BD00002309011110B50B460B2202492A
:100D300002F03CF810BD000033090111F72800D97A
:100D4000F720084A01461080401EC3179B0F181851
:100D50008003000C5080491EC80F4018C003000CCF
:100D6000908070474C70FF1F044A1288914203D84C
:100D7000024A4000921D1152704700004C70FF1F44
:100D800010B500231322194602F010F810BDCB2233
:100D9000520105E000BF00BF00BF1146491EFDD152
:100DA000401EF7D2704703E00821491E0029FCDCF1
:100DB000401EF9D27047000070B50C460146032072
:100DC00000020A1A002534481300FFF743F91D10EA
:100DD00012151C1F2326282C303234383A3C3E4052
:100DE000424446484A4E50525A5456585A00C079C6
:100DF00011E01022294902E0284910221031204632
:100E0000FFF716F945E0C06A206042E02249062259
:100E10003C31F4E7007820703BE0808936E01E49E1
:100E200042784231EBE71D4982781F39E7E7007AC3
:100E3000F1E7407AEFE7184906223031DFE7807AA0
:100E4000E9E7C07AE7E7C08920E0808A1EE0C07841
:100E50001CE0C08A1AE0008B18E0408B16E0808B03
:100E600014E00D4906223631C9E7C08B0EE0008C34
:100E70000CE0408C0AE08079CDE7008A06E0408AE9
:100E800004E0272904D2084600F0A4FA208000E0FC
:100E90000225284670BD0000F86DFF1FE994FF1F72
:100EA00070B50E4C00256071A571691EE18100F0DE
:100EB000C1FB0420E071102200210948FFF7D0F89F
:100EC0000748102200211030FFF7CAF8E5622572AA
:100ED00065720720A072E57270BD0000F86DFF1FFB
:100EE000E994FF1FFEB53F4D0C4608040CD5687908
:100EF000FFF7BCF8050004D003F09EF82846FFF782
:100F0000BBF80120C00369E0600403D50120800321
:100F10004840FEBDE007012600282ED032A002F096
:100F200045F92878002821D0A879052821D0297AE8
:100F300068460170697A41702A4906223031801C66
:100F4000FFF776F8A97A68460172E97A4172694634
:100F5000687900F05BFA002808D00720A871696A58
:100F6000002903D00968002900D088472046704036
:100F7000FEBD032069460870E4E7A0070ED5A879F6
:100F8000052809D1E889FFF77DF8AA8A002A03D04D
:100F900002216879FFF77CF802201FE0600707D57F
:100FA00017A002F003F9002003F0B2F8042015E0C6
:100FB000200715D518A002F0F9F82879012802D0E9
:100FC00002280AD107E00096AB8B6A8B298BE88A4E
:100FD00000F02EF801E000F07DF908206040FEBD31
:100FE0000020FEBDF86DFF1F0A53544152545F416B
:100FF00044564552544953494E475F4556540A009A
:1010000053544152545F434F4E4E5F5550444154E8
:10101000455F455654000000434F4E4E5F504152CD
:10102000414D5F54494D454F55545F45565400005E
:10103000F8B5134C069EA579052D01D01420F8BDF6
:10104000104F851FBD4219D2062917D3BD1DA942D5
:1010500014D2FF27F537BA4210D20A2B0ED3AB4277
:101060000CD2E08221836283A383304603F050F8E0
:1010700004216079FFF712F80020F8BD1820F8BDB0
:10108000F86DFF1F7A0C0000F7B50D4680490098F7
:10109000164642187F4F00247879B9791300FEF77D
:1010A000D9FF190E141BE92040455970777E888FAF
:1010B000E996A2A9B4BFC8E9E9E9E9D3E900102D8E
:1010C00076D11022314674486FE0102D70D17248ED
:1010D00010223146103068E0042D69D13068F86282
:1010E000CEE0012D64D13B7832783A70002B0AD0E3
:1010F000002A07D1022903D0062901D0042901D1F1
:1011000000F03EF9BCE0002A0AD0012905D00329ED
:1011100003D0052901D0042902D10121FEF7C4FF23
:10112000AEE0022D44D13088B881A9E01F2D3FD810
:1011300058481F2200214230FEF792FF55482A46A8
:1011400031464230FEF774FF524B7D7042332A46DF
:10115000012112E01F2D7CD84F481F2200211F388B
:10116000FEF77EFF4C482A4631461F38FEF760FFE7
:10117000494B2A461F3BBD700021787900F0D0FA18
:1011800083E0012D65D13078042862D8387277E089
:10119000012D5ED1307803285BD8787270E0062D7F
:1011A00057D13C48062231463030FEF741FF67E018
:1011B0004FE0012D4DD1307807284AD8B8725FE052
:1011C000012D46D13078032843D8F87258E0022D1B
:1011D0003FD13288BA82002A52D0052950D102214B
:1011E000FEF756FF4CE0012D33D13078012830D87E
:1011F000F87045E03088022D2BD1062829D319211B
:10120000C901884225D8F8823AE03088022D20D1E1
:1012100006281ED31921C90188421AD838832FE025
:101220003088022D15D1FF21F531884211D2788303
:1012300026E03088022D0CD10A280AD31921C901D1
:10124000884206D8B8831BE03178012D01D10129ED
:1012500001D0182414E00821FEF72CFF002801D04B
:1012600016240DE0002002F053FF04217879FEF7E8
:1012700015FF05E00098272801D2022D02D0022494
:101280002046FEBD318800F0FBF90446F8E7000077
:10129000FFFCFFFFF86DFF1FE994FF1F1CB50B4C0F
:1012A000A179002901D011201CBD002800D0606266
:1012B000064907482C31034601910090103B00225B
:1012C000E179607900F016F800201CBDF86DFF1F71
:1012D000F994FF1F10B506488179052901D0122025
:1012E00010BDC1891322407900F0DAF910BD000069
:1012F000F86DFF1FFFB581B01E460D4602240B9FFF
:101300000B00FEF7A7FE0D1A0B1A1A0B1A1A1A1A5F
:101310001A1A1A081A000AA001F048FF2946019873
:1013200000F0D8F8040008D13A4630460A9900F097
:1013300087F900F0EBF801F0CFF9204605B0F0BDD9
:101340004741505F446576696365496E69743A2028
:101350004741505F50524F46494C455F43454E54BC
:1013600052414C207C204741505F50524F46494CDF
:10137000455F5045524950484552414C200A0000B3
:1013800070B5104C2168002904D00978814203D03F
:10139000032070BD122070BD0B4D02212878FEF78E
:1013A0007DFE0A480026468004212878FEF776FE56
:1013B000074806802168032048700020FEF780FE61
:1013C00070BD0000B870FF1FE970FF1FCC70FF1FD9
:1013D0005C70FF1F272803D202494000085A70475B
:1013E000014870476470FF1FFFFF000010B5064CF6
:1013F000607005F025FA6078FEF768FE05216078D8
:1014000001F066F810BD0000E870FF1F70B5284EAF
:10141000054630680C46002801D0112070BD2548D3
:1014200001780520014216D023488068002805D0A5
:101430000078002802D0C80706D101E0102070BD56
:1014400000F044F8002808D02078032805D00228AE
:1014500003D0002801D0122070BD0C20FEF73CFE06
:101460003060002820D00570002141700A222146FA
:10147000801CFEF7DDFD02F02FFF040002D002F019
:10148000B1F812E00D48007803280ED11D20FFF7B7
:10149000A1FF0B490028088007D00B48094A042106
:1014A0000078FEF71FFE00E01324204670BD000008
:1014B000B870FF1F5970FF1FCC70FF1F5A70FF1FBD
:1014C0005C70FF1F60EA0000E970FF1F10B505F0B7
:1014D000D5F910BD70B50C4605461C2200210948FF
:1014E000FEF7BEFD084805704470FEF701FE054991
:1014F000002803D000200870122070BD01220A705D
:1015000070BD000030A9FF1F5870FF1F70B50F4C51
:101510000025A068002802D0FEF7F0FDA560E06875
:10152000002802D0FEF7EAFDE560094805210078B1
:10153000084206D00548103002F026FC01F0F4FF06
:1015400070BD002002F020FC002070BDCC70FF1F99
:101550005970FF1FFEB5344D0C46080419D5687844
:10156000FEF784FD0121C9034C40064600280ED039
:1015700002F02AFB002807D12878FF2804D0314642
:10158000FEF7C2FD002802D03046FEF775FD20466A
:10159000FEBDE007012700280AD0A868002804D073
:1015A0004168002901D00020884720467840FEBDD0
:1015B000A00709D56868002804D04168002901D037
:1015C0000120884702202AE060072AD5174E30887C
:1015D00000281FD0401E0004000C30801ED102F0F5
:1015E00073F8002809D0124807706868002804D0F2
:1015F0004168002901D00120884702F03FF8694680
:1016000000F0C4FF684602F0C9FA1D20FFF7E2FEB1
:10161000308003E004216878FEF740FD042060403C
:10162000FEBD0020FEBD0000E870FF1F5C70FF1FC4
:101630005B70FF1F0149087070470000E870FF1FD2
:1016400070B50E4C0B46261D07C60546102200211C
:101650001846FEF75FFD012803D11021A06806F0AF
:10166000DBFA102200212846FEF754FD012803D1A1
:101670001021606806F0D0FA70BD000030A9FF1F8D
:10168000272807D2044A914204D0044A400011524C
:101690000020704702207047FFFF00006470FF1FAA
:1016A000F8B50D4617461D4906461B4A1224C86860
:1016B000954208D100282DD00268002A2AD0294658
:1016C0003046904723E0144A521C954213D100281B
:1016D00007D00268002A04D029463046904704000B
:1016E00005D03946304601F05BFE040012D10B48AC
:1016F000067047700EE0284605F072F8002809D001
:101700000078B04205D139462846FEF709FD044667
:1017100000E003242046F8BDFEFF0000BC70FF1F60
:10172000F8B50E46014619481546007805221F46B1
:10173000104028D0304326D01548012E1BD0C46855
:10174000002C20D01F2D18D8002D01D0002F14D030
:1017500001701F220021601CFEF782FC2A463946D8
:10176000601CFEF765FC28462570002E07D0611C22
:10177000FEF7DCFCF8BD8468E2E70220F8BD611CDE
:10178000FEF7DAFCF8BD1220F8BD00005970FF1F0B
:10179000CC70FF1F014610B50020C90704D0034AD2
:1017A0000421034800F0A6F910BD00006496011161
:1017B0007C6EFF1F70B50F4D0F4CA8702946183175
:1017C000204600F01DF8002128460B461030CA00C4
:1017D00084521218491C09065360090EF7D00120E3
:1017E00003F05AFCA87800F023FB044805F058F8F1
:1017F00070BD00005C6EFF1FFFFF0000D1480111AB
:1018000070B50A4C0025A04209D1002082008C52FC
:101810005218401CC0B295700228F7D370BD03F077
:1018200026F80028FAD00480857070BDFFFF000004
:10183000F8B50E460746069900240798002902D0FD
:101840000B242046F8BD022B01D00D24F9E71178B6
:101850005278120289188DB22946814301D0802422
:10186000EFE73846F16800F03DF9A842E9D02A4692
:101870003846F16800F0A8F90400E2D171892A46DF
:10188000384600F065F9DCE770B50C46080412D55F
:101890000A488078FEF7EAFB050008D02878B028CF
:1018A00002D1284603F000F92846FEF7E5FB0120A7
:1018B000C003604070BD002070BD00005C6EFF1F63
:1018C000FFB587B0087A0025109E1C460F46C0065B
:1018D0000DD5099802F0C4FF030006D00A2239464C
:1018E00007989847050035D101E00E2532E0387899
:1018F00002281DD17868292201784078120200025E
:10190000081880B2811A90427ED009DC7249401AD0
:1019100023D0012821D0022851D0032808D125E066
:10192000012972D0022971D003296DD004296ED00B
:10193000099802F0BDFF0028D7D00568002DD4D04B
:101940001299119801910090334622463946079822
:10195000A847054628460BB0F0BD1198002873D162
:10196000F868017831800278416897E01198002882
:101970006AD101203080F8680021007820707889D1
:10198000401C80B200F04EF900280FD03188027858
:101990008918891C3180817A61704189090AA17096
:1019A00002784168E01CFEF743FBD3E7308804224D
:1019B000001D30800021601CFEF752FBCAE7119821
:1019C000002872D1F86804A90088009004203080B3
:1019D000009820700098000A6070009800F022F9CA
:1019E000070028D0F86805906846028A03AB3B4997
:1019F000384600F06FF900280FD13B7802213848B3
:101A00007A68FEF79EFF03E027E031E01DE049E041
:101A1000002802D1401E6946888105980078022876
:101A20000CD1059802224168201DFEF701FB308889
:101A3000801C308002E06946009888816846808971
:101A4000A070000AE07085E72FE0119800282CD1E3
:101A5000F968079800F046F804E01198002824D1AE
:101A6000F8680088022131802070000A607071E7F8
:101A7000F868FEF767FB1199C0B2814210D8814225
:101A800001D1002206E0129A8918814202D31199ED
:101A9000401AC2B23280F96811980918204682E7CC
:101AA000072557E71198002801D00B2552E7072199
:101AB000F868318001782170417861708178A17077
:101AC0004188090AE1700179217181796171C088C9
:101AD000000AA0713EE7000000280000FFFF0000A0
:101AE0000AA2011110B502F0C2FE002800D08078D1
:101AF00010BD00007CB51446050019D0684601955C
:101B0000018000F09BF903001DD1002C1BD06D89D2
:101B1000002D0DD00C20FEF7DFFA00280AD000239C
:101B200003608580094A84609168002904D006E03A
:101B3000022308E0132306E0906004E011460A68DF
:101B4000002AFBD1086018467CBD00005C6EFF1FB8
:101B5000F8B50C4C0746207815460E46FF280FD0E6
:101B60000A20FEF7F5FA01000AD0B1200870002023
:101B7000487008714F80CE800D812078FEF7C4FA3E
:101B8000F8BD00005C6EFF1FFFB583B008461F461E
:101B900001A90C9E00F046F8050012D06846808826
:101BA00002F086FE00280AD04468002C07D0009678
:101BB0003B462946059A0398A04707B0F0BD0E2082
:101BC000FBE70120F9E7000070B514460E46054614
:101BD00002F04DFE002806D13146054802F047FECE
:101BE000002803D005808470002070BD112070BDD6
:101BF000FFFF000010B50178B0290BD14178002912
:101C000008D10179122906D01B2903D1408801216E
:101C100000F0E8FB10BDFF210231095C0129F5D07D
:101C200010BD0000F0B58C4610494B6819E09F6864
:101C30007C89A04214D39E883119814210D9002298
:101C40000CE011017D186989814205D160460028A8
:101C500000D004802846F0BD521C92B29642F0D8C3
:101C60001B68002BE3D10020F0BD0000F470FF1FC3
:101C7000FFB5174881B00A9F446824E000251EE0A4
:101C8000A0682901461870890199884215D30299E4
:101C9000884212D80498002807D031787068049BD5
:101CA000039AFEF74EFE002807D0002F02D0A0684E
:101CB00040893880304605B0F0BD6D1CADB2A088BB
:101CC000A842DDD82468002CD8D10020F3E700001A
:101CD000F470FF1FFEB5174600256A46958004463E
:101CE00040891D4A1E46904208D001AA0092401C1D
:101CF000237880B26268FFF7BBFF05462378022194
:101D000016486268FEF71DFE002807D123780221DD
:101D100013486268FEF715FE002801D060890EE0C6
:101D2000237802210F486268FEF70BFE00280DD0D1
:101D3000002D03D068468088B84203D0384603F0AF
:101D4000A9FA04E06889401E80B200E06089002E94
:101D500000D030802846FEBDFFFF000008A2011120
:101D60000AA201110EA2011110B505490870042143
:101D700000F0AEFB00F006F8FEF782FE10BD00009A
:101D80000471FF1F70B50E4C00200C4B651CFF2228
:101D90008100C91800280ED00D80401CCA70C0B246
:101DA0008A700228F4D3074802F04CFD064804F07C
:101DB00077FD002070BD0C80EFE70000FC70FF1F76
:101DC000FEFF0000C551011145510111F8B50D4646
:101DD00014460646694602F091FB17280CD0002CE9
:101DE00006D001221021304604F0D4FC002803D193
:101DF00029463046FEF73AFEF8BD000070B50C46A5
:101E0000080411D509480078FEF730F9050007D01D
:101E10000178A02901D102F0B9FC2846FEF72CF97F
:101E20000120C003604070BD002070BD0471FF1F21
:101E30000149087070470000F470FF1F70B5054637
:101E4000008800281DD06868022103784268224873
:101E5000FEF777FD002808D1686802210378426800
:101E60001E48FEF76EFD00280BD01D4C6088002830
:101E700005D0012229881204101A814203D90120B9
:101E800070BD022070BD0C20FEF726F9060001D0BF
:101E900000200AE0132070BD02016B6861880A32DD
:101EA0009952491C401C618080B229888142F3D834
:101EB0000020306008222946301DFEF7B9F860681E
:101EC000002802D1666004E0084601680029FBD1C1
:101ED0000660002070BD000008A201110AA20111D5
:101EE000F470FF1F0649496806E08A6852898242F9
:101EF00001D18888704709680029F6D10020704711
:101F0000F470FF1F10B51422114201D0012202E02B
:101F10004A0604D50022102104F03CFC10BDC8077D
:101F200001D0002010BD022010BD10B514468A0655
:101F300004D50122102104F02DFC10BD882211428D
:101F40000ED008220A40102104F024FC00280BD0F7
:101F5000E034617E0029F0D0217E0129EDD103E03B
:101F6000880701D4032010BD002010BD70B50246C3
:101F7000012815D0022A15D0032A17D0092A1AD011
:101F80000B2A1CD00D2A1FD00E2808D10D4608465A
:101F900000F020F80446284600F026F8604070BDA6
:101FA000084670BD084600F01FF870BD0C46084694
:101FB00000F01AF80CE0084600F02BF870BD0D4652
:101FC000084600F026F8E5E70C46084600F002F85F
:101FD000604070BD70B5054600F015F8044628460F
:101FE00000F00BF8604070BD4000FF210131084255
:101FF00002D0C0B21B214840704710B5FFF7F4FF74
:10200000FFF7F2FF10BD10B5FFF7F7FFFFF7ECFF8A
:1020100010BD10B50446FFF7F6FF604010BD00008C
:10202000014610B50020C90704D0034A0721034820
:10203000FFF760FD10BD000050960111846DFF1F79
:1020400070B50D46164600241D490300FEF702F840
:1020500008051234341934222934112D23D81222C0
:1020600000211848FDF7FCFF2A4631461548FDF7C8
:10207000DFFF22E0022D16D11149108810390880A7
:102080001BE0082D0FD10E48082231460838FEF714
:1020900065F812E0012D06D1CA6909493078283166
:1020A00007E0012D01D0182407E0CA6B04493078FD
:1020B000483103F06CFA00E00224204670BD0000B5
:1020C000846DFF1FB894FF1F30B5084A084B08E025
:1020D0000578140A55402A06D20D9A5A401C6240CF
:1020E000491E0029F4D1D04380B230BDFFFF00006B
:1020F000CC96011170B5124C0025206861148843FC
:10210000206000F08DF80520FEF74DFE20682614B3
:10211000304320600520FEF746FE0D2003F0D2FB81
:10212000002800D001252068B04320600220FEF77F
:102130003AFE00F07BF80220FEF735FE284670BD1F
:1021400000800040FFB581B01E46144607460025BA
:102150000AE000F0EFF80A20FEF725FE6D1C052DC1
:1021600002DD012005B0F0BD00F0CAF8384600F0ED
:10217000A1F80028EDD1029800F09CF8002801D0C9
:102180000220EFE700F0BCF838460121084300F0D8
:1021900091F8002801D00320E4E70025761E05E031
:1021A000002000F00DF82070641C6D1CB542F7DBB8
:1021B000012000F005F8207000F0BCF80020D1E705
:1021C000F1B5002500F02CF80520FEF7ECFD134CCE
:1021D000002627142068384320606806050E0D206D
:1021E00003F070FB002801D0012005430120FEF719
:1021F000DAFD2068B84320600520FEF7D4FD761C88
:10220000F6B2082EE6D300F011F80220FEF7CBFD5F
:10221000009800F011F82846F8BD0000008000404A
:1022200010B500210D2003F0FBFA10BD10B50121FF
:102230000D2003F0F5FA10BD012100B549030D4A48
:102240000028106801D0084300E088431060012096
:10225000FEF7A9FD106801239B03184310600120BD
:10226000FEF7A1FD1068984310600120FEF79BFD6A
:1022700000BD000000800040F8B516460D46074638
:10228000002400F03DF8384600F014F800280AD089
:102290000120F8BD28786D1C00F00CF8002801D052
:1022A0000220F8BD641CB442F4DB00F043F80020C7
:1022B000F8BD0000F8B58027104A0023BE0105468E
:1022C00014143846D8402842106801D0304300E04A
:1022D000B04310600120FEF766FD106820431060D7
:1022E0000120FEF760FD1068A04310605B1CDBB2AC
:1022F000082BE6D3FFF7FEFEF8BD0000008000408B
:1023000010B50B4A10685314184310601068141469
:10231000204310600120FEF746FD106898431060CE
:102320000020FEF740FD1068A043106010BD0000C3
:102330000080004000B50B4A1068531498431060A9
:102340000120FEF730FD1068012189030843106069
:102350000020FEF728FD1068184310600120FEF7EA
:1023600022FD00BD008000400B7803700B88022224
:102370001B0A43700B88801C012B02D0022B07D054
:1023800011E08A7802704988090A417004220AE043
:102390008A7802704A88120A42700A7982708988A3
:1023A000090AC170062210467047000008B5044BA8
:1023B000009313460A46012104F018F908BD0000F5
:1023C000692301111CB50323019200930A46024BB5
:1023D000122104F03BF91CBD0D5F011110B5FDF792
:1023E000C3FE10BD13B504480078012803D101AA2B
:1023F0006946FDF7BFFE1CBD1071FF1F70B50F4988
:102400000F4A087000210B468C00491CC9B21353B7
:102410000429F9D30A4C00211034FF260A460A2564
:102420006A4315196B80491CA354C9B26E72032903
:10243000F4D3FDF7A5FE04F0ADF870BD1171FF1FD8
:102440004CA9FF1F082A01D0012070474B780A7859
:102450001B02D2180280CB788A781B02D2184280E5
:102460004B790A791B02D21882808A79C9790902CC
:102470005118C1800020704770B50C46080411D572
:1024800009480078FDF7F2FD050007D00178902992
:1024900001D103F0E1FF2846FDF7EEFD0120C00366
:1024A000604070BD002070BD1171FF1F70B5002825
:1024B0000AD1064C00252580A581A580A0680028AA
:1024C00002D0FDF763FEA56070BD0000D8A9FF1F14
:1024D000072907D0052905D0042903D0062901D0F2
:1024E00002207047044A8B009A181346403B198615
:1024F000203A9074002070474CA9FF1F70B5060069
:102500001BD10E4C0025214640310D744D740D76C3
:10251000606D002802D0FDF739FE65655C2000255E
:1025200046433419E80020184068002801D0FDF720
:102530002DFE6D1CEDB20A2DF4D370BDE8A9FF1F6E
:1025400070B50A880C460546072A07D0052A05D02B
:10255000042A03D0062A01D0022070BD012104F014
:10256000CDF9002804D02146284603F0E5FC70BDD3
:10257000142070BD10B5001D80B2FDF70DFE0028BF
:1025800003D00321C943FDF70DFE10BD38B50C463D
:10259000050014D0002C12D00321684605F03CFB46
:1025A0006946887840218006800E08436946887015
:1025B0002246284606F068F8050002D006E0022010
:1025C00038BD03226946E01CFDF732FD284638BDC0
:1025D000F7B58EB00E9815460E4600282DD0002D6A
:1025E0002BD0301DC0B20190FDF776FD040039D02C
:1025F00001F050F807463246201D0E99FDF7D8FD30
:10260000F8B20890E0703804000E0B90A070380209
:10261000000E0A9060703F0E277001F035F80146F9
:10262000102202A8FDF7C4FD06AB214602A8019ABC
:1026300005F080FF060003D010E0022011B0F0BDCD
:10264000089828700B9868700A98A870EF70082294
:1026500006A9281DFDF7ACFD01F022F82046FDF784
:102660004DFD00E013263046E8E7000010B5064CAB
:102670002070FDF7A3FD06212078FFF729FF03480E
:1026800004F00EF910BD00002071FF1F6D7C0111D8
:1026900070B50C46080419D50D480078FDF7E6FC26
:1026A00005000FD005F002FC002808D10948007889
:1026B000FF2804D02946FDF727FD002802D0284630
:1026C000FDF7DAFC0120C003604070BD002070BD42
:1026D0002071FF1FE870FF1F10B505480078400704
:1026E00001D5044800E0002005F068FC002010BD82
:1026F0005970FF1F1471FF1FFFB58DB00F98169C06
:102700000E46002815D0002C13D00D9804F068F860
:10271000050011D06178207809024018A178E2788C
:102720000904120689184718286AB84206D3401CC3
:1027300004D0022011B0F0BD1420FBE7002E04D01D
:102740002879800701D40120F4E70822002106A897
:10275000FDF786FC1098001DC0B20190FDF7BCFC8F
:10276000060017D0301D109A0F99FDF721FD0422A5
:1027700021463046FDF71CFD1022A91802A8FDF7DE
:1027800017FD06AB314602A8019A05F0D3FE0500FD
:1027900002D013E01320CDE7082206A908A8FDF710
:1027A00007FD0822211D08A8FDF74EFC012801D0D5
:1027B000012503E039460D9801F0E8FD3046FDF7AC
:1027C0009DFC2846B6E7000030B55D4C8BB06071CB
:1027D00006211F20FEF754FF0022684602720121E5
:1027E00001730721017482821821818319256D01EB
:1027F0000584FF218284F531018552A003C801912F
:10280000009061786846017606AA01214F48FEF7DC
:102810003BFC4E486A460621801CFEF735FCC3206F
:1028200004AA01218000FEF72FFC484802AA0121DA
:10283000001FFEF729FC454805AA0221C01EFEF72D
:1028400023FC21465631084611223838FDF7F0FBAB
:10285000224661201C321C21C000FEF715FC2046D8
:1028600010223B493D30FDF7E3FB21460D31084680
:1028700003224230FDF7DCFB3448224638321E2169
:10288000801EFEF701FC312003AA01210001FEF7A2
:10289000FBFB2E4807AA02210830FEF7F5FB2B4868
:1028A00008AA02210930FEF7EFFB284809AA0221F5
:1028B0000A30FEF7E9FBC5200AAA02218000FEF7D4
:1028C000E3FB2246563211210020FFF7B9FB2946CF
:1028D0000620FEF7D5FE29460720FEF7D1FE294641
:1028E0000820FEF7CDFE29460920FEF7C9FE002587
:1028F000ED432846FFF794FB2846FEF74BFF1548AB
:1029000004F078FA86250120FDF75EFC0120FDF732
:1029100061FC2846FEF712FA29460FA000F046FC9B
:1029200001216079FDF7C0FB6079FEF783FE204648
:1029300003210A30FDF754FCFDF758FC0BB030BD05
:102940005C6FFF1F0102030405060000090300007D
:1029500070960111556E01115B324D627073207CCF
:1029600020444C45207C204D54552025645D200A90
:1029700000000000F0B587B0002602960396684676
:1029800004960675AC4C0D46080417D5ABA000F0B4
:102990000DFC6079FDF76AFB04000CD020789128CB
:1029A00006D160780E2803D1A188A8A000F0FEFB14
:1029B0002046FDF761FB0120C00338E1E80701274D
:1029C00000280CD0ACA000F0F1FB9B481430FEF7BF
:1029D00065FCFDF711FC2846784007B0F0BDA8075C
:1029E00062D5217894480B00C078FDF733FB050AC7
:1029F0000419263B240064210220FDF703FCFF217B
:102A000004E0FF210220FDF7FDFB64210020FDF71B
:102A1000F9FBFF210120FDF7F5FBFDF7F9FB0AE0CB
:102A2000002805D0FF210220FDF7ECFB64210BE01C
:102A3000FF2105E0E0700220F9E00028F8D06421D1
:102A40000220FDF7DFFBFF210020FDF7DBFBFF216C
:102A50000120FDF7D7FBFDF7DBFBE078002821D054
:102A60000020E7E700280ED0FF210220FDF7CAFB77
:102A7000FF210020FDF7C6FBFF210120FDF7C2FB6F
:102A8000FDF7C6FBDBE7FF210220FDF7BBFBFF21C3
:102A90000020FDF7B7FBFF210120FDF7B3FBFDF799
:102AA000B7FBBFE70120C5E7680731D5E08803F031
:102AB000BBF801281FD068460675002300961A4609
:102AC00005A91846019606F017FBE6800B2170A0B9
:102AD00004F094FE002006F0ADFAA82006F0AAFA51
:102AE00004216079FDF7DAFA5A2208216079FDF7AE
:102AF000CFFA04209BE0E18868A000F057FB642235
:102B000004216079FDF7C4FAE088401CE080F0E71A
:102B100028072ED503F068F90220207006F032FC59
:102B20000246062814D0052A14D0072A1FD0277081
:102B30005FA102A8FDF772FB062102A804F05EFE69
:102B40007D22D20008216079FDF7A2FA08206EE00C
:102B50005A22F7E70420207002F0ACFC268126718F
:102B600008216079FDF79AFA46228021EBE726706A
:102B7000DEE7280642D550A000F018FB00F054F91B
:102B80000A2816D00B2824D0002835D027700246FA
:102B9000267147A102A8FDF741FB062102A804F017
:102BA0002DFE7D22D20008216079FDF771FA802088
:102BB0003DE02089002808D1002245A102A8FDF7A8
:102BC0002DFB0C2102A804F019FE2089401C208155
:102BD0000FE020791421401CC0B2207148432081AD
:102BE00042083BA102A8FDF719FB0C2102A804F042
:102BF00005FE0A228021D7E72670C8E7680608D5B7
:102C0000FDF712FB364A40216079FDF741FA40207A
:102C10000DE028050DD533A000F0C8FA684607700E
:102C20006A4601213548FEF72FFA0120C0026840AC
:102C3000D3E60020D1E600005C6FFF1F5359535FBD
:102C40004556454E545F4D53470A00003D3D3E20DA
:102C50004843495F434F4D4D414E445F434F4D50B4
:102C60004C4554455F4556454E545F434F44453AA5
:102C70002025780A000000005342505F535441520F
:102C8000545F4445564943455F4556540A00000089
:102C9000446F776E6C6F61645F4F4B0048616E6488
:102CA0006C652046696C65204E756D2025640A00B0
:102CB000436F64653A2564005342505F5550444168
:102CC00054494E475F434849505F4556540A0000F7
:102CD00050726F67726573733A2530336400000079
:102CE00088130000474150524F4C455F41445645C0
:102CF00052545F454E41424C45440A0005030000D2
:102D0000002805DBC106C90E012088400149086082
:102D10007047000000E100E08307FF22DB0E9A40CD
:102D20008907090E9940002808DB830809489B00A1
:102D30001B18186890430843186070470007000F7D
:102D40000838830804489B001B18D869904308433F
:102D5000D861704700E400E000ED00E00A4610B5DD
:102D600001460020FDF766FA10BD0000F3B585B0FE
:102D700000248D006E46281981000B484058694692
:102D800006F04CF90020A100059A03019A1887006B
:102D90005358F759401C7B4053500428F4DB641C03
:102DA000042CE8DB07B0F0BD40A8FF1FFFB583B0DF
:102DB0000F4603981B4940001646085AFFF7DAFBF6
:102DC00004002AD00125601C2670002F03D006992C
:102DD000B847401C85B2300610D51021039803F087
:102DE0008DFD002801D0192613E06219E9B22046B2
:102DF000FFF7EEFB06000CD10C35ADB2042168469E
:102E000001800194058169460398FFF799FB06004C
:102E100004D02046FDF7BAF900E01326304607B08B
:102E2000F0BD00005270FF1FF0B5002587B0644C64
:102E30000295039504950F273F0262892946A069F0
:102E4000FDF70EF961785FA000F0B0F966780A2E00
:102E50005AD2E078012813D161895D48FDF7F0F975
:102E600060715C48A171805D3946401E4843E06155
:102E7000E1683A46401857498C3104F077FAE5701A
:102E8000A1786279914237D8608935260346484354
:102E9000801C360380B2914213D14E49A3798C3104
:102EA000A26904F006FD6089A178A279484361789F
:102EB000090389194018A16906F024FA002811D1E4
:102EC0001AE04449A2698C3104F0F3FC617862890C
:102ED000A0780903504389194018A16906F012FA35
:102EE000002805D03CA000F061F9012007B0F0BD3A
:102EF000A078401CA0705BE06078401C60700120EE
:102F0000E070A5700B20F1E70A2E18D00B2E33D0FD
:102F1000002102A802F08EFA2E480A2202A90A30E5
:102F2000FDF786F82B4931480A3106F0A3F900284D
:102F300040D02FA000F03AF965700420D6E733A105
:102F400003C9019100902078694648717D22D20022
:102F50000721684604F040FB60690178022905D129
:102F60004178FD2902D1807800281ED0657029A003
:102F700000F01CF90220B9E72DA103C901910090CE
:102F80000A220721684604F027FB606901780329BB
:102F900005D14178FC2902D18078002805D06570E0
:102FA0001CA000F003F90320A0E76078401C6070CB
:102FB0000A209BE7657020A000F0F8F8002095E754
:102FC000DC6FFF1F6E756D3A25640D0A000000006E
:102FD000F40E0000B298FF1F7570646174655F7332
:102FE0006E64617461206572720A00000052020012
:102FF0005550444154455F4241434B444F4F525F0B
:103000004641494C45440D0A00000000407D040241
:10301000FD0000005550444154415F54595045440F
:103020004154415F4641494C45440D0A00000000AF
:10303000407D0403FC000000535543434553530DAA
:103040000A00000010B586B0044614220FA168469D
:10305000FDF7FCF8124930200870782048700620EF
:10306000891C6A46A41D641E2378401E1B09D35C7C
:103070000B70237800061B071B0FD35C4B70891C59
:10308000000EF0D10870064806B010BD3031323362
:103090003435363738394142434445460000000054
:1030A0008C98FF1FF8B51D480025056017211C48A6
:1030B00004F084F91A480B300646FDF7CDF8184C99
:1030C00003462178621C17A000F070F820781E4F8C
:1030D000002807D16078FF2804D03046FDF7BCF8FF
:1030E000B84218D019A000F061F80A221BA1601C98
:1030F000FCF79EFF0220207031463846FDF7B2F8FB
:10310000074938460F31FDF7ADF8E574257565754B
:10311000A5750120F8BD0020F8BD0000C46FFF1F99
:103120009B98FF1F66696C653A73746174653A25F4
:10313000642C2020563A25732C20616464723A2551
:103140003038580A000000000040021166696C65C2
:103150005F696E666F20696E69740A0030303030C6
:10316000303030303030000030B5002300229C0079
:1031700015012D182D5D0D70491C521C042AF7DB1A
:103180005B1C042BF2DB30BDF0B500252C46002380
:10319000A6001F01425D7F185B1C6D1CBA51042BF9
:1031A000F7DB641C042CF2DBF0BD00000FB410B59B
:1031B00003AA0448029903F0B3FB10BC08BC04B096
:1031C000184700005D2D011138B5034B00240FCBCB
:1031D0000094FDF74DF838BD38960111F7B5AAB047
:1031E000104600F029F9002042E017992A9840186B
:1031F00069461490FFF7C8FF0A216846FFF7B6FD3D
:103200000924684600F0AEF8684600F07FF868468A
:1032100000F034F81AA9204602F0A2F81AA800F02B
:103220002DF81AA8EE468446002100200A016346C4
:10323000D51872448300D658EF58401C7E40D650B3
:103240000428F7DB491C0429EFDB641E012CD8DAC3
:10325000704600F087F8684600F058F8002168468C
:10326000FFF784FD68461499FFF77EFF179810302A
:1032700017902B998842B8DB2DB0F0BDF1B594B012
:1032800000216A46149C0B0100201D199C18830024
:10329000EE58401CE6500428F9DB491C0429F1DBF8
:1032A0000024200114991390401811901649139886
:1032B00000254618A8006946109009581248139A2C
:1032C0008058FEF753FE0746109869464018129042
:1032D00001697068FEF74AFE47401298016AB068BB
:1032E000FEF744FE47401298016BF068FEF73EFE81
:1032F0004740119910986D1C0F50042DDADB641CA7
:10330000042CCEDB15B0F0BD54A10111F0B58DB089
:10331000074600206C4604AD08AE8100CA19136947
:103320006350136A6B50126B401C72500428F4DB1C
:103330000121204604F09EFA022104A804F09AFA22
:10334000032108A804F096FA00208100CA196358E6
:1033500013616B5813627158401C11630428F4DB2D
:103360000DB0F0BDF1B582B000250298002429010E
:103370000E18A00000903758384602F01FF882015E
:10338000064839071018890E41580098641C3150BE
:10339000042CEEDB6D1C042DE7DBFEBDEC9C011163
:1033A00010B50C4603F030FA002804D040882146BE
:1033B000FCF7B6FE10BD122010BD00210B2806D967
:1033C0000246303A032A02D90C3A032A01D80221D4
:1033D00013E002460C3A0B2A02D9403A032A01D8DC
:1033E00001210AE00246183A0B2A05D91C3A072A9D
:1033F00002D94038032800D803210846704700004E
:1034000070B5484309490B4E086009494018C11777
:10341000090D08180513002404E020038019FCF7A7
:103420002DFF641CAC42F8D370BD0000C46FFF1FB9
:10343000FF0F000000400211F0B52C4C89B00023B2
:103440009D0029180A784E788F78120636043F02BC
:10345000C97832433A430A435B1C6251042BEFDBC9
:10346000042500200090A8070CD02049AA0050187D
:103470008038036FC06F43408B506D1C2C2DF2DBE6
:1034800009B0F0BDA800194907904018803806908F
:10349000C06F0099059101A905F0C0FD012101A8A7
:1034A00003F01AF9002401AEA700F05901F08AFFD9
:1034B000641CF051042CF7DB019802060298010409
:1034C00003980A43030204981A43024305980849E3
:1034D0008000095805485140069A126F5140079ADA
:1034E00081500098401C0090C7E7000040A8FF1FD3
:1034F000ECA001110022002913D0002811D00128CE
:1035000006D04A799206920E4A71032805D007E048
:103510004879C0221043487102E0402002434A71BA
:10352000012210467047000070B51248002500784F
:10353000052108421BD02020FCF7CEFD0E4C0028B0
:10354000A06013D020220021FCF78AFD2020FCF788
:10355000C3FDE060002804D020220021FCF780FD9C
:1035600005E0A068FCF7CAFD0020A06013252846EE
:1035700070BD00005970FF1FCC70FF1F002909D0DB
:10358000012807D1497989098901C02902D0402938
:1035900001D00220704703207047FFB500200E467F
:1035A00008701AE01C5C401CC5B2002C17D028190A
:1035B000904214D85F5D6D1CEDB2384600F00FFFED
:1035C000002806D0641EE0B2307000998F4202D10C
:1035D000581904B0F0BD4019C0B29042E2D30020A7
:1035E000F7E7000010B5044C2068002803D0FCF772
:1035F00085FD0020206010BDB870FF1F70B50E4D16
:1036000084002859002815D0006A002801D0FCF752
:1036100075FD2859406A002801D0FCF76FFD285934
:10362000806A002801D0FCF769FD2859FCF766FD87
:103630000020285170BD0000C470FF1F10B5044C5D
:103640006068002803D0FCF759FD0020606010BDC1
:10365000BC70FF1F0100044805D104498978002986
:1036600001D00248801D704740A9FF1F5870FF1FFE
:1036700001488078704700005870FF1F014840687B
:103680007047000030A9FF1F0148806870470000A4
:1036900030A9FF1F0148C0680068704730A9FF1FAC
:1036A00010B50748C0680168491C016005480078EA
:1036B000FF2803D001218903FCF7F6FC10BD0000B0
:1036C00030A9FF1F5870FF1F02484068002800D033
:1036D00001207047B470FF1FFFB581B00F460D9EEB
:1036E0000A9D039803F07CF8040042D0019800285A
:1036F0003FD120791021084320710499490702D550
:103700000221084301E0FD21084020710B99284661
:1037100008430C9908433043207902D00421084320
:1037200001E0FB2108402071002E06D030691022F4
:1037300020623146A018FCF77BFC002D01D0002F41
:1037400005D00B98002814D0012F08D011E0606A32
:10375000002801D0FCF7D2FC1C21284606E0606A54
:10376000002801D0FCF7CAFC1C210B98FCF78CFD4B
:1037700060620398224C8700E05900283ED0002D5B
:103780000FD0006A002806D11C20FCF7A5FCE159E7
:103790000028086205D0E0591C22006A2946FCF77F
:1037A00047FC0C98002810D0E059406A002806D148
:1037B0001620FCF791FCE1590028486205D0E05939
:1037C0001622406A0C99FCF733FC002E10D0E05909
:1037D000806A002806D11420FCF77EFCE1590028FD
:1037E000886205D0E0591422806A3146FCF720FC3B
:1037F0000B9B049A0399019804F06CF805B0F0BD96
:10380000C470FF1FF3B581B0019802F0E9FF050015
:1038100029D00E20FCF79CFC040024D02620FDF7C4
:10382000D9FD060000D12E78D020207000276770C7
:103830000B20A0700622E91DE01CFCF7F9FB0198A3
:1038400060810298C1070120002901D0207300E0A7
:1038500027730299890701D5607300E06773F0B29E
:103860002146FCF751FCFEBD10B581881F4B012499
:10387000CA1A994237D011DC1D4BCA1A994219D085
:1038800007DC1C4A8A1810D0022A1ED0032A29D12C
:103890001BE0472A27D0482A24D124E01300FCF754
:1038A000D9FB06212222222222218068007800F002
:1038B00057FD08E08068827841781202891889B241
:1038C000007800F0ADFD04460DE0094A921E9142D9
:1038D00001D1012200E0002280680178104600F04A
:1038E00087FD00E00024204610BD000053200000AA
:1038F0000A200000FADFFFFF70B51A4D1A4A014690
:10390000002628781268194C01290CD0002A09D009
:1039100017490978490705D50221FCF7BFFB6680E6
:10392000FFF760FE70BD6188002903D0114B1B7842
:10393000002B05D0002AF5D01078FDF721FD70BDD1
:103940003C2902D33C39618070BD0221FCF7A6FB03
:1039500062887D20C000424302212878FCF798FB52
:10396000668070BDE970FF1FB870FF1FCC70FF1F2D
:103970005970FF1F5B70FF1F08B5418900910389D3
:10398000C2888188C07800F037FC08BDF0B50446D5
:103990008088A12189004843304987B009684018D0
:1039A000FF30FF300230A1794167002C54D02C4DFC
:1039B0006868002823D006782A480068002804D0C8
:1039C0004168002901D0002088472146E07908316C
:1039D0000591FFF7D3FDE0710246277D638A218AB6
:1039E000E089019002A88AC0A0880090E078314662
:1039F000059B03F0E5FFE078002802D00DE01A48AF
:103A0000D9E7E079E2896B46059907C3A379A188D4
:103A10000122304602F092FEE0706868002811D062
:103A2000FFF70CFE287800280CD06978FFF7B8FC67
:103A3000002807D0E078A2880346297803F0EDFF3C
:103A400000202870A0881721FDF78EF9A088FEF7C6
:103A50002DFDA088FEF752FD07B0F0BD3409FF1F11
:103A6000BC70FF1FEC70FF1F5870FF1F70B504463D
:103A70000026808802F0B4FE002803D00678A088D3
:103A800002F020FF144D2878002808D0864206D185
:103A90006978FFF785FC002809D000202870002EE7
:103AA00005D0A379A288A078314603F0B6FFA0889C
:103AB000094A810008325158002901D0FFF79EFDC4
:103AC000A0881721FDF750F9A088FEF7EFFCA08829
:103AD000FEF714FD70BD0000BC70FF1F70B582883A
:103AE000294D0124531B2949AA4242D019DC284DF3
:103AF000531BAA4218D00BDC264BD21826D0254BDC
:103B00001033D2181ED0032A17D0042A39D10BE063
:103B1000012B09D0022B07D0032B21D0042B30D14D
:103B20001AE0433B072B2CD8496800292AD00968A2
:103B3000002927D08847044624E08068007800F0F8
:103B4000ADF81FE0806800F001F9F4E78068411CDF
:103B5000007800F0D9F8EEE783681B78002B11D0CD
:103B6000896800290ED00B6808E001461046984786
:103B7000E1E709490968002904D04B68002BF4D11A
:103B800000E00024204670BD0E200000E870FF1FFA
:103B900008200000F7EFFFFFC870FF1F10B5094CA9
:103BA000A17800290CD001460622A01DFCF740FA9E
:103BB000A11DA078FFF79EFCA01DFCF76BFB10BDBC
:103BC000002010BD5870FF1F1CB52F490378012439
:103BD0000A68912B02D0A22B2ED13EE04178052914
:103BE00009D00E2904D00F2908D03E2924D115E090
:103BF000FFF774FF10E0FFF739FF3AE001468088D5
:103C0000224B0124C31801D0062B15D1002A30D035
:103C10005268002A2DD0904704462AE0817801247A
:103C2000032917D004DC012911D0022904D105E0B1
:103C300015291ED016291CD000241AE014498968C1
:103C4000002916D04968002913D0884711E0FFF7F2
:103C50009DFE0EE0FFF790FE0BE00E490978042967
:103C600009D0002A05D05268002A02D001460A482D
:103C7000904720461CBD00216A461180017940888A
:103C8000FEF794FBF5E70000C870FF1FF3DFFFFFAE
:103C9000E870FF1F5970FF1FFFFF0000F8B5164FB7
:103CA0000646BD1F2878FF2814D00A20FCF750FADA
:103CB00004000FD0D020207066700820A070A87873
:103CC000E07006223946201DFCF7B2F9214628781B
:103CD000FCF71AFAE87801280DD108480068002896
:103CE00003D08068002800D080470648044A042199
:103CF0000078FCF7F7F9F8BD5E70FF1FEC70FF1F4E
:103D000060EA0000E970FF1F70B500240546002836
:103D100005D1002903D006220B48FCF789F90A488F
:103D200010380178012907D10124002D06D0002187
:103D30000170284600F03CFA204670BD0221017057
:103D4000FCF7AEFAF8E7000040A9FF1F10B5002409
:103D5000002813D002780B49002A03D14288CA8276
:103D600002790A760A78022A08D102780124002A08
:103D700006D000220A70007800F01AFA204610BD22
:103D80000322F7E730A9FF1F014948607047000090
:103D9000E870FF1FF0B50546817887B086A0FFF771
:103DA00005FAA878002607278A4C0300FCF752F989
:103DB00008053E1D40406DB3E53E6878002869D196
:103DC00085A0FFF7F3F983480622E91C3C30FCF795
:103DD0002FF901207F4BA071014642331F226079E9
:103DE000FDF79EFC002855D1BDE06878002851D130
:103DF000E878002807D07D4BA27800216079FDF794
:103E00008FFC68700FE0A07902280FD00121607943
:103E1000FCF750F9002806D175A0FFF7C7F901217A
:103E20006079FCF741F96878002833D107B0F0BD1C
:103E3000697800292ED103280AD0A289002A11D03E
:103E4000207800280FD001216079FCF721F90AE0E1
:103E5000A079052804D06CA0FFF7A8F9022012E091
:103E6000062010E02670A079062802D0042802D08F
:103E700008E0052007E00120207001466079FCF78A
:103E800013F970E00320A0716DE06878002803D07A
:103E900031283ED0A77166E04E480622291D3630F3
:103EA000FCF7C6F86A89E281A9892182E8896082E3
:103EB0000523A3712B8A059046480693039204912B
:103EC0003630C178437902796F460EC783784278DD
:103ED00001785148FFF76AF9A28A002A03D002212B
:103EE0006079FCF7D5F8A889E083E8892084288ADE
:103EF0006084E07801280AD11F20FDF76BFA7D214C
:103F0000C9004843024604216079FCF7C1F82670D5
:103F100029E02670B6E72F48062200213630FCF74C
:103F20009FF8E6832684668404216079FCF7B6F85E
:103F300008216079FCF7B2F8A879082808D0032096
:103F4000A0712078002805D06079FDF719FA07E004
:103F50000420F5E70120207001466079FCF7A4F801
:103F60000020C043E081606A002800D15EE701685C
:103F70000029FBD0A079884758E708216079FCF731
:103F80008DF868780028F7D1E888E08328892084B4
:103F90006889608404216079FCF78CF80028EBD1F3
:103FA0001EA0FFF703F9A06A0028E5D00368628C21
:103FB000218CE08B984739E75359535F4556454E5E
:103FC000545F4D5347206F70636F64653A2025300E
:103FD00032580A00F86DFF1F557064617465204106
:103FE00064766572746973696E670A00CA94FF1F0C
:103FF0004F70656E204164766572746973696E678F
:10400000204576656E740A00416476657274697342
:10401000696E670A00000000A8A201117047617074
:10402000526F6C65735F506172616D55706461743D
:104030006543420A0000000070B50446017825A0DF
:10404000FFF7B4F820782A4D912807D0A22827D06E
:10405000D02802D12046FFF79DFE70BD60780E2863
:10406000FBD1A088234988420FD1A16803200856BC
:10407000A9790529F1D17F28EFD0696A0029ECD010
:1040800049680029E9D0884770BD1B498842FBD1A7
:10409000A06883784278017818A0FFF787F870BD90
:1040A00060791328FBD12089012802D128790228C0
:1040B00008D00520FDF78EF9024608216879FBF744
:1040C000E7FF70BD08216879FBF7E8FFFDF702F90B
:1040D00070BD00000A5359535F4556454E545F4D1D
:1040E0005347204576656E743A20253032580A00D1
:1040F000F86DFF1F05140000222000005B484349B3
:1041000020444C455D25642025642025640A000078
:104110007CB5154C0546E08BE18A88420AD3218B99
:10412000884207D8208C618B884203D1608CA18B98
:10413000884217D00520FDF74DF90646E18A68460A
:104140000180218B4180618B8180A18BC18062794C
:104150006946E089FEF736F9257132460821607913
:10416000FBF796FF7CBD0000F86DFF1FF8B5074612
:104170000E46084602F034FB040018D02620FDF756
:1041800029F9050000D125780620FBF7E1FF04009E
:104190000DD006220021FBF763FFD020207067704E
:1041A0000E20A070A680E8B22146FBF7ADFFF8BD57
:1041B00070B50F4D06462878FF2818D00E20FBF763
:1041C000C7FF040013D0D020207066700020A070BC
:1041D00006220849E01CFBF72BFF06481038C18A6D
:1041E0006181007E207321462878FBF78DFF70BD2A
:1041F0005870FF1F40A9FF1FFFB581B01E4617462C
:104200000D460C20FBF7A4FF040013D0284602F053
:10421000E7FA002810D00078D02121700199617050
:104220000721A170A580E78026810A996181214636
:10423000FBF76AFF05B0F0BD0048ECE75870FF1FC0
:1042400070B50D4D044628680E46002812D0062091
:10425000FBF77EFF010009D0D02008704C700320CE
:1042600088708E8028680078FBF74EFF002C01D004
:10427000FFF7B8F970BD0000B870FF1FFFB581B03F
:104280001F460E46084602F0ABFA050022D0102069
:10429000FBF75EFF04001DD010220021FBF7E0FEBB
:1042A0002620FDF797F8002800D12878D02121702A
:1042B000019961700F21A170A68003992172677224
:1042C0000A99A1720B99E1720C99E160C0B2214682
:1042D000FBF71AFF05B0F0BDF0B51F4D85B028689B
:1042E000002837D08778FDF7F1F8002805D00A209C
:1042F000FDF770F804900B200EE001F0D5FD0028CA
:1043000005D00620FDF766F80490072004E0082099
:10431000FDF760F804900920FDF75CF804460F48AB
:104320000078002814D001262968C878091DFFF7F5
:10433000E1F829686D46CA7A8B7A091D0BC503928C
:1043400033463A4621460498FBF7B0FF05B0F0BD6E
:104350000026E9E70120F9E7B870FF1F5A70FF1F38
:1043600010B50949096800290CD0002805D10120A1
:104370004870FBF7A5FE002802D00021FFF760FF80
:10438000012010BD002010BDB870FF1FF8B50C460D
:1043900002F026FA020021D026201462FDF71AF856
:1043A00005062D0E00D115789679D01D00901020AD
:1043B000176AFBF7CDFE040010D0D020207000203B
:1043C00060700920A070E6700622201D0099FBF79E
:1043D0002FFE21462846E760FBF796FEF8BD411EFA
:1043E000152903D9FF2801D000207047012070470C
:1043F00070B50A4E054630780C46FF280DD00420D3
:10440000FBF7A6FE010008D0D02008704C700220F7
:104410008870CD703078FBF777FE70BDCC70FF1FD1
:10442000F3B5284D81B0286800284AD04078264E40
:10443000012803D03078002831D041E001F034FD6C
:10444000224F002813D00120FCF7C4FF0446412866
:1044500008D91F4A02213878FBF744FE1D483C3C2E
:1044600044800EE07D20C0002246424303E000204D
:10447000FCF7B0FF0246002A03D002213878FBF790
:1044800007FE2968022048703078002802D00020FA
:10449000307015E002990198FFF7D2FE10E003207A
:1044A000019CFBF755FE010008D0D02008704C702D
:1044B0000420887028680078FBF726FEFFF792F842
:1044C0000120FEBDB870FF1F5B70FF1FE970FF1F6A
:1044D00060EA0000CC70FF1F074A00218B00D35A0E
:1044E000834202D1880080187047491CC9B2022952
:1044F000F4D3002070470000FC70FF1F10B50C467D
:10450000FFF7EAFF00280DD0002C00D02060807853
:10451000FE2803D0FF2803D0162010BD172010BDA1
:10452000002010BD022010BDFFB581B0FF201E4647
:10453000174605300A9DFBF70BFE04001BD0B02088
:1045400020706770029860802671002D06D020468A
:10455000FC2229460830FBF76BFD05E02046FC22D3
:1045600000210830FBF77CFD21460198FBF7CCFDCC
:10457000002005B0F0BD1320FBE70000054817221E
:1045800002800988172901D2042070470180002089
:10459000704700005470FF1F0020704708B50A469E
:1045A0000888498888420BD8002809D00023009346
:1045B0001379521DFDF75CFB002803D0002008BDD5
:1045C000012008BD0A2008BDF3B50D4608884988BA
:1045D000002687B0814215D3002813D000276946F2
:1045E0000F710097002369881A46FDF741FB04000C
:1045F0004FD068460079002807D0694649790129DB
:1046000025D008E0012009B0F0BD217802291BD097
:1046100002216A4651711222504301AA6189801811
:104620004180684600791223584380181022001DEB
:104630006168FBF7FDFC68460079401C0106090E25
:10464000684601711FD11AE001216A465171217833
:1046500002291ED1820001A86189121851806A4680
:1046600012796168920010180222001DFBF7E0FC2D
:104670006A461079401CC0B21071052803D26189C6
:104680000A48814200D101266089401C80B2002E78
:10469000A7D068460079002805D001A90798FCF743
:1046A000CBF90020AFE70A20ADE70000FFFF0000D4
:1046B00038B50C4608884988884215D8002813D098
:1046C0002379621D02210B48FCF73BF900280DD02D
:1046D00000200090237961882088621DFDF7C8FAC8
:1046E000002805D0002038BD012038BD102038BD7D
:1046F0000A2038BD08A2011108B50A460888498871
:1047000088420BD8002809D0002300931379521D4A
:10471000FDF7AEFA002803D0002008BD012008BD37
:104720000A2008BDF8B500250F4606460C46E037BE
:1047300017E06800205A0021FDF774FA002809D01C
:10474000017A3046FDF7DEFB002808D06900615A87
:104750002180F8BD6800205A20800120F8BD6D1C22
:10476000EDB2B87DA842E4D80020F8BD10B50446EB
:1047700008880021FDF756FA002804D0017A204667
:10478000FDF7C0FB10BD012010BD000030B585B0A5
:1047900005466946FCF7C4F9040026D168468078CE
:1047A000C1071E4809D08268002A04D0688869467B
:1047B0009047044619E0062417E04268002A05D015
:1047C000688869469047040001D10EE006246846D7
:1047D0004078002809D16846817801730021C181A1
:1047E0000474688803A9FCF7E7F8A868002801D0DA
:1047F000FBF7CCFC002C05D168468078122807D046
:104800001B2803D068880121FDF7ECFD05B030BD01
:10481000684640780128F5D1F8E700000471FF1FD1
:1048200070B505460C4608880021FDF7FBF9002805
:1048300005D0017A22462846FDF777FB70BD01209E
:1048400070BD000001494860704700000471FF1FFF
:1048500010B50446801C00F029FDFF20E07010BD5B
:1048600010B500F025F8002800D0806810BD0022A7
:104870009300CB5A834202D1900040187047521CDB
:10488000D2B2022AF4D3002070470000074A002168
:10489000CB00D35A834202D1C80080187047491C0C
:1048A0000906090EF4D00020704700006C6EFF1F4F
:1048B0000649896805E08A88824201D18868704784
:1048C00009680029F7D10020704700005C6EFF1FC7
:1048D000F8B50746012906D0022924D1012102F0AA
:1048E0000DF800281FD13846FFF7D0FF050015D07E
:1048F00000240D4E0CE0F820696860430818018818
:10490000002908D0F8220021FBF7AAFB641CE4B2BE
:1049100070788442EFD30020C04328800249384693
:104920001831FCF76DFFF8BD5C6EFF1FF3B506464E
:1049300083B008300190002000907088FFF7A6FF38
:1049400007002FD0002523E0F820796868430C1871
:104950002188002920D00198007801280FD1608893
:104960000090A3887088A21DFDF70EF90090002822
:1049700005D0019900200870049821880180F82250
:1049800000212046FBF76CFB00206D1C2080EDB25F
:10499000074840788542D7D30020C043388000982C
:1049A000002802D17088FCF731F8009805B0F0BDFE
:1049B0005C6EFF1FF3B50546374C064685B00835DB
:1049C000F62200212046FBF74BFB03A800902B7931
:1049D000698828886A1DFDF74BF9074645E070880D
:1049E0002E4A4100515C2E4BC91FC9B200930022D0
:1049F00002910192284B69468A89F63B3946FCF7B9
:104A00005FFF002812D126482989001F8288914221
:104A10000CD121492846F6390A30FBF715FB00284E
:104A200004D02178788989000919488068468289EC
:104A3000698804AB3846FDF74DF9074620788100B8
:104A400009194A88002A10D0002F05D06A46128A18
:104A5000401C20708A800AE002060021920DC943A2
:104A60001219401C2070918006E0002F04D00D48E0
:104A7000217800888142B2D32078002806D070883F
:104A80002146FBF7CBFF002007B0F0BD0698298830
:104A900001800A20F8E70000F896FF1F5270FF1F00
:104AA000606EFF1F4E70FF1FF0B585B004460020FA
:104AB0006946888120790E2869D00FDC082823D028
:104AC00004DC022813D0062818D118E02546083542
:104AD000484F0A281DD00C2810D138E010285BD090
:104AE00012285ED0162861D0182877D163E0434899
:104AF0004149008808806088FBF768FF6EE003A9E1
:104B00002046FFF757FF5AE003A9204600F076F948
:104B100055E0288804A9FDF785F8010015D06088C4
:104B2000354E4200BA5C0023521ED2B2019302926B
:104B300000966A46B31C128AFCF7C2FE00281DD1FB
:104B400060883146FCF7F0F848E0012016E028883C
:104B500004A9FDF767F80100F7D060886B88420070
:104B6000BA5C254E521ED2B20193029200966A465A
:104B7000B31C128AFCF7A4FE002803D029886A46D9
:104B800091811CE060883146FCF79EF826E003A97D
:104B9000204600F0D3F912E003A9204600F082F885
:104BA0000DE003A9204600F039FA08E003A92046E9
:104BB00000F028F803E003A92046FFF7B7FE00281D
:104BC0000CD06178142909D00B4922790A706A4601
:104BD00092894A8008716088FBF7EEFE2046FDF757
:104BE00009F80748C168002901D02046884705B068
:104BF000F0BD00005270FF1FF896FF1F4C70FF1FA2
:104C00005C6EFF1FF8B504460F4605460834008960
:104C10006946FDF707F806003AD0307A80060ED5CF
:104C200068460088FFF71CFE030006D06888122241
:104C300031469847060002D02BE00E2629E06E8808
:104C40003046FFF723FE010005D11448FFF71EFE92
:104C500001000ED00E80124A0020527807E0F8269C
:104C60004B6846439B5B002B05D0401CC0B2904272
:104C7000F5D309260DE04968F8225043081821466B
:104C8000FBF7D6F9002668882146FCF713F802E006
:104C90000126208838803046F8BD0000FFFF000064
:104CA0005C6EFF1FF3B58BB000200B9E0746039090
:104CB00004A800903246337B718930894C4C0D3208
:104CC0000836FCF7D5FF054678E00B98297A40882E
:104CD000FDF718F9070003D00C98698901806FE08F
:104CE0000B9844494088444B4200895C0093891FDB
:104CF000C9B20022029101923D4B69460A8AF63BF5
:104D00002946FCF7DDFD0700E6D10398002833D0E3
:104D100039486188001F8088021D914253D1039950
:104D200009180B98408842003248805A801F8142FF
:104D300049DC0399A87A6118087103986989401CB5
:104D400080B22218090A401C117180B20390684693
:104D5000028A718807AB2846FCF7BCFF050011D01A
:104D600003986946898B2018017103986946401C95
:104D7000898B80B2090A0CE01F48001F8088001D43
:104D80006080D6E70398FF21201801710398401C2A
:104D900080B222181171401C80B217490390091F7C
:104DA0008A8813492018F639001DFBF741F912498A
:104DB0000398091F8988401880B20390002D84D180
:104DC000039800280CD061880398FBF739FA20700B
:104DD0000B9821464088FBF781FF00200DB0F0BD05
:104DE000002F00D10A270C98318801803846F5E75A
:104DF000F896FF1F5270FF1F606EFF1FF3B5074646
:104E0000044608378BB049480490388800252E4660
:104E100005906AE007A800903B7979887A1D05988B
:104E2000FCF726FF0890002852D04089059008988A
:104E3000017A6088FDF766F806005DD160883C491C
:104E40004200895C3B4B091FC9B2009300220291CA
:104E50000192364B69468A8BF63B0899FCF730FD88
:104E6000060049D1002D36D0049841883148001FF2
:104E70008088801C814241D12E4B1B1F98882918A5
:104E8000608842002A48805A001F814220DC08982E
:104E9000817A04984019017108996D1C4989E8B21A
:104EA0000A0A049909180A71401CC5B219460498E7
:104EB0008A881E494019F639001DFBF7B9F81D48CC
:104EC0001D49001F00792818C5B20598884209D1EC
:104ED000002D13D123E017480499001F8088801CFF
:104EE0004880C9E7401C80B20590608841001048A6
:104EF000405A001FA8428DDA002D0ED00498418838
:104F00002846FBF79DF901460498017060880499D2
:104F1000FBF7F2FE00200DB0F0BD002E00D10A26F6
:104F20000C99059808803046F5E70000F896FF1FB9
:104F30005270FF1F606EFF1FFFFF0000F3B50646B3
:104F40000446002085B0324D009008362880074680
:104F50003046E030049048E07800305A03A9FCF76E
:104F600061FE01001AD060882B4B8446420029481C
:104F7000805C0093401EC0B2002202900192244B3C
:104F800068468289F63B6046FCF79AFC0090002850
:104F900007D07800315A0698018035E00120009052
:104FA000F7E71D492888091F8988421861884B0046
:104FB0001849C95A4B1E9A4204DD081A1649091F9E
:104FC000401E88802988A81C08181349091F8A8850
:104FD0000F49F639FBF72CF80F482988001F808805
:104FE000081828807F1C0498FFB2807DB84207D93A
:104FF0006088298842000748805A401E8142ABDB06
:1050000060882946FBF786FE009807B0F0BD0000D7
:10501000F896FF1F5270FF1F606EFF1FF3B5054625
:1050200083B004460835008901A9FCF7FBFD27463B
:10503000E8370646002822D0307A80060ED568462A
:105040008088FFF70DFC030006D0608812223146ED
:105050009847060002D013E00E2611E000200090D1
:105060006B88298860882A1DFCF78EFD060007D111
:10507000787E002807D16088FBF782FE03E00126D6
:10508000049829880180787E002802D0002005B08D
:10509000F0BD3046FBE70000F8B504460246F820B4
:1050A00042431948002507464570103778680028A4
:1050B00007D00020C100C919401C00064D60000E39
:1050C000F8D0124E00213046FAF7CAFF0020014600
:1050D0006143C9B2F82251438B190B49C200103108
:1050E00052180021536005E0F8274F435368491CCC
:1050F000DD53C9B2A142F7D3401C0006000EE6D032
:10510000014844700020F8BD5C6EFF1F0A95FF1F28
:105110007CB50C78069D022C0FD14C6826786478FB
:1051200024023419064EA4B2F44206D10224DBB2A2
:1051300000950194FCF77CFB7CBD01207CBD000048
:10514000FED6FFFFF8B505461D48854223D0461C14
:10515000002921D001292BD002291CD10121284668
:1051600001F0CCFB002816D12846FFF7B5F9040062
:1051700011D0A078FF280ED0FE2807D00020009084
:10518000E0781E2314222946FFF7CEF92046FFF7C8
:105190005FFBFF20A070F8BD2846FFF79DF90028AF
:1051A000F9D13046FFF798F90028F4D00580F8BD12
:1051B0002846FFF791F90400F9D02680D9E70000CE
:1051C000FEFF0000F3B50C468978C1B01E2914D04B
:1051D0002E4D2878FF2829D0182927D84808C20042
:1051E0002B481218803A976F002F1FD0D06F0028DD
:1051F0001CD02078002817D113E04198FFF76CF9F4
:1052000005000BD000200090A378E8780022419997
:10521000FFF78AF906462846FFF71AFB304643B0E7
:10522000F0BD6278012A03D1122901D00620F6E7E9
:1052300002AE0096A3886178A268B8470028EED134
:10524000A0784008C100124808188038C26F02A92F
:105250004198904700280FD061780029DFD1A278CB
:1052600069460A700871684601894180694641981B
:10527000FBF7A2FB0020D2E7A378042BCFD0009647
:10528000002228784199FFF74FF9C8E7F470FF1F13
:10529000A4A1011100B50346FCF724FE002803D0A9
:1052A000C018401E80B200BD184600BD10B50400F5
:1052B00008D02078FF2805D0FE2803D0FAF7FCFF9D
:1052C000FF20207010BD0000F7B506460F461020E5
:1052D000FAF702FF05461020FAF7FEFE0446002DFD
:1052E0003AD0002C2DD010220021FAF7B9FE2A4620
:1052F0002146304602F00EFC060023D12878000635
:1053000004D43946284601F00AFA08E02146284626
:1053100001F005FA3A461149204604F03DF9387883
:10532000000604D43846029901F0F9F90AE0214652
:10533000384601F0F4F909492046029A04F02CF9A4
:1053400000E013262846FAF7D9FE002C02D02046AA
:10535000FAF7D4FE3046FEBD1326F6E72EA2011161
:10536000F0B5154D91B00C460601A859694603F0F9
:1053700055FE751904A9686803F050FE08A9A868CD
:1053800003F04CFE0CA9E86803F048FE00206B46D1
:1053900004AD08AF820001019E5866500919AE584D
:1053A0004E60BE588E600CAEB258401CCA600428D5
:1053B000F0DB11B0F0BD000040A8FF1FF021084055
:1053C0000011704710B50446FFF7F8FF034A80014B
:1053D00021078018890E405810BD0000EC9801117B
:1053E00070B5134B6028DC7C5D7D10D0622812D034
:1053F0001C46267DE47CA419642813D0662810D1AD
:1054000060190F24240260430860987D08E00020A2
:105410000860D87C04E00F20000244430C60187D33
:10542000108070BD0F20000244430C60587DF7E7E8
:105430009B98FF1F70B50D46064628431CD01721C8
:10544000104801F0BBFF10A0FDF7B0FE0D4C0A2183
:10545000601C01F099FB002E08D00A22611C304626
:10546000FAF7E6FD0A21601C01F08EFB002D01D049
:1054700020782870002070BD09A0FDF797FE02205B
:1054800070BD00009B98FF1F5265616420466C61EF
:1054900073682056657273696F6E3A2000000000D1
:1054A0006765745F66696C655F696E666F206572BB
:1054B000720A000010B50348017A034801F000FFAA
:1054C00010BD0000DC6FFF1FB298FF1FF8B50698F3
:1054D00000271D4614460E46002801D00B20F8BDBB
:1054E00030780021022801D019804DE070680278E0
:1054F000407800021018152280B25202801A030070
:10550000FAF7A8FD0504121F1A254100F068FAF702
:1055100019FEC2B20798824200D902462A80F16879
:105520002046FAF785FD30E0F068022100882980E6
:105530002070000A607028E0062028800246F1688A
:10554000EEE701202880F068007820701DE0F06808
:10555000002816D008212980017821700188090AC5
:1055600061708178A1704188090AE1700179217127
:105570008188090A61718179A171C088000AE0718E
:1055800003E0298001E0298001273846F8BD10B5E5
:105590000B78840702D50224234301E0FD24234035
:1055A0000B7003070B7802D50824234301E0F7248E
:1055B00023400B7083060B7802D52024234301E09F
:1055C000DF2423400B700A21084201D1810603D554
:1055D00010780C21084304E0002803D11078F3214F
:1055E0000840107010BD0000FFB581B0087800249D
:1055F0000A9E1F460D4602280FD168680178407840
:1056000000020818152180B24902401A09D0012869
:1056100029D0022848D003283CD00124204605B0D8
:10562000F0BDE868FAF78EFDC0B2864205D8F019E1
:105630000090112803D90D24F0E70724EEE7E8686D
:105640003A4680190399FAF7F3FC0098EA6880B2A9
:10565000002111541C4840680028DFD0016800294F
:10566000DCD0002012E0002E12D1022BE3D10399EE
:10567000E8680A78497809025118018012484068A0
:105680000028CBD001680029C8D001208847C5E791
:105690000B24C3E7002EFBD1062BCCD10622E868F1
:1056A0000399FAF7C5FCB9E7002EF1D1012BC2D15D
:1056B00003980078002803D0012801D08024ADE7AA
:1056C000E9680870AAE70000746DFF1F10B5044870
:1056D000C16B034A40321068D06000F03DFA10BD43
:1056E0000080004030B5C21F0A2A01D3062030BD19
:1056F0000124074D9440002905D0002100F0C0F896
:105700002868204301E02868A0432860002030BDBD
:1057100000380040054B01228240D868002901D0A2
:10572000104300E09043D86070470000003800400C
:1057300070B5FF2814D08207D30E8408094A5E1D75
:10574000A400A518AC69F21A0126521C9640761ED8
:105750009E40B44399400C43AC610121FFF7DAFF4E
:1057600070BD00000038004010B5114C20780028B2
:1057700001D0072010BDFF212D310D48FAF7A2FD01
:10578000012020700B490020086348630A49086221
:10579000486202211020FDF7BFFA1020FDF7B0FA91
:1057A000064A07490D20FAF793FD002010BD0000BE
:1057B0009492FF1F0080004080F00040D1590111F9
:1057C0004559011110B5172801D3052010BD0C4B08
:1057D0009C6B01228240104620439863586B904393
:1057E0005863DC6B012907D020469043D863186BBF
:1057F00002431A63002010BD10462043F6E7000064
:1058000000800040054B0122801E8240586900291B
:1058100001D0104300E090435861704700380040C9
:1058200070B5044614480E460519002902D168785F
:10583000012808D000212046FFF76CFF022C04D07D
:10584000032C02D005E0072070BD01212046FFF7A0
:10585000D9FF00212046FFF745FF08490120A0405D
:105860004A68012E05D082434A60022068700020F9
:1058700070BD02434A60FAE79492FF1F0080004027
:1058800070B5420083180D4A9C18A5786478D65CE0
:10589000641B0122641CA240521EAA40084BA9406E
:1058A000132806D2B000C018836893430B4383606B
:1058B00070BD586990430843586170BDC59501118A
:1058C00000F0004007494A68012383401A4201D092
:1058D000096802E0034940310969C140C807C00FA7
:1058E000704700000080004070B5154C45002E192F
:1058F00076780123114AB34000290ED0142809D02C
:10590000152807D0162805D06057800080188168B8
:1059100019430DE0506918430EE014280AD01528E9
:1059200008D0162806D060578000801881689943F7
:10593000816070BD50699843506170BD00F00040B7
:105940000A96011170B5104D00242E1970780128A7
:1059500003D1E0B20121FFF7C7FF707802280ED112
:10596000E0B2FFF7AFFF01214140E0B200F074F870
:10597000E0B2FFF7A7FF0C21614349194876641C88
:10598000172CE2DB70BD00009492FF1F10B50F4C86
:105990000D4A0123245C142809D2106A002902D080
:1059A000A340184301E0A3409843106210BD506A21
:1059B000002903D0203CA340184302E0203CA34030
:1059C0009843506210BD000080F00040AE95011178
:1059D00070B502211020FDF79FF91020FDF790F916
:1059E00000241C4D07E0022C01D0032C03D1E0B2AF
:1059F0000121FFF707FF2819407801280BD1E0B2F9
:105A0000FFF760FFE2B20146104600F061F8E0B235
:105A10000021FFF769FF0C2060434019007E002839
:105A200014D0E0B200F066F8E6B23046FFF74AFF65
:105A3000002801D0012100E000210C2272435219FC
:105A4000527E824202D0304600F0BAF8641C172C15
:105A5000C9DB70BD9492FF1FF8B542008318184A45
:105A6000D55C9A189278521ED4B2164A12185278FF
:105A7000022A21D1144EB76B0122134683401F43E3
:105A8000B763124B13280ED2002906D0A900C918FB
:105A90008B68A24093438B600BE0A900C9188B6808
:105AA000A2401343F7E70029596906D0A240914369
:105AB00059610121FFF76AFFF8BDA2401143F7E7E2
:105AC000C59501119492FF1F0080004000F0004036
:105AD000012200B5064B82400029196801D011430C
:105AE00000E0914319600121FFF79AFE00BD00001C
:105AF0000080004070B50446164821460C225143F0
:105B00000D186A680026002A02D1AA68002A1CD053
:105B1000104B0222183B1B195A70012242540021DB
:105B20002046FFF77DFE6868002808D0A868002896
:105B30000DD02046FFF7C6FE002808D000263146CB
:105B40002046FFF73FFE002070BD122070BD0126E9
:105B5000F5E70000AC92FF1FF3B5184E002481B0AA
:105B6000074601252846A040384223D00299084024
:105B700000D001200090E0B2009900F021F80C2044
:105B8000604380194168806800290ED0002807D042
:105B90000098002802D00021E0B203E00121FBE7D9
:105BA000E0B20121FFF70EFE04E0002802D0E0B2CF
:105BB0000021F7E7641C172CD4DBFEBDAC92FF1F5D
:105BC000074A0C2343439B185A68002A01D0012935
:105BD00004D09A68002A02D0002900D110477047EB
:105BE000AC92FF1F70B505460D4885420CD00D4C98
:105BF00001290AD0022905D10121284600F07EFEA4
:105C0000002802D00020207070BD064928460831C7
:105C1000FBF7F6FD20780028F6D0FAF75FFB70BDA1
:105C2000FEFF0000C06EFF1FF0B5304B04460120A0
:105C30009D448002810002AD01902846FAF742FBA4
:105C4000A007010D2A48A7020818009029483E180D
:105C500029480078002831D0002C02D10098FAF7AA
:105C60000DFB25480F30FAF7F7FAB0422AD9A00702
:105C700014D1002C12D001242403301B0646FAF75D
:105C8000FDFA224629460098FAF72EFB22462946BD
:105C90003046FAF72FFB0098FAF7F0FA2946384613
:105CA000019A01F063FB154A28460199FDF796FA1F
:105CB0002946019A0098FAF71DFB01200B4B5B4225
:105CC0009D44F0BD340B24032046FAF7D7FA012691
:105CD0003603324629460648FAF706FB324629467D
:105CE0002046FAF707FB0020E8E70000F4EFFFFF8B
:105CF00000F00311004002119B98FF1FC86FFF1FA7
:105D0000F7B5A0B00024209801F0DCFD209903280D
:105D10001FD012A0FDF74AFA154800210246803232
:105D20006D4613790BE04E003618B688209FBE42B0
:105D300003D06700641CEE53E4B2491CC9B28B4225
:105D4000F1D8147122462946001DFAF771F923B0E3
:105D5000F0BD08A0FDF72AFAF9E700005772697450
:105D60006520256420537563636573730A20000002
:105D7000FC97FF1F577269746520256420455252B5
:105D80000A200000F8B5164E054670883446281AD9
:105D900003B28034012B16DB09E027795B1E1BB2AE
:105DA0007F00E81ABF19B8802079401C2071012BB0
:105DB000F3DC284601F086FD0328294604D0094873
:105DC000FDF7F4F97580F8BD06481830FDF7EEF9D7
:105DD00020794000801985802079401C2071F8BD11
:105DE000FC97FF1F5C5D011110B50A4C606900282B
:105DF00001D0FAF783F92069002801D0FAF77EF97B
:105E0000A069002801D0FAF779F9002020616061CB
:105E1000A06110BDDC6FFF1F70B5134CFF2520691A
:105E20000135002803D12846FAF756F92061606948
:105E3000002803D12846FAF74FF96061206900284D
:105E40000DD0616900290AD02A460021FAF708F925
:105E50002A4600216069FAF703F90C2070BD03A0FF
:105E6000FDF7A4F90D2070BDDC6FFF1F6865617040
:105E70005F646174615F696E69742065727221216B
:105E8000210A000010B501210D20FFF7C9FC0121F6
:105E90000E20FFF7C5FC01210D20FFF7F1FC0121C9
:105EA0000E20FFF7EDFC10BD08B509488368002BF4
:105EB0000CD01A78694601205B1CFDF76EFB0028A8
:105EC00004D00078C00701D0012008BD002008BD23
:105ED000CC70FF1F10B503460B4A00200A21414336
:105EE00089184988002905D0401CC0B20328F5D381
:105EF000002010BD0A21002441435454044640347C
:105F000088184480037210BD5CA9FF1F0A780270D4
:105F10000A88120A42708A7882704A88120AC2700D
:105F20000A7902718A88120A42718A798271C98853
:105F3000090AC17108207047F8B505460C46486843
:105F40000421FAF72FF9217A017021890346401CB8
:105F5000090A0170217841702188090A8170207A2C
:105F6000001DC2B2FB2A36D81C48854215D1144602
:105F70001E460C20FAF7ECF801000CD090200870B7
:105F8000022008714D808E601548CC800078FAF7A9
:105F9000BBF800271DE013271BE05C201149684374
:105FA000441826464036307E002806D008465C302D
:105FB000416A0727491C41620BE02146284600F050
:105FC00095F90746307E002803D121462846FAF786
:105FD00097F93846F8BD0220F8BD0000FEFF00002A
:105FE0001171FF1FE8A9FF1F10B50A4A00210A23FB
:105FF0004B439B185C88002C06D01B79834203D14D
:106000000A204143881810BD491CC9B20329EED3A8
:10601000002010BD5CA9FF1F002141800170704766
:1060200070477CB504000FD0608800280CD0002594
:10603000009501951323E188207A172200F028F8B3
:10604000FF206072658025707CBDF8B50746154657
:106050000E461020FAF77CF8040017D0A02020701C
:10606000002060706680002D05D00C222946201D7E
:10607000F9F7DEFF04E00C220021201DF9F7F0FF04
:1060800021463846FAF740F80020F8BD0120F8BD57
:10609000FFB581B01E46174614200B9DFAF758F83D
:1060A00004001AD0A22020706770029860800A98BD
:1060B00020716671002D06D020460C22294608303A
:1060C000F9F7B6FF05E020460C2200210830F9F769
:1060D000C7FF21460198FAF717F805B0F0BD022A6C
:1060E0001CD34B780A781B02D21892B20280012A84
:1060F00002D0022A06D00FE08A78C9780902511826
:10610000418009E0CB788A781B02D21842800A7954
:106110004979090251188180002070470120704799
:10612000F8B506464D88002070600A790C46022AB0
:1061300012D0290160480091415A002906D0009BE5
:106140001F18BB68002B01D0012A7DD05A486C3043
:106150004169491C4161A9E0E288042A43D3A0684F
:10616000437801781B02C91889B20091C3788178FD
:106170001B02C9188FB2017AC079000208184F4972
:1061800048800099091D8A4220D1072F13D0052F7E
:1061900011D0042F02D0062F25D10CE0464829014A
:1061A000405A002807D02846FCF780F942486C3056
:1061B0000169491C01610098308137800321C9437E
:1061C000A068F9F7EFFF70600020F8BD072F18D026
:1061D000052F16D0042F07D0062F12D036486C306A
:1061E000C168491CC16064E033482901405A002855
:1061F00007D02846FCF75AF92F486C300169491C32
:1062000001612D492D01002048536E180098B0817E
:10621000B7800098FCF7AEF9B060002818D00321D1
:10622000C943A068F9F7BEFFE2880146224F121F5A
:10623000B068F9F7FDFE785BE1884018001F7853DD
:1062400038466C30016800E008E0491C016030E02D
:1062500019486C308169491C81612AE0E2888918FB
:10626000009A89B28152BA8991421AD80546B86813
:10627000E2884018801AA168F9F7DAFE0098295AD6
:10628000B889814215D13081B8883080B868706093
:1062900000990020685208486C304168491C4160F0
:1062A00007E005486C308168491C81602846FCF78E
:1062B000FDF80120F8BD0000D8A9FF1F2A71FF1FBB
:1062C000022A01D0012070470A7849780902511842
:1062D0000180002070470A7802704A7842708A78FC
:1062E000C97809025118418070470000FFB50C467B
:1062F00007463D49A1208000096878434018FF30D7
:10630000C130067E89B015463846FAF7A9FB001D54
:10631000B04204D23846FAF7A3FB001DC6B2B5421C
:1063200007D82A46002138460C9BF9F7EFFF0DB03D
:10633000F0BD31462846F9F783FF274640373874C9
:106340000C99616501467143691AC9B202910C99B1
:1063500004910299002901D0401C3874002523E0E3
:106360000299002904D0401EA84201D1084600E04D
:106370003046E900059103916054FCF72FF803992A
:106380000919486000281BD00599625C0499F9F747
:106390004FFE0598215C0498081804901348C169C1
:1063A000491C6D1CEDB2C161387CA842D8D8606D23
:1063B000002803D0F9F7EAFE002060650020B6E768
:1063C000002038740646606506E0F0000019406859
:1063D000F9F7DCFE761CF6B2AE42F6D30348C16A8A
:1063E000491CC1621320A2E73409FF1F44AAFF1F02
:1063F000F7B586B016460D464878FFF7F5FD040060
:1064000010D0002727712878012802D0132809D13D
:1064100005E06A88314602A8FFF761FE0AE02078AD
:10642000032802D0002009B0F0BD6A88314602A8D6
:10643000FFF746FF0646204600F046F902A8019005
:1064400000972B78207A32460699FFF721FE2046E6
:10645000FFF7E2FD3046E6E7FEB504464688014612
:106460006846FFF75DFE0546019800282FD0684674
:106470000088052806D0042809D0062807D0072858
:1064800005D026E06946304600F030F821E0810072
:106490001548081801464039098E002919D02038BE
:1064A000807C6A463146FFF7D0FD002811D168464E
:1064B0000088042803D001213046FBF793FF012D0B
:1064C00004D1A068002801D0F9F760FEFEBD012DBF
:1064D00004D1A068002801D0F9F758FE0121304608
:1064E000FBF780FFFEBD00004CA9FF1F30B505463D
:1064F000088987B00C46042817D302A86168FFF703
:10650000EAFE68464089172837D82189001D814254
:106510001ED16846007AC10709D0626802A92846E0
:10652000121DFFF765FF002812D107B030BD61686A
:10653000091D122805D0002069460880497A6A465C
:1065400022E06846428903A8FBF77CFF002803D0BD
:106550002846FFF765FDE8E70D4881880029E4D06B
:106560006946497A03AA0192009169460B7A8079BB
:1065700000222946FFF78CFDD7E7012168460180FC
:1065800017214180417A6A462846FBF70FFFCCE786
:106590004CA9FF1F70B5144C00262680A681A6804A
:1065A000A0683546002802D0F9F7F0FDA5600E4C32
:1065B000103420464030057445740576606D00281F
:1065C00002D0F9F7E3FD65655C20002546433419E8
:1065D000E80020184068002801D0F9F7D7FD6D1CAD
:1065E0000A2DF5DB70BD0000D8A9FF1FFFB589B0EB
:1065F00015460E461720129FFBF7BCFF040021D062
:10660000684606704570002F03D0201D0C99B847CE
:1066100000E0002069464880267065704888A070B8
:10662000010AE170052269468A82001D069488836A
:1066300005A90998FFF780FC050004D02046F9F76A
:10664000A5FD00E0132528460DB0F0BDFFB581B0D3
:106650001E46054601210A9F0B9C00F04FF90028B9
:1066600011D02046FFF736FC00280AD0C58004462A
:10667000077012484178491C0A06120E427004D075
:1066800005E015250FE014250DE00122427022716E
:1066900000962846039B0299FFF7A8FF050005D046
:1066A0002046FFF7B9FC284605B0F0BD2346214639
:1066B000034A09330348F9F72FFEF4E72A71FF1F55
:1066C000307500002360011110B50446407AF9F7D7
:1066D000F3FDFF20607210BD3FB500236A469C00A9
:1066E00005595B1C1551042BF9DB8B0715D0CB1713
:1066F0009B0F5B189B089B00C91A00238C009D0010
:1067000014594451491CCC17A40F6418A408A400C0
:10671000091B5B1C042BF1DB3FBD0021EDE710B52D
:1067200000240F22835C5B0023438B54835C521E46
:10673000DC0952B2002AF5DA10BD0000FFB581B0C5
:106740001E4617460D46084600F04AF8002802D0BB
:10675000112005B0F0BD0E4800F042F8040015D03D
:106760000A98A0710622E01D0B99F9F761FC65807B
:106770002771667101982070002060620C98E0819A
:106780000021284601F026F80020E2E71520E0E786
:10679000FFFF000070B514460D46064600F020F8D5
:1067A00000280BD0416A007900290CD0C20611D50F
:1067B00080070AD4002C08D0052070BD0748864207
:1067C0000AD0142070BDC006F6D5887EA84203D238
:1067D0000C2070BD0F2070BD002070BDFEFF0000BA
:1067E000084A002128234B439B185B88834203D12E
:1067F0002820414388187047491C0906090EF1D02A
:10680000002070477CA9FF1F30B50B4C0B4B0021BB
:1068100028224A43D5186D88A54206D09A5C824248
:1068200003D128204143C81830BD491C0906090E70
:10683000EED0002030BD0000FFFF00007CA9FF1F4C
:1068400010B500200B4C0C4B014628224243D218B5
:106850005480401C117100065162000EF5D0064AAA
:10686000002028328300401CC0B2D1500528F9D343
:1068700010BD0000FFFF00007CA9FF1F0020074A99
:10688000014628234B439B181B79002B01D0401C49
:10689000C0B2491C0906090EF3D070477CA9FF1F3E
:1068A000074A00218B00D358002B05D0491CC9B2E0
:1068B0000529F7D3132070478900505000207047F6
:1068C000A4A9FF1F10B5FFF78BFF040013D0608849
:1068D000012100F07FFF606A002801D0F9F70EFC6B
:1068E000282200212046F9F7BBFB0020C04360802E
:1068F0000020207110BD022010BD000010B50C4614
:106900000649884206D0FFF76BFF002804D00079C3
:10691000204201D0012010BD002010BDFEFF00006C
:10692000F7B5064686B0002004900390079810E162
:1069300025290AD00499002901D0039802E0049087
:1069400000200390401C039000E10398002805D02C
:1069500081B20498B04700200490039000250422DF
:10696000082310210798401C079000782B2819D085
:1069700004DC202818D0232804D117E02D280FD0BC
:10698000302815D0079A00271078FF430346303B84
:106990003C46092B0FD807A801F082F8044615E001
:1069A0000D43DFE71543DDE71D43DBE7202000E073
:1069B00001200543D6E72A2808D1521C08980792DF
:1069C00010C80890002C01DA64420D43079938463C
:1069D0000A782E2A14D1491C079108780246303AC9
:1069E000092A03D807A801F05BF806E02A2806D197
:1069F000491C0791089901C90891002800DA002074
:106A0000079A39461778682F03D06C2F01D04C2F86
:106A100002D1521C39460792079B0A221B786E2B23
:106A20002CD00CDC632B2AD004DC412B26D0582B35
:106A300011D19BE0642B01D0692B0CD19AE0732B10
:106A40003DD004DC6F2B77D0702B04D164E0752B24
:106A500073D0782B6FD0252B09D02520694608727A
:106A6000012102A8B04707980178002975D007983E
:106A7000694600780872012102A8B04766E0E8067E
:106A800009D42025641E002C05DD6846057201210D
:106A900002A8B047F6E708986A4601781172001D0F
:106AA0000890012102A8B047202504E0684605723D
:106AB000012102A8B047641E002CF7DC46E0089ACA
:106AC00002CA08920091002901D12DA100910A4625
:106AD00000E0491C0B78002B01D0401EF9D28F1A20
:106AE000E8060AD420252046641EB84205DD684623
:106AF0000572012102A8B047F5E7B9B20098B04786
:106B0000202504E068460572012102A8B04720460E
:106B1000641EB842F6DC19E0611C02D10824012190
:106B20000D4300900898019502C823461022089052
:106B300009E001E001E01BE00822089B02CB08937A
:106B4000019500902346304600F036F80798401C27
:106B500007900178002901D0EAE60EE003980028AA
:106B600002D081B20498B04709B0F0BD402215436D
:106B70001022E2E702231D43DFE7401E0790E5E70E
:106B80003C4E554C4C3E000070B50D460646002468
:106B900005E0315D05A0FCF709FB641CA4B2AC4222
:106BA000F7D304A0FCF702FB70BD0000253032587B
:106BB000200000000A000000FFB50746574897B0C4
:106BC000219D006815901E460A46680602D5534866
:106BD00040681590E80601D56D086D001998801E73
:106BE000232870D2E80701D0302100E0202110A82E
:106BF000017300210172A80710D5002A04DA2D20A4
:106C000010A90872524208E0680701D52B2002E063
:106C1000280703D5202010A908725E1EA80608D5F3
:106C20001998102802D0082802D002E0B61E00E011
:106C3000761E0024002A14D010461999F9F700FB9B
:106C4000159A525C01A90A55641C0200F4D12098DF
:106C5000844200DD20942098361A112005420BD082
:106C60000EE03020694608710124F0E720206946D3
:106C7000087001216846B8473046761E0028F5DCCA
:106C800010A8007A002802D0012112A8B847A8064F
:106C900016D51998082802D0102802D010E030200C
:106CA00009E030206946087001216846B8471B4852
:106CB0000068203040786946087001216846B8476E
:106CC000E80604D507E027E0012113A8B8473046BD
:106CD000761E0028F8DC30252099481E2090A1421D
:106CE0000BDD684605700121B847F5E7285D694668
:106CF000087001216846B84700E001AD2046641ED7
:106D00000028F3DC20243046761E002804DD684687
:106D100004700121B847F6E71BB0F0BD6C6DFF1F92
:106D200003480021417081700121C170704700004B
:106D3000DC6FFF1F70B50C46022505A0FCF736FA84
:106D4000207AC00601D5082070BD284670BD00001D
:106D5000526561644174747243420A00FEB50C4688
:106D60001646097A0025089A1F46890601D508208B
:106D7000FEBD2178022912D017A0FCF717FA174997
:106D80006089498D884204D014494031498F884236
:106D900003D1F9B2304600F011F92846FEBD616812
:106DA0000B784978090259180D4B89B29942F4D1F0
:106DB000012100920191FBB232462146FAF738FDDB
:106DC0000500EAD1717830780902401881B205A037
:106DD000FCF7ECF9E1E700000A000000D06EFF1FAD
:106DE0000229000043434344207365743A205B2525
:106DF000645D0A0070B505460A48FFF751FD0A496F
:106E00000A48FAF7FDFC0848094A08210830FAF751
:106E100071FE04000748456002D007A0FCF7C6F9E0
:106E2000204670BDE55B0111C86EFF1FFFFF00002B
:106E3000C0960111C06EFF1F416464204F54412071
:106E400073657276696365206661696C6564210AA1
:106E50000000000070B50E4D04460A2240216879FA
:106E6000F9F716F90320032C04D0022C06D0002CCD
:106E700006D00AE032222870042103E0287004E0E2
:106E80005A2208216879F9F703F9002070BD000043
:106E90005C6FFF1F70B588B00546344C0300F9F7EE
:106EA000D9F8065D04405D5D595D31A0FCF77EF9BF
:106EB0000020009001900290694603900876C1205E
:106EC00004A98000F9F778FF04A8FCF7BBF8014695
:106ED0000E226846F9F7ACF824486E4608222530A1
:106EE000B11DF9F7A5F821480822B11D5D30F9F769
:106EF0009FF81E4A61201C321C21C000FAF7C4F81A
:106F00001A4A112156320020FBF79AF806AA0121ED
:106F10001D48FAF7B9F80121C9026079F9F7C4F8F8
:106F20001CE01AA0FCF742F9FCF7BCF80320207023
:106F3000C82202216079F9F7D5F840216079F9F784
:106F4000ADF808216079F9F7A9F804216079F9F71B
:106F5000A5F803E000216079F9F7E4F9A570294666
:106F600011A0FCF723F908B070BD00005C6FFF1F93
:106F7000535441525420474150524F4C455F535453
:106F8000415254454400000005030000535441524F
:106F90005420474150524F4C455F4144564552544E
:106FA0004953494E470000005B47415020524F4C27
:106FB000452025645D0A000070470000F0B5C9B0A7
:106FC0000C4605460026882102A8F9F77BF9002027
:106FD0004690479040A948900875852C7ED8611E40
:106FE000684601812946224602AD0A30F9F720F8A9
:106FF000214683A0FCF7DAF86846807A824C312873
:107000000BD0322844D0332875D006227FA146A861
:10701000F9F70EF8062146A869E000217D48FEF741
:1070200009FA7DA0FCF7C2F80A217A48F9F780F93D
:107030007EA0FCF7BBF80A21E81CF9F779F968464D
:10704000817D427D08021043010A00020143684627
:107050004175090A817505A907220131F9F77EF802
:1070600001990098F9F76AF90A226A49E81CF9F7C8
:107070006BF9002807D00A22E91C6648F9F76AF97B
:1070800006216EA033E006216EA000F0B7FB67E09A
:107090006846017BC27A08021043010A00020143DC
:1070A0005C4C89B20A3421806846027CC07B009027
:1070B00001926846837B427B64A0FCF777F82188C5
:1070C0008020FCF79DF9012140A801756846017CEC
:1070D000C07B009001916846837B01E009E00AE0F3
:1070E000427B45A9002002F007F8022163A000F0CE
:1070F00085FB49B0F0BD6846017BC27A08021043A7
:1071000047BA39465EA0FCF751F842480A30418838
:107110005FA0FCF74BF83F480A300088B8425BD2CA
:107120003C4D8A352F79002F1FD07C2126A8F9F7F6
:10713000C9F85C4903C9259124906078052801D2DB
:10714000402F26D358A0FCF731F8022140A8017542
:10715000002000900346024645A9019001F0CCFFB3
:1071600040A86168007D8847C3E7032140A80175F6
:10717000002500952B462A4645A92648019501F091
:10718000BBFF24488E2200210C30F8F769FF6570A0
:10719000E6E77A001F4F25A80A37391DF8F748FFA0
:1071A00028794000001DC1B224A800F027FB07E0A9
:1071B0007000C019818841A0FBF7F8FF761CB6B2B9
:1071C0002879B042F4D831A0FBF7F0FFB888788076
:1071D0006078401C60708CE7607800286846008901
:1071E00006D0801E82B2691D3846FEF789FD80E711
:1071F000801E82B2691D3846FEF7C4FD79E70000A3
:107200004C656E3A25640A00C06EFF1F4E4F5F4307
:107210004D440000F297FF1F4C6F636174696F6EFD
:107220002056657273696F6E20000000436C6F75A5
:10723000642056657273696F6E200000557064613A
:10724000746100004E6577657374000073697A6538
:107250003A20253032582C204B3A20253032582CF9
:1072600020433A20253032582C204D3A2025303208
:10727000582C20593A20253032580A004F4B000034
:1072800050616765204E756D3A2025640A00000044
:107290004C6173742050616765204E756D3A2025EE
:1072A000640A0000B8960111446F776E6C6F6164D8
:1072B0002046696C65204552520A000025642C0066
:1072C000F0B50E4623A187B00EC96C460EC421A1AD
:1072D0000EC903AF0EC7224C05462078002803D103
:1072E00000F0B0FB012020700A2E00D90A260024ED
:1072F00003AFF9F735F83146F9F738F8C8B2B442B8
:1073000013D269460A5CFF2A03D02A55FF220A5489
:1073100012E0401CC0B2B042F4D10020F2E7F9F70D
:107320001FF83146F9F722F8C8B22A19203A395C19
:10733000D27F9142F3D02955295D0AA0FBF736FF91
:10734000641CE4B20A2CD4D307A0FBF72FFF07B0CC
:10735000F0BD00000102030405060708090A000049
:10736000D86FFF1F256420000A00000070B50D468D
:107370000446164600212846F8F772FE08482418ED
:10738000084884420AD8214607A0FBF70FFF32467F
:1073900029462046F8F7A8FF002800D0032070BD3A
:1073A0000040021100F00311524541445F464C4138
:1073B00053483A202530385820200A0070B5084C30
:1073C0000D460646214607A0FBF7F0FE2A46314649
:1073D0002046F8F789FF002800D0032070BD000088
:1073E00000E00011466C61736820414444523A2029
:1073F000253038580A000000F0B5FFB0FF2482B0F5
:107400000E460746013421466846F8F75BFF2146E1
:1074100041A8F8F757FF2246514C00216069F8F760
:107420001FFE78786946087000206D46F11E04E062
:107430003A182B18D2785A70401C8842F8DBB11EDB
:107440002846FAF741FE0146002002E03A5C2A5441
:10745000401CB042FADB080AA855A8190027417061
:10746000B61C0FE0FF20F530F9F79DFC38467F1C75
:10747000FFB2142806D33BA0FBF798FE01207FB093
:1074800002B0F0BDF2B269462079FAF7F5FE0028A5
:10749000E8D10026FF27F53709E03846F9F783FCE5
:1074A0003046761CF6B2142801D333A015E002232F
:1074B00040AA80212079FAF745FE0028EDD140A8A6
:1074C0004078E07100260CE03846F9F76CFC304655
:1074D000761CF6B2142804D32CA0FBF767FE02201A
:1074E000CDE7E37941AA82212079FAF72BFE002823
:1074F000EAD1E179022904D229A0FBF757FE032043
:10750000BDE740A8027868460270002041AE8A1E9E
:1075100003E0335C2F187B70401C9042F9DB684617
:10752000491EFAF7D1FDE1797218203A937FD27F94
:107530001B029A1892B2904204D020A0FBF736FEAC
:1075400004209CE70020626902E0335C1354401C75
:107550008842FADB0CA0FBF729FE00208FE7000031
:10756000DC6FFF1F7265616420636D642064617469
:1075700061206572720A00007265616420383020F3
:1075800064617461206572720A0000007265616452
:107590002038322064617461206572720A00000034
:1075A000446174615F526563656976655F466169D0
:1075B0006C65645F31212121200A000044617461FF
:1075C0005F526563656976655F4661696C65645F96
:1075D00032212121200A0000F7B5FFB0FF2483B03B
:1075E0000E460746013421466846F8F76BFE2146F1
:1075F00041A8F8F767FE2246564C00216069F8F76B
:107600002FFD78786946087000206D46F11E04E071
:107610003A182B18D2785A70401C8842F8DBB11EF9
:107620002846FAF751FD0146002002E03A5C2A5450
:10763000401CB042FADB080AA855A819002741707F
:10764000B61C0FE0FF20F530F9F7ADFB38467F1C84
:10765000FFB2142806D340A0FBF7A8FD01207FB09D
:1076600006B0F0BDF2B269462079FAF705FE0028AF
:10767000E8D18498F9F78BFB002680213BA0FBF72B
:1076800095FDFF27F5370CE03846F9F78CFB3046BF
:10769000761CF6B2142804D336A0FBF787FD02202F
:1076A000DDE7022340AA80212079FAF74BFD00286C
:1076B000EAD140A84078E071002682212BA0FBF798
:1076C00075FD0CE03846F9F76EFB3046761CF6B2D5
:1076D000142804D32CA0FBF769FD0320BFE7E3794E
:1076E00041AA82212079FAF72DFD0028EAD1E1791B
:1076F000022904D229A0FBF759FD0420AFE740A8D6
:10770000027868460270002041AE8A1E03E0335CB6
:107710002F187B70401C9042F9DB6846491EFAF72F
:10772000D3FCE1797218203A937FD27F1B029A181A
:1077300092B2904204D020A0FBF738FD05208EE7DE
:107740000020626902E0335C1354401C8842FADB7B
:10775000002084E7DC6FFF1F7265616420636D6445
:107760002064617461206572720A0000253032580D
:107770000A00000072656164203830206461746121
:10778000206572720A000000726561642038322040
:1077900064617461206572720A0000004461746162
:1077A0005F526563656976655F4661696C656431E2
:1077B000212121200A000000446174615F52656349
:1077C000656976655F4661696C65643221212120B7
:1077D0000A000000F8B5084D0E4607460024A00038
:1077E0002A58002A02D0314638469047641CE4B239
:1077F000052CF4D3F8BD0000A4A9FF1F30B5BFB01D
:107800000C460546F822002101A8F8F729FC6A4633
:10781000D4802246294601AC02A8F8F709FC211DB4
:107820000EA0FBF7C3FC69460F48F9F7C5FA6A4694
:107830000E491088FAF756F96A4613880C498B42AC
:107840000AD0C00708D009482146483040899080B6
:1078500000221846FAF7BAFA3FB030BD7273703A98
:107860002025730A000000000E030000C86EFF1FF1
:10787000FFFF00003FB500226B4694000559521CE3
:107880001D51042AF9DB8A0711D0CA17920F52182A
:1078900092089200891A0322511A8C0095001C59F3
:1078A0004451491E00D20321521EF6D53FBD00218E
:1078B000F1E710B5144609181A462046F8F7B8FB48
:1078C000002010BDC00110B5803880B201F054FE18
:1078D00010BD0000FFB581B00298FEF781FF0400E3
:1078E00069D00298354986008A59002A63D0136A04
:1078F0001820002B00D03420936A002B00D01430C5
:10790000049B002B00D01C30516A002900D0163097
:10791000F8F71EFC05004ED018220021F8F7A0FB56
:107920002620F9F757FD070000D12778D0202870CE
:10793000019868700A20A8700298A8800398A8711E
:107940001E482C4680591834006A002808D01B496C
:10795000AC60895920461C34096A1C22F8F768FB80
:1079600016488059806A002808D01449EC6089596B
:1079700020461434896A1422F8F75AFB0498002828
:1079800006D02C6120461C341C220499F8F750FBC9
:107990000A488159496A002906D06C61805916222B
:1079A000416A2046F8F744FBF8B22946F8F7ACFBE9
:1079B0000298FBF723FE05B0F0BD0000C470FF1F66
:1079C000FFB581B01D46174614200E9EF8F7C0FB88
:1079D000040020D0D0202070019860700520A07095
:1079E000E770002D05D006222946201DF8F720FB60
:1079F00004E006220021201DF8F732FB0A9860817E
:107A00000B98A0810C98E0810D982082A6742146E5
:107A10000298F8F779FB05B0F0BDF8B506461C46AC
:107A200015460F460820F8F793FB010009D0D02037
:107A300008704E70062088708D808C713846F8F77B
:107A400063FBF8BD10B58EB06846F8F795FC684644
:107A500080790290684640790390684600790490E6
:107A60006846C0780590684680780B49401E0690AD
:107A70006846008840180790C8120A9002A8F8F7D4
:107A800081FC0446014605A0FBF790FB2046F8F771
:107A90007FFC20460EB010BD94F8FFFF25640A005D
:107AA0000146002006E0531C0B600A23127858435D
:107AB000303810180A681378303B092BF3D9704717
:107AC000007841078207C90F920F89000006C00E97
:107AD0001143C0000843704701468A00084910203E
:107AE000895800290AD00A6A002A07D08968002923
:107AF00004D0107A097E884200D3084670470000FF
:107B00003471FF1F10B50246014620321031F8F7DC
:107B100045FC10BD10B5F8F741FC10BD7FB50D4612
:107B2000044681000948405800280ED001466831BB
:107B30004EC903966E460EC6037FC288017828465A
:107B4000FBF7CAFD204600F003F87FBD3471FF1F2C
:107B500070B5044600F0BEFCA500134C6059002827
:107B600021D0006A002801D0F8F7C8FA6059806E69
:107B7000002801D0F8F7C2FA6059C06E002801D081
:107B8000F8F7BCFA6059006F002801D0F8F7B6FA90
:107B90006059406F002801D0F8F7B0FA6059F8F743
:107BA000ADFA0020605170BD3471FF1F7FB5084DE4
:107BB00084002959102268462531F8F739FA2859E6
:107BC000044BC0886A46112100F014FC04B070BD5B
:107BD0003471FF1F198901117FB50C4C8500615963
:107BE000002910D0694600F029FC60590178C0884E
:107BF000002901D0064B00E0064B6A46072100F041
:107C0000F9FB04B070BD0120FBE700003471FF1FD9
:107C100075890111078A011170B50D4606460024C9
:107C20000AE0F8F7C1FB010A3155641CE4B2AC422A
:107C300002D23055641CE4B2AC42F2D370BD0000F5
:107C40007FB5084D84002959102268463531F8F770
:107C5000EFF92859044BC0886A46112100F0CAFB8D
:107C600004B070BD3471FF1F5389011110B5064A6D
:107C70008300D258002A06D0D288824203D101293B
:107C800001D1FFF765FF10BD3471FF1F70B50E4CB9
:107C9000064685006059002813D000782146002848
:107CA00010D08868002804D04168002901D03046EF
:107CB000884760594078122803D100213046FFF7E9
:107CC0002DFF70BD4868EDE73471FF1F10B50A46FF
:107CD000024B112100F08EFB10BD000081880111C4
:107CE0001CB5044668461346017006221946401C1E
:107CF000F8F79EF9034B6A460821204600F07AFB0C
:107D00001CBD0000A388011110B50A46024B1121C9
:107D100000F070FB10BD0000C988011110B586B0DD
:107D2000044668461346018008221946801CF8F76D
:107D30007FF9044B6A460B21204600F05BFB06B03E
:107D400010BD0000EB88011110B50A46024B11214D
:107D500000F050FB10BD0000158A011130B587B04E
:107D60000446002069460875A06805782B00F8F7DE
:107D700071F90C2C07070F1215181B1E2124272C34
:107D800000F0CAFE12281DD106206946087529E0B8
:107D900000F094FE16E000F0B0FE13E000F09DFE4F
:107DA00010E000F048FE0DE000F074FE0AE000F084
:107DB00062FE07E000F04EFE04E000F025FF01E067
:107DC00000F014FF002802D008E00720DEE76088FA
:107DD0006A46294600F028FF694608756846007D16
:107DE000002805D0608805A900F0F2FA07B030BD80
:107DF000608800F043FBF9E7F8B52B4D0646870095
:107E0000E8590C46002807D0C188B14204D1417816
:107E1000062904D0112930D0002C36D03EE002785B
:107E20002149002A25D08368026A5B69DC0704D0F7
:107E3000147BE40701D0072105E09C0705D5147BDE
:107E4000A40702D5092141702CE05B0704D5127B01
:107E5000520701D50B21F6E78868002822D0416837
:107E600000291FD030468847E8594078122802D0B0
:107E700018E04868F1E7002103E0002C00D032242C
:107E800021463046FFF74AFE0CE03046FEF7A8FCDC
:107E9000002803D001791022114301713146204698
:107EA000FCF764F90120F8BD3471FF1F70B501784B
:107EB0000124922902D0A02919D130E041780E295D
:107EC00002D03E2913D10BE081881A4AD14205D154
:107ED0008068411C007800F033F81EE000201CE0B0
:107EE000014680780124052803D0082811D00024F9
:107EF0001DE011480078400719D510480068002897
:107F000015D08368002B12D0CA898888891D9847AC
:107F100003E088888979FFF76FFF044607E005468C
:107F2000FFF71CFFA868002801D0F8F72FF92046BA
:107F300070BD0000E8DFFFFF5970FF1F3871FF1FA1
:107F400070B51D4C05462068002825D0002D06D1AF
:107F50000278002A21D008220A30F8F769F8206850
:107F60002E46002817D01220F8F7F2F805000DD0A1
:107F7000C12028706E7021681022A81C891CF8F797
:107F800057F8206829464078F8F7BEF82068F8F7D7
:107F9000B5F800202060012070BD0822801CF8F791
:107FA00047F8F8F707FA002801D00125D7E721683C
:107FB00001200870EFE700003071FF1F01494860A1
:107FC000704700003471FF1FF7B588B016460446AD
:107FD000102200216846F8F743F8334DA700E8590E
:107FE000002835D0C188A14232D1017800292FD193
:107FF0004278062A0FD0816E002929D0088A112ADA
:1080000019D0B04224D1082212310998F8F71CF88F
:1080100001283CD01CE0024601465532353104AB04
:108020000C3000F000FC002812D12046FFF754FD70
:10803000024604A930E0B04206D108221231099864
:10804000F8F702F801281BD032212046FFF766FD21
:108050002046FEF7C5FB05000CD0696A002909D04F
:10806000088AB04206D1082212310998F7F7ECFFCE
:1080700001280FD02046F8F7A3F901200BB0F0BD7E
:108080002046FFF729FDE9590246896E04E0E859C8
:10809000816E00E0696A8A7E6846F7F7C9FF20466C
:1080A0006946F8F793F9E8E73471FF1FF1B582B03C
:1080B0000298694C850060590178002976D1417891
:1080C0008768066A062907D0CA1F1300F7F7C2FFA0
:1080D000050A48525B1872007969CA0706D0327BDC
:1080E000D20703D0806E002813D019E0880702D58C
:1080F000307B80073ED4480764D5307B400761D58C
:10810000FBF7C2FA6159CA8801461046FFF71CFE08
:1081100058E01C20F7F7E0FF61590028886653D02B
:1081200060591022866E00213046F7F799FF0298B9
:10813000FFF7D2FC01463046FFF76EFDF8F734F941
:108140003082304608211230FFF766FD0298FFF7B3
:10815000C3FCB07660593146C088FFF7B7FD33E005
:10816000816E002932D00A461232098AC088FFF790
:10817000D5FD2BE0FBF782FA6159CA88014610460B
:10818000FFF7C2FD3FE001200190FBF771FA00907C
:1081900001280CD0002000900198FBF75BFA024602
:1081A00060590099C088FFF79BFD39E023E000206B
:1081B0000190F2E7072907D0082907D0092922D022
:1081C0000A292DD078690EE008201DE07869810722
:1081D00004D5317B890701D5092015E0410721D459
:1081E00001E00B2010E0C10520D5B189C9051DD5DE
:1081F0000C2061594870FEBD40051ED5B089400570
:108200001BD51020F5E70A20615948706059C088D5
:10821000FEF7E6FA002812D0C08941080A1810E0DB
:108220007869DBE7317B4907DDD5DAE78105E3D5FE
:10823000B1898905E0D50E20DBE71220D9E7FF22BE
:10824000F5320649029808540298635909180448FF
:108250001B1DF8F761F8FEBD3471FF1FB8A9FF1FA1
:10826000C9840111F8B50446002000900E46102084
:10827000F7F732FF544AA5005159002808625159B6
:1082800078D017468C6810223146F7F7D1FE78591E
:108290000178002962D1026A6069177B2146C30711
:1082A000FF071431DB0FFF0F0C32BB4204D1C307B1
:1082B00002D00123184301E040084000086017780D
:1082C0008307BF07DB0FFF0FBB4204D1830702D533
:1082D0000223184301E002239843086017784307FC
:1082E0007F07DB0FFF0FBB4204D1430702D50423F6
:1082F000184301E00423984308601788C305FF056D
:10830000DB0FFF0FBB4205D1C30503D5FF230133AC
:10831000184302E0FF230133984308601788830560
:10832000BF05DB0FFF0FBB4205D1830503D501233A
:108330005B02184302E001235B0298430860128845
:1083400043055205D70F0122DB0F9202BB4203D136
:10835000430501D5104300E0904308607078002881
:1083600009D06078002806D01748052140592030F0
:10837000017125E026E03079400708D4A07C400751
:1083800005D41149012049592031087118E00E48DF
:1083900042591078002802D02078317801E0217805
:1083A0003078042801D8042901D9182007E08B006F
:1083B000C918064BC918085C2032107100200090C3
:1083C0000098F8BD1320FAE73471FF1F3EA2011197
:1083D00070B50C460A460646054B022100F00AF825
:1083E000054621783046FFF799FB284670BD00000E
:1083F0003B890111FEB516460546062268460280F5
:1084000001811C460846FAF7B5F8019000280ED005
:1084100001463046A047040005D169462846FAF7D0
:108420008FF8040004D00198F7F7B0FE00E01324A1
:10843000284600F023F82046FEBD000070B50D462A
:1084400081000D48405800280FD08468002C0CD0C3
:108450002078287060786870A17C281D00F054F89E
:10846000207E28726069E86070BD102200212846D5
:10847000F7F7F6FD70BD00003471FF1FF8B5044634
:108480002020F8F7A7FF0D4E0546A700F059002859
:1084900012D0002D10D0C078FF2804D02946F7F75D
:1084A0009BFF002808D006482A460455F3590119B5
:1084B0000448DB1CF7F730FFF8BD00003471FF1FE4
:1084C00078AAFF1FFF84011110B50078FFF7DEFBCB
:1084D00010BD000070B5064C85006059002805D01D
:1084E000C078F7F7E9FE6159FF20C87070BD000041
:1084F0003471FF1F10B51721FFF710FB10BD10B529
:108500000078FFF7F7FF10BD10B502688B079208DF
:1085100092009B0F1A434C0704230260002C01DADF
:108520001A4300E09A43F823C9089A43C9000A4352
:10853000026010BDFFB587B017461020F7F7CCFDDD
:1085400001901020F7F7C8FD0090019800287DD019
:10855000009800287BD0024601990798FCF7B4FEEA
:1085600004007ED11020F7F7B7FD02901020F7F736
:10857000B3FD0646029800286BD0002E7CD038460A
:108580000F30050902D038070CD000E0012500208B
:108590002901103900280898C9B205D04018324680
:1085A00001991AE00120F3E7401884463A07120FB8
:1085B000002003A98023904202D267463F5C04E07A
:1085C000904201D10B5401E000270F54401CC0B26F
:1085D0001028F0D3324603A8009900F0DDFF1022E6
:1085E00000210298F7F73CFD00276D1E0FE03807C9
:1085F0000899000E091803AA029800F0CDFF03A9FC
:10860000029A0798FFF786FA7F1C04463FB2AF42F2
:1086100002DA002CEBD011E0002C0FD103AA314676
:10862000029800F0B9FF03A9029A0798FFF772FABF
:108630000446082202990A98F7F7FAFC02980028E3
:1086400001D0F7F75BFD002E08D004E01AE017E038
:1086500007E013E010E03046F7F750FD01980028DE
:1086600002D00198F7F74AFD0098002801D0F7F7EB
:1086700045FD20460BB0F0BD1324E2E71324E2E7EA
:108680001324EEE71324EFE770B58CB015460E46C1
:108690000446302200216846F7F7E2FC102221460A
:1086A0006846F7F785FD07A8032231460130F7F742
:1086B0007FFD6846FFF726FA04460BA903222846E9
:1086C0000131F7F775FD20460CB070BDFFB5244DA4
:1086D00007468600A8598DB000281AD0C088FEF73A
:1086E0007FF8040018D005A93846FFF7A7FEA8595F
:1086F0000178002912D005A90291006A0190FAF7C9
:10870000B7FF00900020FAF7A5FF0646A779E51D00
:1087100012E0122011B0F0BD1420FBE7006A0290B5
:1087200005A80190FAF7A4FF07460020FAF792FF88
:108730000546A079E61D009009A9019800F063F9AB
:108740000BA9029800F016F9109804900BAB09AA37
:108750000297019603950F990E9800F003F8D9E758
:108760003471FF1FFFB595B004461F46302200212B
:1087700004A81E9E209DF7F773FC1022214604A832
:10878000F7F716FD102200216846F7F769FC07226B
:1087900068461799F7F70CFD01A807223946033000
:1087A000F7F706FD002D01D0012000E0002069460A
:1087B0008873002E01D0012000E00020C873102231
:1087C000002110A8F7F74CFC062211A81F99F7F713
:1087D000EFFC12A8062202302199F7F7E9FC08A85D
:1087E000102206461699F7F7E3FC6946304600F07A
:1087F0003AF804A8FFF786F904460CA910220D46A2
:108800003046F7F715FC10A9304600F02CF804A804
:10881000FFF778F90443102229462298F7F7C8FC9D
:10882000204619B0F0BD70B50C468CB01646014616
:108830001D4610226846F7F7BBFC0822214604A813
:10884000F7F7B6FC0822314606A8F7F7B1FC6846F0
:10885000FFF758F904461022284608A9F7F7A8FCA4
:1088600020460CB070BD10B5002203780C78521C65
:1088700063400370D2B2401C491C102AF5D310BDCE
:1088800010B500290BD0002809D006220A704B1C15
:10889000014610221846F7F7CBFB002010BD02203E
:1088A00010BD10B500290DD000280BD009220A7088
:1088B0004B1C01781970411C0622581CF7F7B8FBB5
:1088C000002010BD022010BD10B500290BD00028DB
:1088D00009D008220A704B1C014610221846F7F7EF
:1088E000A7FB002010BD022010BD10B503460029D3
:1088F00010D0002B0ED007200870481C197801708A
:1089000019880822090A4170991C801CF7F790FB0E
:10891000002010BD022010BD10B500290BD000288A
:1089200009D003220A704B1C014610221846F7F7A3
:108930007FFB002010BD022010BD002907D00028B9
:1089400005D005220A700078487000207047022088
:10895000704710B500290BD0002809D004220A70F6
:108960004B1C014610221846F7F762FB002010BD91
:10897000022010BD0A4610B50146012000F001F8A2
:1089800010BD70B50C46002A3BD0002C39D01070B9
:108990002078507060789070D51C201DFFF790F8FB
:1089A0002870207A6870A089C005C00FA870A189BE
:1089B0008905C90F49000843A870A1894905C90F55
:1089C00089000843A870A1890904C90EC900084399
:1089D000A870207BC007C00FE870217B8907C90FF2
:1089E00049000843E870217B4907C90F8900084303
:1089F000E870217B0906C90EC9000843E870002011
:108A000070BD022070BD0A4610B501460220FFF776
:108A1000B8FF10BD10B500290BD0002809D00A22DC
:108A20000A704B1C014610221846F7F701FB002084
:108A300010BD022010BD10B50B46002808D0002B39
:108A400006D0411C10221846F7F7F2FA002010BD9C
:108A5000022010BD10B50B4600280AD0002B08D00C
:108A600041781970811C0622581CF7F7E1FA0020A2
:108A700010BD022010BD10B50B46002808D0002BF9
:108A800006D0411C10221846F7F7D2FA002010BD7C
:108A9000022010BD10B50B4600280DD0002B0BD0C6
:108AA00082784178120289181980C11C0822981C0A
:108AB000F7F7BEFA002010BD022010BD10B50B461E
:108AC000002808D0002B06D0411C10221846F7F7CA
:108AD000AFFA002010BD022010BD002809D00029E7
:108AE00007D040780870092805D8002803D0002056
:108AF0007047022070471820704710B50B460028B9
:108B000008D0002B06D0411C10221846F7F790FA27
:108B1000002010BD022010BD70B50C4600281DD0ED
:108B2000002C1BD04178217081786170C178051DBF
:108B3000201DFFF7E9FC287820726978FF22E068A1
:108B400001329043CA07D20D104301228B07520213
:108B5000AD1CE060002B03DA104302E0022070BD80
:108B60009043214AE0604B0701D5104300E0904359
:108B70001F22D202C9089043C9020843E060297845
:108B80004008CA074000D20F10438B070222E06062
:108B9000002B01DA104300E090434B070422E06011
:108BA000002B01DA104300E09043F822C9089043FB
:108BB000C9000843E0602120F8F70CFC217A8842C4
:108BC00005D82220F8F706FC217A884201D212202B
:108BD00070BD2078042802D86078012801D91820B7
:108BE00070BD002070BD00000004000010B50A46F2
:108BF000002807D0002A05D041781046FFF784FCF2
:108C0000002010BD022010BD10B50B46002808D072
:108C1000002B06D0411C10221846F7F709FA002055
:108C200010BD022010BD000070B515460E46072489
:108C3000FDF7D6FD002807D042790D49002A05D05E
:108C4000012A09D0052070BD082070BD094A12789C
:108C500012070BD5896800E04968002906D00B6827
:108C6000002B03D02A46314698470446204670BD63
:108C70003471FF1F5970FF1FF8B5124C064685006E
:108C800060590F4641780C291AD1C06E002806D1D0
:108C90001C20F7F721FA61590028C86610D06059E6
:108CA0001022C06E3946F7F7C3F93046FEF714FFBD
:108CB0006159C96E887661590D2048700020F8BD51
:108CC0000720F8BD3471FF1F70B5104C05468600B3
:108CD000A05942780F2A01D0072070BD006F0622EC
:108CE0001030491CF7F7A4F9A0598168898A490511
:108CF00006D5016A8989490502D51021417003E032
:108D000000212846FEF70AFF002070BD3471FF1FC6
:108D100070B50F4C850060590E4641780E2901D080
:108D2000072070BD006F002806D11620F7F7D4F990
:108D300061590028086705D060591022006F31463C
:108D4000F7F776F961590F204870002070BD0000D8
:108D50003471FF1FFEB5054640882A4B86009B599B
:108D60000024002B04D0DD88854214D00820FEBDED
:108D700001290ED11446101DFEF7A2FEE1680291F2
:108D8000217A009001916378227869880020FBF7AE
:108D900075FA0020FEBD1B78012B09D00B00F7F7F8
:108DA00059F90B2E092E0D122A161A1E22262E00F4
:108DB0000720FEBD114600F0ABF802E0114600F0BE
:108DC00055F804461CE0114600F076F8F9E7114624
:108DD000FFF752FFF5E7114600F016F8F1E71146EC
:108DE000FFF796FFEDE71146FFF76EFFE9E7114643
:108DF00000F0EAF8E5E71178FEF790FE00E00724BE
:108E00002046FEBD3471FF1F70B5174C0546860025
:108E1000A059C26E002A02D040780D2801D0072048
:108E200070BD08881082A0590822C06E891C1230BB
:108E3000F7F7FEF8A15988684069820505D50A6AE6
:108E40009289920501D50E2006E0400506D5086AF4
:108E50008089400502D51020487003E00021284693
:108E6000FEF75CFE002070BD3471FF1FF8B5114C99
:108E7000074685006059002610224530F7F7D8F8DC
:108E800061594878042812D00B460A4625333532FA
:108E900038460C31FFF71AFC3846FEF787FE0028EB
:108EA00000D008266159052048703046F8BD0320DF
:108EB000FAE700003471FF1FF0B5144C0746850037
:108EC000605985B0002610225530F7F7B1F8615986
:108ED0006B460A46553238460C31FFF7F7FB6159AD
:108EE000102268464531F7F7AFF8012803D0042671
:108EF000304605B0F0BD3846FEF7A2FE002801D08E
:108F00000826F5E7615906204870F1E73471FF1F24
:108F1000F8B504460026FFF7A5F9002804D0182864
:108F20004ED008263046F8BD2046FEF755FEA50077
:108F3000244C60598168897CC90709D0016A097984
:108F40008907890F012903D1017F0122114301778C
:108F500060592421095C042702291ED003291CD052
:108F600004291AD0012901D00529DBD10221417041
:108F700060592421095C01291CD0816810220C3021
:108F8000891CF7F755F86059017F3943017760591B
:108F900010213530FEF740FEC4E7022900D0012140
:108FA000C088FAF72FFC6059017F39430177605977
:108FB0004770B7E7102200210C30F7F751F8E6E7C9
:108FC0000326AFE73471FF1FF8B5134C0646850042
:108FD00060590F4600281CD0406F002806D114208D
:108FE000F7F77AF861590028486710D060591022C5
:108FF000406F3946F7F71CF861590020496FC043AC
:10900000086100213046FEF789FD0020F8BD0820E8
:10901000F8BD0720F8BD00003471FF1F020E0A6082
:109020000202120E4A600204120EC0B28A60C860C8
:1090300070470000F0B5FFB0012782B005467F02FF
:109040000024394601A8F7F73DF919486E02351892
:10905000294618A0FAF7AAF81C480090F7F7FCF880
:1090600001461BA0FAF7A2F80098F7F7F5F8A84216
:1090700004D20F4949424018460A76023D463A4614
:1090800001A93046FEF772F901AE200702D117A000
:10909000FAF78CF8315D16A0FAF788F8641CAC4238
:1090A000F3D312A0FAF782F87FB002B0F0BD00004F
:1090B00000400211726561642041646472657373DB
:1090C000203078253038580A00000000AA98FF1F89
:1090D00066696C6520656E642041646472657373B3
:1090E000203078253038580A000000000A000000BF
:1090F0002530325820000000FFB50E4683B03949B4
:109100001F46154638480191F7F7ACF8374C3549FA
:109110002068091D0091002805D0334A8018F7F710
:10912000A1F80020206028460C99384308430D9987
:109130002F4C08430CD0002D00D0E574002F00D038
:1091400027750C98002800D06075002900D0A17503
:109150000398304340D00398002804D001460A22E7
:10916000601CF6F765FF002E06D03078032802D188
:109170002178002900D020701E4D2846F7F77EF890
:1091800017221B492846F7F7B5F82278611C1AA068
:10919000FAF70CF817211648FEF710F90198F7F7BF
:1091A0005BF8114DA8421BD031782B461DA0039AC5
:1091B000F9F7FCFF0A2226A1601CF6F739FF02200E
:1091C000207028460199F7F74DF828460099F7F7DF
:1091D00049F8042007B0F0BD20A0F9F7E7FFF8E751
:1091E0000020F7E7A698FF1F00400211C46FFF1F81
:1091F0009B98FF1F00E00011757064617465207614
:10920000657273696F6E3A25303130582C2066696B
:109210006C655F696E666F2E73746174653A2025A4
:10922000640A0000496E69742046696C6520496EC5
:10923000666F2073746174653A25642C2020563A59
:1092400025732C20616464723A253038580A000076
:109250003030303030303030303000007570646184
:1092600074615F66696C655F696E666F20657272B6
:109270000A00000070B51C4D0E460446FF22013264
:1092800000212869F6F7ECFE2869402101707D2154
:1092900041700421C170FB210171210E4171210C2B
:1092A0008171210AC1710472002141728021817291
:1092B0000A4631460B30F6F7BBFE286988218170DB
:1092C0008B212022FEF788F968690178042905D1ED
:1092D0004178FB2902D18078002803D003A0F9F758
:1092E00065FF042070BD0000DC6FFF1F52656164E4
:1092F000446174614261636B446F6F725F46616980
:109300006C0D0A00F8B514461C4E0F460546FF22A8
:10931000013200213069F6F7A3FE30694021017067
:109320007D2141700121C170FE210171290E417121
:10933000290C8171290AC1710572210A4172847256
:10934000224639460B30F6F773FE306908348470D4
:10935000E41CE1B2FEF750F8002801D00120F8BD6E
:1093600070690178012905D14178FE2902D1807800
:109370000028F4D002A0F9F719FFEFE7DC6FFF1F18
:109380005831000030B585B0002000900190029067
:10939000FCF778FDFDF7C4FCFCF73EFD0D2850D02E
:1093A0000024224621466020F8F766FF002815D0E9
:1093B000002211466220F8F75FFF002810D000223B
:1093C00011466420F8F758FF00280BD00022114600
:1093D0006620F8F751FF002806D00EE0602404E074
:1093E000622402E0642400E0662400221146204644
:1093F000F8F742FF002800D000243A4D21002971DF
:1094000021D039A0F9F7D2FE2A460832111D287959
:10941000FBF7E6FF37A103C90390049137A0F9F7E2
:10942000C5FE072103A8FDF7E7FF00280DD0C820DF
:10943000F7F7ADFC072103A8FDF7DEFF002804D0F5
:10944000082005B030BD0620FBE780222F4869695F
:10945000F6F7EEFD00216846FBF7ECFF2B49C87DCF
:10946000897D0002084344BA2046F9F7A6FF287018
:109470000246214626A0F9F799FE2878194CC0002B
:1094800020342158032229A0F6F7DEFD00280BD056
:109490000A2269461D48F6F7D7FD002809D024A006
:1094A000F9F784FE0720CCE723A0F9F77FFE092017
:1094B000C7E72878C00000198188698121A0F9F7E1
:1094C00075FE6889F6F708FEA861002805D06A894C
:1094D0000021F6F7C5FD0520B3E720A0F9F766FEE9
:1094E0000D20AEE7DC6FFF1F416464723A20253027
:1094F00032580A004078042AEDAB7200526561646C
:109500004261636B446F6F720A000000BC98FF1FDA
:1095100048505F395820547970653A2025303458C6
:109520003B20436F64653A2025640A0039305800B7
:109530004E65776573740A00547970655F45727281
:109540000A00000075706772616465725F6461741F
:10955000615F6C656E20253032580A00616C6C6F5B
:10956000632075706772616465725F646174612005
:109570006572722121210A00054B10B5C018054BF8
:10958000984203D8F6F7B6FE002800D0032010BD9D
:109590000040021100F0031130B50023C45CCD5C23
:1095A0006C40D4545B1CDBB2102BF7D330BD0001F0
:1095B000020307090A0B0E0F101112141718191ABB
:1095C0001B1F202122000201000504000807000BD8
:1095D0000A001716001D1C010201010504010E0DF1
:1095E000011110011413011716011A1902020102C8
:1095F0000B0A020E0D0211100214130217160305B6
:1096000004030807030B0A030E0D000D000E0010E3
:1096100000110013001401070108010A010B011CCD
:10962000011D02040205020702080219021A021CA7
:10963000021D0301030203170506FFFF00C201001C
:1096400001000000000000000200000004A201115F
:10965000CD540111E9550111000000000200000085
:1096600006A20111000000001151011100000000CC
:109670003837363534333231300150111607242053
:109680003837363534333231300250111607242042
:109690003837363534333231300350111607242031
:1096A0003837363534333231300450111607242020
:1096B00010000000709601114552523A000000005F
:1096C000356D01115D6D0111000000000000891170
:1096D00012239B322446AD573665BF74488CC19D1A
:1096E0005AAFD3BE6CCAE5DB7EE9F7F881100801FA
:1096F00093331A22A5562C47B7753E64C99C408DFA
:10970000DBBF52AEEDDA64CBFFF976E802218B3095
:10971000100299132667AF763444BD554AADC3BCD9
:10972000588ED19F6EEBE7FA7CC8F5D983310A20B9
:1097300091121803A7772E66B5543C45CBBD42ACB9
:10974000D99E508FEFFB66EAFDD874C904428D5351
:1097500016619F702004A9153227BB364CCEC5DF99
:109760005EEDD7FC6888E1997AABF3BA85520C4379
:1097700097711E60A1142805B3373A26CDDE44CF79
:10978000DFFD56ECE9986089FBBB72AA06638F7215
:1097900014409D512225AB343006B9174EEFC7FE59
:1097A0005CCCD5DD6AA9E3B8788AF19B87730E6239
:1097B00095501C41A3352A24B1163807CFFF46EE39
:1097C000DDDC54CDEBB962A8F99A708B08848195E1
:1097D0001AA793B62CC2A5D33EE1B7F04008C91929
:1097E000522BDB3A644EED5F766DFF7C89940085E9
:1097F0009BB712A6ADD224C3BFF136E0C118480909
:10980000D33B5A2AE55E6C4FF77D7E6C0AA583B484
:10981000188691972EE3A7F23CC0B5D14229CB38E8
:10982000500AD91B666FEF7E744CFD5D8BB502A4A8
:1098300099961087AFF326E2BDD034C1C3394A28C8
:10984000D11A580BE77F6E6EF55C7C4D0CC685D740
:109850001EE597F42880A1913AA3B3B2444ACD5BA8
:109860005669DF78600CE91D722FFB3E8DD604C768
:109870009FF516E4A9902081BBB332A2C55A4C4B88
:10988000D7795E68E11C680DF33F7A2E0EE787F604
:109890001CC495D52AA1A3B03882B193466BCF7A68
:1098A0005448DD59622DEB3C700EF91F8FF706E628
:1098B0009DD414C5ABB122A0B9923083C77B4E6A48
:1098C000D5585C49E33D6A2CF11E780F000001CCAD
:1098D00001D8001401F0003C002801E401A0006C54
:1098E000007801B40050019C01880044630000002E
:1098F0007C000000770000007B000000F200000008
:109900006B0000006F000000C50000003000000088
:1099100001000000670000002B000000FE000000B6
:10992000D7000000AB00000076000000CA00000075
:1099300082000000C90000007D000000FA00000065
:109940005900000047000000F0000000AD000000DA
:10995000D4000000A2000000AF0000009C00000046
:10996000A400000072000000C0000000B70000006A
:10997000FD000000930000002600000036000000FB
:109980003F000000F7000000CC00000034000000A1
:10999000A5000000E5000000F100000071000000DB
:1099A000D800000031000000150000000400000095
:1099B000C700000023000000C300000018000000E2
:1099C00096000000050000009A000000070000005B
:1099D0001200000080000000E2000000EB00000028
:1099E00027000000B2000000750000000900000020
:1099F000830000002C0000001A0000001B00000083
:109A00006E0000005A000000A0000000520000009C
:109A10003B000000D6000000B30000002900000059
:109A2000E30000002F00000084000000530000004D
:109A3000D100000000000000ED0000002000000048
:109A4000FC000000B10000005B0000006A000000A4
:109A5000CB000000BE000000390000004A000000FA
:109A60004C00000058000000CF000000D0000000B3
:109A7000EF000000AA000000FB000000430000000F
:109A80004D0000003300000085000000450000008C
:109A9000F9000000020000007F00000050000000FC
:109AA0003C0000009F000000A800000051000000E2
:109AB000A3000000400000008F00000092000000A2
:109AC0009D00000038000000F5000000BC00000010
:109AD000B6000000DA0000002100000010000000C5
:109AE000FF000000F3000000D2000000CD000000E5
:109AF0000C00000013000000EC0000005F000000FC
:109B0000970000004400000017000000C40000009F
:109B1000A70000007E0000003D000000640000007F
:109B20005D000000190000007300000060000000EC
:109B3000810000004F000000DC0000002200000057
:109B40002A0000009000000088000000460000008D
:109B5000EE000000B800000014000000DE0000006D
:109B60005E0000000B000000DB000000E0000000D1
:109B7000320000003A0000000A0000004900000026
:109B800006000000240000005C000000C20000008D
:109B9000D3000000AC000000620000009100000053
:109BA00095000000E400000079000000E7000000DC
:109BB000C8000000370000006D0000008D000000AC
:109BC000D50000004E000000A90000006C0000005D
:109BD00056000000F4000000EA00000065000000EC
:109BE0007A000000AE00000008000000BA0000008B
:109BF00078000000250000002E0000001C0000007E
:109C0000A6000000B4000000C6000000E80000004C
:109C1000DD000000740000001F0000004B00000089
:109C2000BD0000008B0000008A00000070000000F2
:109C30003E000000B5000000660000004800000083
:109C400003000000F60000000E00000061000000AC
:109C50003500000057000000B90000008600000039
:109C6000C10000001D0000009E000000E100000097
:109C7000F8000000980000001100000069000000DA
:109C8000D90000008E000000940000009B0000003E
:109C90001E00000087000000E9000000CE00000068
:109CA0005500000028000000DF0000008C000000CC
:109CB000A1000000890000000D000000BF000000AE
:109CC000E6000000420000006800000041000000C3
:109CD000990000002D0000000F000000B0000000FF
:109CE00054000000BB0000001600000052000000FD
:109CF000090000006A000000D500000030000000EC
:109D000036000000A500000038000000BF00000081
:109D100040000000A30000009E0000008100000041
:109D2000F3000000D7000000FB0000007C000000F2
:109D3000E300000039000000820000009B000000EA
:109D40002F000000FF00000087000000340000002A
:109D50008E0000004300000044000000C40000002A
:109D6000DE000000E9000000CB000000540000000D
:109D70007B0000009400000032000000A6000000FC
:109D8000C2000000230000003D000000EE000000C3
:109D90004C000000950000000B0000004200000095
:109DA000FA000000C30000004E00000008000000A0
:109DB0002E000000A1000000660000002800000046
:109DC000D900000024000000B2000000760000006E
:109DD0005B000000A2000000490000006D000000D0
:109DE0008B000000D1000000250000007200000080
:109DF000F8000000F600000064000000860000008B
:109E0000680000009800000016000000D400000068
:109E1000A40000005C000000CC0000005D00000019
:109E200065000000B6000000920000006C00000019
:109E3000700000004800000050000000FD0000001D
:109E4000ED000000B9000000DA0000005E00000034
:109E5000150000004600000057000000A7000000A9
:109E60008D0000009D0000008400000090000000B4
:109E7000D8000000AB000000000000008C000000D3
:109E8000BC000000D30000000A000000F700000042
:109E9000E40000005800000005000000B8000000C9
:109EA000B30000004500000006000000D0000000E4
:109EB0002C0000001E0000008F000000CA000000FF
:109EC0003F0000000F00000002000000C100000081
:109ED000AF000000BD000000030000000100000012
:109EE000130000008A0000006B0000003A00000030
:109EF0009100000011000000410000004F00000030
:109F000067000000DC000000EA000000970000008D
:109F1000F2000000CF000000CE000000F0000000C2
:109F2000B4000000E600000073000000960000008E
:109F3000AC0000007400000022000000E7000000F8
:109F4000AD0000003500000085000000E2000000C8
:109F5000F900000037000000E80000001C000000CD
:109F600075000000DF0000006E00000047000000E8
:109F7000F10000001A000000710000001D00000048
:109F800029000000C5000000890000006F000000EB
:109F9000B7000000620000000E000000AA000000F0
:109FA00018000000BE0000001B000000FC000000C4
:109FB000560000003E0000004B000000C6000000FC
:109FC000D200000079000000200000009A0000008C
:109FD000DB000000C0000000FE0000007800000070
:109FE000CD0000005A000000F40000001F00000037
:109FF000DD000000A8000000330000008800000021
:10A0000007000000C700000031000000B1000000A0
:10A01000120000001000000059000000270000009E
:10A0200080000000EC0000005F0000006000000005
:10A03000510000007F000000A9000000190000008E
:10A04000B50000004A0000000D0000002D000000D7
:10A05000E50000007A0000009F000000930000006F
:10A06000C90000009C000000EF000000A0000000FC
:10A07000E00000003B0000004D000000AE000000CA
:10A080002A000000F5000000B0000000C800000039
:10A09000EB000000BB0000003C000000830000005B
:10A0A000530000009900000061000000170000004C
:10A0B0002B000000040000007E000000BA00000039
:10A0C00077000000D600000026000000E10000003C
:10A0D000690000001400000063000000550000004B
:10A0E000210000000C0000007D00000000000001C5
:10A0F0000000000200000004000000080000001042
:10A100000000002000000040000000800000001B54
:10A110000000003602000000030000000100000003
:10A120000100000001000000020000000300000028
:10A13000010000000100000001000000020000001A
:10A140000300000003000000010000000100000007
:10A15000020000000E0000000B0000000D000000D7
:10A1600009000000090000000E0000000B000000C4
:10A170000D0000000D000000090000000E000000AE
:10A180000B0000000B0000000D00000009000000A3
:10A190000E000000FB349B5F800000800010000078
:10A1A000000000008D0A01117D450111FF0A011117
:10A1B000C9450111B70A01119D450111D90B0111C2
:10A1C000F9460111590C01116D470111B70B01112D
:10A1D0006D470111150C011125470111D90B011112
:10A1E000B1460111710C011121480111000000005C
:10A1F000000000007F0B011121480111A50A011187
:10A200009945011100180118002801280228032887
:10A21000002901290229032904290529002A012AE4
:10A22000022A032A042A052A0629072908290000E8
:10A230000000000000000000000000000087010195
:10A2400002010201010201020303040103010101F1
:10A250000101030302010300303132333435363754
:10A2600038394142434445464748494A4B4C4D4E94
:10A270004F505152535455565758595A00000000E8
:10A28000303132333435363738396162636465666C
:10A290006768696A6B6C6D6E6F70717273747576D6
:10A2A0007778797A00000000636F6E6E65637420C2
:10A2B00062795B2530327825303278253032782546
:10A2C00030327825303278253032785D2068616E02
:10A2D000646C655B25645D20696E74657276616C83
:10A2E0005B25645D206C6174656E63795B25645DDC
:10A2F0002074696D656F75745B25645D0A000000EC
:0CA3000039305800393558003937580002
:020000041FFFDC
:1000000000000000C54FFF1FE06BFF1F086CFF1FC3
:10001000586FFF1F000000000000000000000000FB
:1000200000000000000000000000000000000000D0
:1000300000000000000000000000000000000000C0
:1000400000000000000000000000000000000000B0
:1000500000000000000000000000000000000000A0
:100060000000000000000000000000000000000090
:100070000000000000000000000000000000000080
:100080000000000000000000000000000000000070
:100090000000000000000000000000000000000060
:1000A0000000000000000000000000000000000050
:1000B0000000000000000000000000000000000040
:1000C0000000000000000000000000000000000030
:1000D0000000000000000000000000000000000020
:1000E0000000000000000000000000000000000010
:1000F0000000000000000000000000000000000000
:1001000000000000000000000000000000000000EF
:1001100000000000000000000000000000000000DF
:1001200000000000000000000000000000000000CF
:1001300000000000000000000000000000000000BF
:1001400000000000000000000000000000000000AF
:10015000000000000000000000000000000000009F
:10016000000000000000000000000000000000008F
:10017000000000000000000000000000000000007F
:10018000000000000000000000000000000000006F
:10019000DD42FF1F7543FF1F1D61FF1F00000000B0
:1001A000000000000000000000000000000000004F
:1001B000000000000000000000000000000000003F
:1001C000000000000000000000000000000000002F
:1001D000000000000000000000000000000000001F
:1001E000000000000000000000000000000000000F
:1001F00000000000000000000000000000000000FF
:1002000000000000000000000000000000000000EE
:1002100000000000000000000000000000000000DE
:1002200000000000000000000000000000000000CE
:1002300000000000000000000000000000000000BE
:1002400000000000000000000000000000000000AE
:10025000000000000000000000000000000000009E
:10026000000000000000000000000000000000008E
:10027000000000000000000000000000000000007E
:10028000000000000000000000000000000000006E
:10029000000000000000000000000000000000005E
:1002A000000000000000000000000000000000004E
:1002B000000000000000000000000000000000003E
:1002C000000000000000000000000000000000002E
:1002D000000000000000000000000000000000001E
:1002E000000000000000000000000000000000000E
:1002F00000000000000000000000000000000000FE
:1003000000000000000000000000000000000000ED
:1003100000000000000000000000000000000000DD
:1003200000000000000000000000000000000000CD
:1003300000000000000000000000000000000000BD
:1003400000000000000000000000000000000000AD
:10035000000000000000000000000000000000009D
:10036000000000000000000000000000000000008D
:100370005518FF1F000000000000000000000000F2
:10038000000000000000000000000000000000006D
:10039000000000000000000000000000000000005D
:1003A0000000000000000000000000001922FF1FF4
:1003B000000000000000000000000000000000003D
:1003C000000000000000000000000000000000002D
:1003D000000000000000000000000000000000001D
:1003E000000000000000000000000000000000000D
:1003F00000000000000000000000000000000000FD
:0C04000001FF01FF01FF01FF41000000AF
:020000041FFFDC
:10183800B8D2FF1F8518FF1F0348854600F026F918
:1018480000480047694EFF1FB8D2FF1F09484838B3
:10185800694601600430F0C044464D4656465F462E
:10186800F0C030BCF0BCF0C0F0BCF0C04438024955
:10187800084700000004FF1FBD2DFF1F02488047D6
:1018880002480047FEE70000792CFF1F4118FF1FA0
:101898000549064A08685043054A80180860400808
:1018A80070470149086070474071FF1F6D4EC6417F
:1018B8003930000038B50446C0681821401E484336
:1018C800A16840183C214843616840183C214843BE
:1018D8002168451860690C2148432169401869212D
:1018E800C900401A302100F00FF9114A504342193B
:1018F800084600921A2902DB0E49511800910C2162
:1019080000F002F90C4A5043009A801800900B48E6
:1019180006E0491E425C074B5A43009BD2180092CE
:101928000029F6DC2146684600F03EF8009838BDEC
:10193800801F8607805101008033E101096CFF1F79
:1019480010B5044605E00B780370401C002B00D04E
:10195800491C521EF7D2204610BD03460A78027071
:10196800401C491C002AF9D1184670470346032237
:101978000870000A491C521EFAD51846704770B5FF
:10198800064601F0EBF9046805460A2200213046B4
:1019980000F044F82C6070BD10B5024900F004F85E
:1019A80010BD000088AAFF1F70B50C4600683C21D6
:1019B80000F0B0F821603C2100F0ACF8616018211B
:1019C80000F0A8F80546A1600721001D00F0A2F864
:1019D800A1610F48A90008180E4900F09BF80246BB
:1019E800443288086261E0613B2802D3910700D045
:1019F800401C0021084B0A462161995C814203D8AA
:101A0800401A521C2261F8E7401CE060204670BD75
:101A18006C0B0000B5050000156CFF1FF7B5009CA6
:101A28000F4600262578641C002D05D000F078F8B4
:101A38000068405DC007F5D12B2D02D02D2D18D0A0
:101A4800641E39462046029A00F070F8002F04D030
:101A58003968A14201D10099396071050224002931
:101A68000BDA4042002803DD01F078F90460A00792
:101A7800FEBD012080020643E3E70028F8DA01F002
:101A88006DF904600048FEBDFFFFFF7F064C01258D
:101A9800064E05E0E36807CC2B430C3C984710340E
:101AA800B442F7D3FFF7CCFEBC6CFF1F0C6DFF1FD1
:101AB80070B58C180578401C6B075B0F01D1037853
:101AC800401C2A1106D10278401C03E006780E70EB
:101AD800401C491C5B1EF9D12B0705D40023521E5C
:101AE8000DD40B70491CFAE70378401CCB1A921CE2
:101AF80003E01D780D70491C5B1C521EF9D5A142EC
:101B0800D8D3002070BD000003B40148019001BD86
:101B1800350E000003B40148019001BD090E000014
:101B280003B40148019001BD0110000003B401484D
:101B3800019001BD0910000003B40148019001BDE6
:101B4800D94F010003B40148019001BD75A90000F7
:101B580003B40148019001BDF9A6000003B401488F
:101B6800019001BDA1AF000003B40148019001BD7F
:101B78009DA9000003B40148019001BDE9270000B8
:101B880003B40148019001BD7511000003B4014878
:101B9800019001BDDD3F000003B40148019001BD83
:101BA8008944000003B40148019001BD21440000AC
:101BB80003B40148019001BD750F000003B401484A
:101BC800019001BD1130000003B40148019001BD2E
:101BD80053B9000003B40148019001BDC95C01007C
:101BE80003B40148019001BD1907010003B401487D
:101BF800019001BDBD0B010003B40148019001BD76
:101C0800DD0C010003B40148019001BDDD0A0100AB
:101C180003B40148019001BD0134010003B4014837
:101C2800019001BD0934010003B40148019001BDD0
:101C38000534010003B40148019001BDF5350100E8
:101C480003B40148019001BDF935010003B401480E
:101C5800019001BDE917010003B40148019001BDDD
:101C68006137010003B40148019001BD01D70000AC
:101C780003B40148019001BD6DF6000003B40148AA
:101C8800019001BD7912010003B40148019001BD22
:101C98004DF9000003B40148019001BDC1F70000EF
:101CA80003B40148019001BD6189000003B40148F3
:101CB800019001BDA9D8000003B40148019001BDFD
:101CC800B352010003B40148019001BD0D52010057
:101CD80003B40148019001BD8B52010003B40148CF
:101CE800019001BDC1A5000003B40148019001BDE8
:101CF8009D6A000003B40148019001BD116E000007
:101D080003B40148019001BD8D82000003B401486D
:101D1800019001BDE1AC000003B40148019001BD90
:101D2800E53A010003B40148019001BD496D010085
:101D380003B40148019001BD3D71010003B401489D
:101D4800019001BD0189000003B40148019001BD63
:101D5800156B010003B40148019001BDAD310111BB
:101D680003B40148019001BDB30E000003B401485B
:101D7800019001BDED4A010003B40148019001BD85
:101D8800A54F010003B40148019001BD855201002F
:101D980003B40148019001BD016C010003B401487E
:101DA800019001BDBD5C010003B40148019001BD73
:101DB800CD4C010003B40148019001BDE9A1000028
:101DC80003B40148019001BD2D0F000003B4014880
:101DD800019001BDD70E000003B40148019001BD78
:101DE800A96F010003B40148019001BD957301007A
:101DF80003B40148019001BD810E000003B40148FD
:101E0800019001BD8158011103B40148019001BD41
:101E18003157011103B40148019001BD21A9000007
:101E280003B40148019001BDADAE000003B4014800
:101E3800019001BDB54C010003B40148019001BDFA
:101E48004550000003B40148019001BDC56D010073
:101E580003B40148019001BD2158011103B40148A0
:101E6800019001BD154D010003B40148019001BD69
:101E7800810E000003B40148019001BD51B8000073
:101E880003B40148019001BD85C1000003B40148B5
:101E9800019001BDE9D4000003B40148019001BDDF
:101EA800F9ED000003B40148019001BDE9F6000016
:101EB80003B40148019001BD75F8000003B401485E
:101EC800019001BD19FA000003B40148019001BD59
:101ED800E90B010003B40148019001BD6D0B01003D
:101EE80003B40148019001BDC115010003B40148C4
:101EF800019001BDCD0C010003B40148019001BD62
:101F080071B0000003B40148019001BDD9B00000D0
:101F180003B40148019001BD5976010003B401489A
:101F2800019001BDE94C010003B40148019001BDD5
:101F3800ED6B010003B40148019001BD8937010030
:101F480003B40148019001BDC9A9000003B40148C8
:101F5800019001BDE503011103B40148019001BDE1
:101F6800EDA5000003B40148019001BDC93101117C
:101F780003B40148019001BD6957011103B4014838
:101F8800019001BDC558011103B40148019001BD7C
:101F98003D4B010003B40148019001BDB14E000062
:101FA80003B40148019001BD3D18000003B4014885
:101FB800019001BD2146010003B40148019001BD13
:101FC800FD23011103B40148019001BD6D260111E3
:101FD80003B40148019001BDED13011103B4014898
:101FE800019001BD691D011103B40148019001BDB3
:101FF800A10E011103B40148019001BDB5170111EB
:1020080003B40148019001BDC927011103B4014877
:10201800019001BD2D11010003B40148019001BDDB
:102028002D6C010003B40148019001BDDD130100CE
:1020380003B40148019001BDE910010003B401484F
:10204800019001BD2114010003B40148019001BDB4
:1020580019B3000003B40148019001BD05580111EE
:1020680003B40148019001BDE512010003B4014821
:10207800019001BD7511010003B40148019001BD33
:10208800B912010003B40148019001BDA512010075
:1020980003B40148019001BD8D79010003B40148E2
:1020A800019001BD8914010003B40148019001BDEC
:1020B8001557011103B40148019001BDD1A50000D5
:1020C80003B40148019001BDD544010003B401489F
:1020D800019001BD7997000003B40148019001BD4A
:1020E8006911010003B40148019001BD8512010086
:1020F80003B40148019001BD8D11010003B40148EA
:10210800019001BDF90D010070B54E4A8AB0012851
:1021180000D14D4A43014D486D461C18207E0028C9
:102128000AD084208058C3B2002002E016782E54CA
:10213800401C9842FADB03E0107D012310782870D8
:10214800E269002A04D0297506952B7705A89047DF
:102158000AB070BDFEB5044642013C48394D13181B
:10216800805C191D002829D0187E002826D0987E6A
:10217800002823D00878022820D188884A888E68C9
:10218800801A82B2102A01D9102201E0002A02D056
:10219800012C16D01CE0012008700020488088809F
:1021A800D969002905D02A4B6D460DCB0DC5684667
:1021B8008847002C03D0192002F0A4F8FEBD08209F
:1021C800FAE7214D04E04888431C4B80305C2870B6
:1021D8001046521E92B20028F5D1FEBD1A488068FA
:1021E8000007000F062812D006DC02280AD00428AF
:1021F8000DD10121012087E7072805D00C2806D139
:102208000221F7E70120A5E70F484030C06B70476F
:102218000C4880680007000F062812D006DC022848
:102228000AD004280DD1012100206DE7072805D028
:102238000C2806D10221F7E700208BE7014840303F
:10224800C06B704700400040009000405492FF1F50
:10225800A46BFF1F38B5274C2078072847D8264895
:102268000278012125480904002AC26B40D08A431C
:10227800C263252001F078FC2148202102680A4326
:1022880002604806026804235207002A08DB026835
:102298001A43026013221546521ED2B2002DFAD1FB
:1022A800C268520708D4C2681A43C2601322134690
:1022B800521ED2B2002BFAD1C2688A43C2601322DE
:1022C8001346521ED2B2002BFAD1C2680A43C2602A
:1022D80013200146401EC0B20029FAD10948017DE9
:1022E8000091217841601D2101707621C16038BDBF
:1022F8000A43BDE7186DFF1F0C6DFF1F00F000407B
:10230800246DFF1F0020004010B50D497620C860DD
:10231800FFF712FC10BD0446FFF714FC0949C86911
:1023280040229043C8612046FFF712FC01F048FFA5
:1023380004490420C03108600120FFF70FFCFEE7C4
:102348000020004000F0004010B5FFF7FBFB0A48F2
:102358000468094A41178032116008490160FFF793
:1023680003FC204610BD10B50446FFF7EBFB0248FE
:102378000460FFF7F9FB10BD00E100E01000100059
:1023880010B5FFF7F7FB022805D0072805D012285B
:1023980000D1022010BD142010BD224904200A6B70
:1023A800521C0A6310BDF8B500260C460D460746B8
:1023B80040341FE0607CC1004A1953686A5C0028F9
:1023C80001D0012100E000213846FFF7D9FF00289D
:1023D80002D001212176F8BD607CC000401946601A
:1023E800607C401C6074207C401E20740D48016A8B
:1023F800491C0162207C0028DCD166742676F8BD71
:10240800084A5C2141435C3A10B589185822525C4D
:10241800012A05D1FFF7C7FF0248816A491C81627A
:1024280010BD000044AAFF1F30B510498868020794
:10243800120F0F48042A03D0072A12D00C2A13D1EE
:102448000C4A00230C7DE4070ED00C7845685455DF
:1024580044681F2C03D04468641C4460F2E743605E
:10246800F0E702484030C06B30BD0000004000403B
:102478004470FF1F10A9FF1F38B5044600F09EF9ED
:102488000146684601704470210A81706A4603213A
:102498000248FFF775FB002038BD00001B20000034
:1024A80038B5044600F0B0F901466846017044703A
:1024B800210A81706A4603210248FFF761FB002068
:1024C80038BD00001A20000070B50124A407A368D5
:1024D80010252B43A360FFF759FBA068A843A06011
:1024E80070BD0000FFB5064601208007816881B0F5
:1024F8001D46102211438160554F00203860304638
:10250800D730FFF749FB9D20800034468059FF36BD
:10251800CA3401360028306822462CD00121FFF742
:1025280041FB4B4F2078F863641C2046FFF740FBC3
:1025380000BA000AE17800020843B863241D204667
:10254800FFF736FB00BA000AE17800020843786317
:10255800241D2046FFF72CFB00BA000AE178000290
:10256800084338630398029900020843F860039F00
:1025780000243F1D0EE00021D1E72819401CFFF779
:1025880017FB0102285D0143324820180160241D11
:10259800A4B23F1F042FF0DA032F04D0022F08D073
:1025A800012F0CD011E02819FFF702FB0102090ADC
:1025B80006E0291948780A780102114300E0295DEC
:1025C800244820180160241DA4B20021214F02E0F4
:1025D800E0190160241DFF2CFADD1D481E4A4260E7
:1025E8000F220261012202604269002AFCD042697E
:1025F800930701D4520708D401208007826810216C
:102608008A438260002005B0F0BD01600020039A73
:1026180011E0C11909682954401C80B20B0A2B54D7
:10262800401C0B0C80B22B54401C80B2090E29545C
:10263800401C80B2121F002AEBDC3068401C30605E
:1026480001208007826810218A4382600120DAE72E
:102658000000044000010440080F0000FFB50546D3
:1026680001208007816881B01E46102211438160D5
:10267800504F002038602846D730FFF78DFA9D204C
:1026880080002C464059CA3480350028E86F22461D
:102698002BD00021FFF786FA464F2078F863641C98
:1026A8002046FFF785FA00BA000AE17800020843DD
:1026B800B863241D2046FFF77BFA00BA000AE178C8
:1026C800000208437863241D2046FFF771FA00BA18
:1026D800000AE1780002084338630398029900026F
:1026E8000843F8600024039F0EE00121D2E7301967
:1026F800401CFFF75DFA0102305D01432E482018A7
:102708000160241DA4B23F1F042FF0DA032F04D068
:10271800022F08D0012F0FD014E03019FFF748FA24
:102728000102090A09E031194878097800020843CA
:1027380021496118086003E0315D1F4820180160D5
:10274800241DA4B200211C4B02E0E0180160241DE6
:10275800FF2CFADD0F221748120242600F22026195
:10276800012202604269002AFCD00160039A00201D
:10277800121D11E0C11809683154401C80B20C0ABE
:102788003454401C0C0C80B23454401C80B2090EE6
:102798003154401C80B2121F002AEBDCE86F401C49
:1027A800E86701208007826810218A43826005B0AB
:1027B800F0BD0000000004400001044010B5114ABB
:1027C800A1218900126841438C189D21890009596B
:1027D800012901D00C2010BDFFF7F0F90028FAD12B
:1027E800E01DF93002790621012A06D041710D2138
:1027F8002046FFF7E9F9002010BDFF2021300155E0
:102808000221F5E73409FF1F70B50D46134AA121CF
:102818008900126841438C189D21890009590129B2
:1028280001D00C2070BD002D16D0FFF7C7F9002885
:10283800F8D110210B1A2A5C1B19E033401CC0B2D6
:102848009A711028F6D30121F82001550521204658
:10285800FFF7BAF9002070BD122070BD3409FF1FC0
:10286800F8B5FFF7B7F9564908600420FFF7B8F93B
:10287800FFF7BCF90646C00715D05249002008608A
:1028880051480078012811D0032813D0042815D006
:10289800022817D0052819D0FFF7AEF94B4F044688
:1028A80001281AD01EE0FFF7ADF9F8BD3046FFF752
:1028B800AFF90EE03046FFF7B1F90AE03046FFF70E
:1028C800B3F906E03046FFF7B5F902E03046FFF706
:1028D800B7F940B20128E8D04FE0387805280BD086
:1028E800062809D03A483B4D0078022808D0052828
:1028F80006D0022C0ED005E0304602F051FA3CE03A
:10290800022C02D0012C11D014E0A87B002805D09D
:10291800022803D03878052804D00BE0304602F0AE
:1029280057FA15E0304602F047FA11E0012807D0BF
:10293800062809D03046FFF789F9022C08D01CE098
:10294800304602F05DFA18E0304602F04DFA14E025
:102958003878012811D170050FD4687BC10701D0E0
:10296800252004E0800701D5262000E02720297DC6
:10297800814202D93220FFF76FF9154C20780428DC
:1029880004D003280ED0072811D014E0FFF76AF905
:10299800002810D0FFF76CF95820FFF76FF90220D4
:1029A800207008E00C48807CFFF76EF903E00B48C4
:1029B800807BFFF76FF90320FFF712F9F8BD0000DD
:1029C8009C09FF1F9809FF1F9009FF1F1C09FF1F83
:1029D8002309FF1FA60BFF1FBC0BFF1FD40BFF1FF4
:1029E800F8B56E4D0028AB7916D0012B01D0032B1A
:1029F80012D16B490A78FF2A0ED14A78FF2A0BD1E7
:102A08008A78FF2A08D1CA78FF2A05D10A79FF2ACD
:102A180002D14979FF2937D062490A78012A1DD0A5
:102A28000027614C0F702278092A76D00A2A74D0C0
:102A38000B2A72D00C2A70D00D2A6ED0052A6CD0C1
:102A4800062A6AD0A97B00290AD0012908D00329BF
:102A580006D0022904D0042916D101E00C20F8BDC3
:102A6800002B05D0012B03D0022B01D0032B0BD157
:102A7800032901D0022902D16B88202B04D34B4EA5
:102A8800002869D0012801D01220F8BDA8880128A3
:102A980043D0002A17D10B00FFF702F905040810EC
:102AA8000C082400012020701F200AE0022020705A
:102AB800202006E004202070222002E0032020705D
:102AC8002120FFF78DF82078282201280CD0022831
:102AD8000AD0042808D0032806D007280DD00828D3
:102AE8000BD01AE01E20ECE7314807602A75FFF783
:102AF800DDF800281FD0AF800FE02E484068808D99
:102B080080060AD52C480178002906D1A97B03291B
:102B180005D0022903D0002901D02120F8BD0221C7
:102B280001702A750C0321463078FFF7C5F8214655
:102B38003078FFF7C7F80120A880204800780028DF
:102B48002AD01F48012102887D20C0004243C903C2
:102B58003078FFF7BDF81FE0FEF7F4FFAF8020786C
:102B6800072808D0082806D027701648FFF7B6F8B7
:102B78001E20FFF735F810480178002905D00770A6
:102B8800012149033078FFF797F8FEF7EDFF01219F
:102B9800C9033078FFF790F80020F8BDA60BFF1F97
:102BA8006B09FF1F1A09FF1F1C09FF1F1B09FF1FC5
:102BB8004809FF1F2070FF1F2309FF1F2109FF1F5E
:102BC8002C09FF1F00100040F0B585B014468C4654
:102BD80086460AAD87CD0D4E357803976F4607C7F1
:102BE800224661467046FFF77FF83570012C01D008
:102BF800042C08D1064980240978CA0105498B8824
:102C0800A3431A438A8005B0F0BD00001C09FF1FCA
:102C18007809FF1F6C11FF1F10B5FB2908D8084B56
:102C28009A4205D81B2903D3FF2349339A4201D27C
:102C3800302010BD034B19825A82FFF75BF810BD94
:102C4800480800008410FF1F10B5FFF759F8024923
:102C58000020488010BD00002070FF1FC106C90E6B
:102C680001208840014908607047000000E100E049
:102C7800024901480860704740787D011C70FF1FB9
:102C880030B5084CE16A8A0807498A1A8D1AE36A3E
:102C98009B08CB1A934201D39B1A00E0EB1883429E
:102CA800F5D930BD00100040FFFF3F000FB410B54C
:102CB80004A9074B02AA039800F070F9044602A978
:102CC800002000F055FB204610BC08BC04B0184793
:102CD8007933FF1F8307FF22DB0E9A408907090E0D
:102CE8009940002808DB830809489B001B181868CE
:102CF80090430843186070470007000F083883089E
:102D080004489B001B18D86990430843D861704752
:102D180000E400E000ED00E08307FF22DB0E9A40AC
:102D28008907090E9940002808DB830809489B0099
:102D38001B18186890430843186070470007000F75
:102D48000838830804489B001B18D8699043084337
:102D5800D861704700E400E000ED00E000487047EB
:102D68004471FF1F02E008C8121F08C1002AFAD1E7
:102D780070477047002001E001C1121F002AFBD1F3
:102D8800704700000248C069002800D0004770471B
:102D98004003FF1F1CB569460120FEF7B7FF01205D
:102DA80000900348019000F093FD01201CBD000035
:102DB800BB0B0000044629A0FEF7AEFF2DA0616AF8
:102DC800FEF7AAFF2FA0A16AFEF7A6FF31A0E16ACD
:102DD800FEF7A2FF33A0216BFEF79EFF35A06168C6
:102DE800FEF79AFF37A0A168FEF796FF39A0E168C1
:102DF800FEF792FF3BA02169FEF78EFF3DA06169B7
:102E0800FEF78AFF3FA0A169FEF786FF41A0E169AE
:102E1800FEF782FF43A0216AFEF77EFF45A0616BA3
:102E2800FEF77AFF47A02168FEF776FF49A0A16B5D
:102E3800FEF772FF4BA0E16BFEF76EFF4DA0216C11
:102E4800FEF76AFF4F4841684FA0FEF765FF5248FA
:102E58000068002800D08047FEE700005B486172E8
:102E680064206661756C742068616E646C65725D5F
:102E78000A00000052302020203D203078253038CC
:102E8800780A000052312020203D20307825303843
:102E9800780A000052322020203D20307825303832
:102EA800780A000052332020203D20307825303821
:102EB800780A000052342020203D20307825303810
:102EC800780A000052352020203D203078253038FF
:102ED800780A000052362020203D203078253038EE
:102EE800780A000052372020203D203078253038DD
:102EF800780A000052382020203D203078253038CC
:102F0800780A000052392020203D203078253038BA
:102F1800780A000052313020203D203078253038A2
:102F2800780A000052313120203D20307825303891
:102F3800780A000052313220203D20307825303880
:102F4800780A000053502020203D20307825303862
:102F5800780A00004C522020203D20307825303857
:102F6800780A000050432020203D20307825303852
:102F7800780A000050535220203D20307825303800
:102F8800780A000000ED00E049435352203D20300C
:102F980078253038780A0000106DFF1FFFB58FB014
:102FA8000546002606E025280AD0129A119990476E
:102FB8006D1C761C28780028F5D1304613B0F0BD7A
:102FC800002402940121B54A009400E004436D1CDA
:102FD8002B780846203B98401042F7D128782A28B9
:102FE8000ED00222287801463039092916D80299CC
:102FF8000A2359433039401814436D1C0290F1E7F5
:10300800109802C802911090002904DA01204003A8
:10301800044348420290022004436D1C28782E285D
:1030280017D10420044368786D1C2A280CD1109805
:103038006D1C02C8009110900BE000990A225143C0
:10304800303940186D1C009028780146303909291C
:10305800F3D928786C2810D006DC4C281AD06828B8
:103068000ED06A2817D104E0742813D07A2812D118
:1030780010E00120400504430CE00121090501E0AE
:10308800032109050C436978814203D10120000519
:1030980024186D1C6D1C2878692874D006DC00285B
:1030A8008BD0632827D0642806D16CE06E2808D01E
:1030B80073282CD0752878D0129A11999047761CCD
:1030C8005FE06002400F022809D003280DD00428D1
:1030D800109801680DD00E60001D109051E01098F6
:1030E800F21701680E604A60F6E7109801680E80D2
:1030F800F2E70E70F0E710986A4601781173001D28
:1031080010900020507303A80190012005E010984A
:1031180002C8019110900020C04361070CD5002718
:1031280000E07F1C00998F420FDA8742F9DB019992
:10313800C95D0029F5D108E0002700E07F1C87421F
:10314800FCDB0199C95D0029F8D102982146C01B12
:103158000290129B119A00F0B3F88019C61907E083
:10316800019801990078491C0191129A1199904788
:103178007F1EF5D22146129B119A029800F090F812
:1031880086196D1C16E70A200190109901C9109143
:103198006102490F032900D100B2042900D140B2CD
:1031A800002803DA40422D2103E00DE0210504D573
:1031B8002B216A461173012103E0E10711D0202178
:1031C800F7E70CAF0C9114E00A200190109901C99F
:1031D80010916102490F032900D180B2042900D15E
:1031E800C0B20021EDE70199FEF794FC30317F1E53
:1031F80039700028F7D104A8C01B2030019060075F
:1032080004D5012000048443009801E001200090C7
:103218000199884201DD401A00E000204118009021
:103228000C9809180298401A0290E00306D4214627
:10323800129B119A029800F043F8861900200D900D
:1032480008E003A9085C129A119990470D98401C50
:10325800761C0D900C998842F3DBE0030CD52146CF
:10326800129B119A029800F02BF8861904E0129A22
:10327800302011999047761C0099481E009000292B
:10328800F5DC05E03878129A7F1C11999047761C76
:103298000199481E01900029F4DC6BE70928010018
:1032A800F8B5044600251E461746880404D405E0F0
:1032B80039462020B0476D1C641EF9D52846F8BD54
:1032C800FFB50446002581B01E46C80301D5302746
:1032D80000E02027880404D505E038460399B04764
:1032E8006D1C641EF9D5284605B0F0BD10B500F078
:1032F800E3FAFFF74FFD002802D00248804710BDCF
:10330800FEE70000E1A20000F0B585B00546029195
:10331800002927D0154F0024144E803F0023009425
:103328000222194605200194FEF7FCFC306980074B
:10333800FCD420200090411E009101D30846FAE7F2
:1033480038680028FCDA012103A8FEF7F1FC68467A
:10335800007B284007D00520FEF7F0FC0298401EAD
:103368000290DBD1112005B0F0BD000080C80040FC
:103378000A68531C0B6010707047000038B5164D72
:103388000446A98828684904C00B08430090FEF742
:10339800DBFCA968814204D90099FF31FF31023171
:1033A80000910099C00B401800906846FEF7F4FAA7
:1033B800017C0A4A491CA170818A89182170090A6E
:1033C8006170017BE170017A217101796171007886
:1033D800A071002038BD0000A894FF1F6C070000F2
:1033E80070B50446FEF7B0FC06462046FEF762FAC2
:1033F8000446002521460BA0FEF7ACFC620CE9034D
:103408001143E203901B084AA94143C207A0FEF7F3
:10341800A1FC1021044801F005FE0CA0FEF79AFC5F
:1034280070BD000025780000A894FF1F6170705FD0
:103438006461746574696D655F61646A7573745FEE
:10344800626173656C696E653A0A00000A000000E3
:1034580000B58FB003A800F0BBFA03AB07CB02900E
:103468000191009206490898079A411805A0521C34
:10347800069BFEF76FFC03A8FFF7B2FF0FB000BD75
:103488006C070000636865636B5F64656661756CF3
:10349800745F6461746574696D650A54696D65204B
:1034A80069732025642D25642D25642C2025643A14
:1034B80025643A2564000000F3B591B02C2103A8D7
:1034C800FEF74EFC10A880790E90401E079010A8B9
:1034D80080880F490F904018089010A8C679069662
:1034E800047A0594457A0495877A0AA00397FEF72B
:1034F80031FC6846B0C033460BA00E9A0F99FEF710
:1035080029FC03A8FFF76CFF002013B0F0BD0000F2
:1035180094F8FFFF0A6170705F6461746574696D87
:10352800655F7365743A0A0054696D652069732094
:1035380025642D25642D25642C2025643A25643ABC
:1035480025640A0030B585B0FEF7FEFB0F4A916886
:10355800814208D9012513682D0651685B1900249A
:10356800614113605160906003A8FFF707FF684648
:10357800827C417C007C6B4607C36846C37B827BA8
:10358800818903A0FEF7E6FB05B030BDA894FF1FB4
:1035980054696D652069732025642D25642D256483
:1035A8002C2025643A25643A25640A0010B5FEF7F4
:1035B800DDFB0120FEF7E0FBFEF7E4FB002010BD79
:1035C800F8B54D484068C043000603D53C20FEF7D7
:1035D800B5FBF8BDFEF7B8FB474D0746803D2868A8
:1035E8000121890408432860E869444908402830D3
:1035F800E8610320FEF7A2FB686AC603F60B032006
:10360800FEF79CFB686AC403E40B0320FEF796FBF5
:10361800686AC503ED0BA64201D3204600E0304698
:10362800A84200D32846A64201D3314600E02146ED
:10363800A94200D22946324AB218C32A26D2304AB1
:10364800D243944222D92F4B9C421FD295421DD976
:103658009D421BD2081A132818D2274841680C2209
:10366800914341604168FF22120291434160142056
:10367800FEF764FB20488038416AC269C903C90B58
:1036880008239A43C26120480161F8BD26462C46AA
:103698000320FEF753FB18488038406AC503ED0B3A
:1036A800FEF752FBB84201D3C01B01E0C01B401E0D
:1036B80016498842AFD310484168090A0091426808
:1036C800FF2109028A430099491C0906090C0A438B
:1036D800426041680C229143091D41600020FEF7B9
:1036E80057FB0B48009988400A49884200DB084686
:1036F800FEF711FE8FE70000C0F0004000FEFEFF5D
:1037080091FCFFFF320400002070FF1FE40C000052
:10371800E880000060361E00F8B53D4840683C4C23
:103728000006803C8021002806DB60680843606052
:103738000320FEF703FBF8BD364D0020A861206882
:103748000122920410432060334F606880210843AF
:1037580060600320FEF7F2FAA869401CA86160685F
:1037680001210904084360600026E0692B493840BC
:103778004018E0610320FEF7E1FA606AE169C003DE
:10378800C00B08229143E161296906225143814215
:1037980001D3091A00E0411A3C2909D2E269012142
:1037A80009048A43E26162688A4362606861F8BD1D
:1037B800761CF6B2052ED8D3E169012000048143B6
:1037C800E161616881436160A8692E46052807D3D5
:1037D800BFF34F8F13491248C860BFF34F8FFEE7FE
:1037E80060688021884360600320FEF7A7FAE069DB
:1037F80038402830E0610320FEF7A0FA606AC00371
:10380800C00B3061E16908208143E1619DE7000058
:10381800C0F000402070FF1F00FEFEFF28000100DE
:103828000400FA0500ED00E0F8B504460120FEF7B3
:1038380085FAFEF7B3FA1849184A0860966A184BD1
:103848001E60184BDF6A184D2D68AF4202D2DB6A42
:10385800EB1A00E00023154D2B603319D362536A2D
:103868002924E40323435362114A1278002A0FD013
:10387800104A1378022B07D01378012B06D0127840
:10388800032A06D0C01E02E00F3800E0083808609E
:10389800F8BD401FFBE70000E408FF1F00F00040F0
:1038A800340AFF1F00100040180AFF1F1C0AFF1FE0
:1038B8001C09FF1F4A0AFF1F0349002048610349EA
:1038C800086048607047000040F0004040F1004048
:1038D80070B58AB000241E4D0494059428780128F8
:1038E80006D004A90120FEF711FA002802D0002012
:1038F8000AB070BD04980090059801901548816839
:103908000291C0681349039006AA10316846FEF771
:103918003DF9104E10222036314606A8FEF744FA2B
:10392800002811D0012028700B4A31466846FEF75E
:103938002DF904940020694605948200401C8C509F
:103948000428FADB0120D3E7FF202870CFE7000026
:103958002871FF1F00290011C8A9FF1FF7B58AB0F9
:103968000D46002104916A4605910346CB40DB07CA
:10397800DB0F5354491CC9B20929F6D3002423E0AC
:10398800002204AB68464679007898543146414095
:1039980068464778077087784770C77887700779CF
:1039A800C770067186794671C6798671067A521C87
:1039B800C671D2B20172082AE4D30C9801191846CC
:1039C800FEF7F8F9641CE4B2AC42D9DB0DB0F0BDE7
:1039D800F0B5054687B029A0FEF7BCF92AA0FEF786
:1039E800B9F926A16846FDF7B8FF2AA16846FEF78F
:1039F800E7F9294E0024A00031586846FEF7E6F999
:103A0800002836D0641C0C2CF5DB22A10020FEF720
:103A1800D7F9FDF7B4FFC1B206911EA10020FEF749
:103A2800CFF9FDF7ACFF87B217A16846FDF795FF00
:103A38001AA16846FEF7C4F9FDF7A1FFC6B217A19F
:103A48000020FEF7BDF9FDF79AFFC4B213A10020CC
:103A5800FEF7B6F9FDF793FF6946897DC0B2491EA6
:103A680029610F49791869610699E96051C507B05C
:103A7800F0BD6846641C8475C7E700004E6F762069
:103A8800203820323032340031353A35363A303841
:103A98000000000020000000B06BFF1F3A0000008B
:103AA80094F8FFFF0648006AC00708D004481030A1
:103AB800C06804480168002901D0052008477047FC
:103AC80040100040146DFF1F0648406BC00708D027
:103AD80004482430C06804480168002901D0062041
:103AE8000847704740100040146DFF1F38B5FEF7B7
:103AF80029F801229207936A08240094002B01D127
:103B0800012090620A480221016000994D1E00952B
:103B1800FBD2032101600094641E0094FCD20021B2
:103B28000160002B00D19162FEF71EF838BD00003D
:103B380000C00040012189070122202804D28B6897
:103B4800824093438B607047402805D24B692038E8
:103B5800824093434B6170476028FCD20B6A40381F
:103B6800824093430B62704701229207012120286B
:103B780004D2936881400B4393607047402805D274
:103B88005369203881400B43536170476028FCD249
:103B9800136A403881400B4313627047012110B506
:103BA80089070122202813D20346153B012B07D889
:103BB8000A68202082430A600A6802430A6010BD2E
:103BC8000B68824093430B6008681043086010BD7F
:103BD800402814D20346353B032B07D8CA68102067
:103BE8008243CA60CA680243CA6010BDCB682038E5
:103BF80082409343CB60C8681043C86010BD6028FA
:103C0800FCD24B6A4224201A824093434B62486A92
:103C18001043486210BD0000F1B584B0FEF794FB74
:103C28000124A4070190A76AFDF78CFF254902200B
:103C3800086060620120A062FDF796FF224D2869A6
:103C48008007FCD420200090411E009101D3084633
:103C5800FAE71D4E803E30680028FCDA1B49012037
:103C6800FFF752FB002817D10498FEF7B5F8C0B249
:103C7800029028698007FCD420200090411E009102
:103C880001D30846FAE730680028FCDA0F49032018
:103C9800FFF73AFB002802D0112005B0F0BDFDF770
:103CA80051FF08490020086003216162A062FDF706
:103CB8005BFF002F01D1FFF719FF0198FEF753FBB7
:103CC8000298EAE700C0004080C80040FFFFFF07F5
:103CD800F7B582B00446FEF737FB00906003112168
:103CE800400B090647188D01AE6A22488168E81220
:103CF800814209D91F20C004044005D01E484462EF
:103D08000168AA1311430160002E09D1FDF71AFFBB
:103D18001A490220086068620120A862FDF724FFA2
:103D2800002003E03A5C03990A54401C0499884235
:103D3800F8D30027002E08D1FDF704FF0F480760CD
:103D480003206862AF62FDF70FFF0A48816801200F
:103D5800C004814208D9002C06D00748476202688F
:103D6800012109048A4302600098FEF7FCFA00204A
:103D780005B0F0BD506DFF1F00C8004000C00040F6
:103D8800F7B584B0FEF7E0FA0190FDF7DBFE244FAB
:103D980002203860440760620120A062FDF7E4FE5B
:103DA800204D28698007FCD420200090411E0091F6
:103DB80001D30846FAE71B4E803E30680028FCDA3B
:103DC80019490120FFF7A0FA002818D104AB07CB46
:103DD800FEF708F8C0B2029028698007FCD42020BA
:103DE8000090411E009101D30846FAE73068002888
:103DF800FCDA0D490120FFF787FA002802D01120CC
:103E080007B0F0BDFDF79EFE002038600321616217
:103E1800A062FDF7A9FE0198FEF7A5FA0298EFE760
:103E280000C0004080C80040FFFFFF07F0B52C4CE1
:103E380089B02078012818D0FEF786FA294D079016
:103E480028698007FCD4202700970098411E00911C
:103E5800FBD2244E803E30680028FCDA224901203B
:103E6800FFF752FA002821D102E0002009B0F0BD86
:103E78000020009003460146019003229F20FDF791
:103E880051FF032102A8FDF753FF28698007FCD4DE
:103E980000970098411E0091FBD230680028FCDA98
:103EA80011490120FFF730FA002801D01120DDE781
:103EB8000798FEF758FA02980C4A0002000A606058
:103EC8006846817A012308461138052802D8184621
:103ED800884001E00120C004A06090612370C4E71D
:103EE800506DFF1F80C80040FFFFFF078008FF1FBD
:103EF80030B58DB0302217496846FDF779FF0024A8
:103F08006D46600041194978285CFDF777FF641C0D
:103F1800E4B2172CF5D310484169C2009143052239
:103F28001204891841614169012252061143416115
:103F380041690322520591430122520589184161C2
:103F4800012000F031F900F045F900F02BF90DB02F
:103F580030BD0000746BFF1F00F00040F7B51C482F
:103F680082B00078002820D06846047A1848401C9F
:103F78000090215C6846857AC689078A012916D08F
:103F8800037BC27A2946204600F050F83A4631466B
:103F9800204600F0B7F86846417A204600F09AF8C3
:103FA80000980121215400F0C9F805B0F0BD3A4647
:103FB8003146204600F0A6F80C2044430548201856
:103FC80041680722120391432A0311434160ECE739
:103FD8003894FF1F00E000400C2148431249401864
:103FE800416849084900416041680122120491432F
:103FF800416041684900490841604168072212034D
:10400800914341604168FF22013291434160416818
:104018001022914341608168090C0904816081681C
:1040280089B281607047000000E00040F8B507469B
:104038001C4615460E461220FFF796FD0C204743F6
:104048001248381841684908490041604168072208
:10405800120391433203114341604168FF22013248
:1040680091432A0211434160416810229143220181
:104078001143416041680122D20711434160002287
:104088001146122000F008F9F8BD000000E00040D9
:1040980070B50F4D00232878012817D0012000247F
:1040A8002870FF26E8180A2144705943D8B24919E4
:1040B80008724E728C72CC720C73CC810C82FFF732
:1040C8008BFF5B1C062BEDDB00F050F870BD000089
:1040D8003894FF1F70B504460D460A30C1B2284611
:1040E800FDF792FE0C200549604340184168012203
:1040F800114341600248055570BD000000E00040D2
:10410800386DFF1F10B5914215D80C2358430A4B40
:10411800C018446801231B049C4344608468090454
:10412800A4B20C4384608168090C090411438160BE
:1041380041681943416010BD00E0004010B5094CCA
:10414800206800280CD1122000F07AF8064802688E
:1041580001210A430260026810231A4302602160A9
:1041680010BD0000346DFF1F00E0004010B50B4C7F
:104178002068012810D1122000F0C4F8084801680E
:10418800490849000160016810229143016000203C
:1041980020601220FFF7CEFC10BD0000346DFF1F19
:1041A80000E000400F2070470449420903D0002076
:1041B800C86006207047C860002070471C6DFF1F4C
:1041C8000348C1691F2252049143C161002070470E
:1041D80000F000400548C1691F2252049143044A77
:1041E800928952041143C1610020704700F00040D9
:1041F8001C6DFF1F10B578210C48FDF7B1FD0C4868
:104208000078012803D0022804D0042804D1FDF73F
:1042180001FE01E0FDF704FE06480078C00702D061
:10422800064905480863002010BD0000C093FF1F21
:104238001C6DFF1F002000401123FF1FC000FF1F3F
:1042480070B50546124812240078012815D00428B4
:1042580013D0FDF777FC0F4800210C224A43825CFB
:10426800002A11D0AA420CD10C2359430122081864
:104278004270FDF7CFFD002406E0FDF7CBFD0020DE
:1042880070BD491C0A29E8DBFDF76EFC204670BDAD
:104298001C6DFF1FC093FF1F30B50D4C00230C256C
:1042A8005D43655D854201D1072030BD002D04D0F6
:1042B8005B1C0A2BF3DB032030BD0C256B431B1959
:1042C800F9D000245C7018709A602046596030BD9F
:1042D800C093FF1F70B5FFF77DFF094D00242046EE
:1042E8000C214843295C002907D040194068002860
:1042F80000D08047641C0A2CF1DB002070BD000050
:10430800C093FF1F70B505461648002400780128A1
:1043180011D004280FD0FDF715FC0021124A0B46D6
:1043280008460C267043165C002E0FD0AE4205D10D
:104338008018437007E0FDF76DFD0DE080184078A8
:10434800002800D0641C491C0A29E9DB002C05D090
:10435800FDF760FDFDF708FC002070BDFDF760FD6E
:10436800F8E700001C6DFF1FC093FF1F70B51948C8
:104378000121890742688A60826801231A434A61D9
:1043880015490A6B0261496B416100210420FEF75F
:10439800C3FC01211420FEF7BFFC01211520FEF704
:1043A800BBFC01211720FEF7B7FC0C4D002420466A
:1043B8000C214843295C002909D04019806800284D
:1043C80000D08047641C0A2CF1DB002070BD12204D
:1043D80070BD00001C6DFF1F80F00040C093FF1FE0
:1043E8001CB51A491F20087019480124047019497E
:1043F800002008701848C16B490949010931C16397
:10440800C16B602291432031C16300F02DF8002177
:104418000420FEF75FFC01211420FEF75BFC01215C
:104428001520FEF757FC01211720FEF753FC052144
:1044380089020A48FDF7FAFC03200346009001228E
:10444800074901940748FDF7F7FC1CBD480AFF1F00
:10445800490AFF1F680AFF1F80F00040547EFF1FB3
:104468005871FF1FD07BFF1F10B5FEF73FFF10BD2F
:1044780070B540251C4C012802D0002811D027E037
:104488006069052140014009C90640186061E0697A
:104498001649084016494018E061E0692843E06180
:1044A80016E000210A20FDF7A9FC00210B20FDF7EA
:1044B800A5FCE069032109020843E061E069A8431B
:1044C800E06160690B2140014009090740186061FB
:1044D80060690121090708436061A0690321490453
:1044E8008843A06170BD000000F000407F00FEFF1F
:1044F80080FD010010B5064AD160906000F086F892
:10450800044A00211320FFF7C7FE002010BD000059
:10451800406DFF1F1546FF1F72B606480168491C0B
:1045280001600549042008600020012189074860CE
:10453800FEE700007808FF1FC0F00040FFB581B01B
:104548000A9F144D7E01A85D002802D0112005B0F5
:10455800F0BD6846407B002801D00520F7E77419B4
:1045680020212046FDF7FCFB01A80FC810340FC41A
:10457800384602F09FF80120A855002F06D0064AB9
:1045880000211920FFF788FE0020E0E70021034AF8
:104598000820F7E75492FF1F1F68FF1F1568FF1FC9
:1045A80010B5064C43011B199B7E002B02D001F06D
:1045B800E3FF10BD01F0AAFF10BD00005492FF1FD9
:1045C80038B50F4A012800D10E4A00240E4B00943A
:1045D80004E00098451C009598420ADC107D80068E
:1045E800F7D51170009406E00098411C009198429C
:1045F80001DD0D2038BD107D4006F5D5002038BD01
:10460800004000400090004010270000F8B5002549
:1046180018480095426800782B460121FDF712FCE6
:104628001649154888630120154980040860BFF3BE
:104638004F8FBFF36F8F13480168FF2212040226C1
:104648009143B20511430160642000904120FFF7B7
:104658008BFA4020FFF788FA740766620098411EBB
:104668000091FBD203206062FFF740FAA562FFF7D2
:10467800DDFBF8BD486DFF1F050001FF00C80040C5
:1046880080E100E010E400E0022803D8FF220132B4
:10469800914201D906207047024A40001152002079
:1046A80070470000646DFF1FF8B5002808D0002986
:1046B80006D0144A0546506011800C4600260BE0CF
:1046C8000620F8BDAF5D00213846FDF7C1FB022189
:1046D8003846FDF793FB761CA642F3DB0949002018
:1046E800083108804880888001460C220648FDF77A
:1046F800B5FB0548FF2181806421C18000F006F8E0
:104708000020F8BD5C6DFF1F7C94FF1F70B5FFF79C
:10471800BFFC00200C4BFF240246651C0A214143C4
:104728005854C9184C708A70CA700A71CA80401CE3
:104738000D810328F2D30548406801785970417803
:10474800D9728078587570BD8894FF1F5C6DFF1F03
:104758000EB5124812490288CA8042880A828088A7
:1047680048830A226846FDF77FFB6B4607CBFFF7B5
:10477800F5FB0B490A220A316846FDF775FB6B46C3
:1047880007CBFFF7EBFB06490A2214316846FDF711
:104798006BFB6B4607CBFFF7E1FB0EBD646DFF1F9C
:1047A8008894FF1F70B50D4E7068FF300130056AA0
:1047B800FDF7C8F900F094FC71680024FF3101315D
:1047C800496A4919814204D205490968002900D17A
:1047D800441BFDF7C9F9204670BD00002070FF1F7B
:1047E8009809FF1F70B50D460446282910D1A4204A
:1047F800005BE188401A0B4980B2884208D3214601
:104808006A3105220E46481FFDF7CEFA002804D06B
:1048180029462046FDF72EFB70BD31462046FDF7A0
:104828002FFB70BDFF7F000010B5002901D0FDF7F8
:104838002DFB10BD70B50024FDF784F90D484068C4
:10484800FF30193060C800F04BFCA919814203D22F
:104858000948006800280AD0084904200870084858
:104868008169491C8161FDF77FF9204670BD0124EB
:10487800F9E700002070FF1F9809FF1F2309FF1F99
:10488800FC0FFF1F10B5FDF707FB0649A122897829
:1048980092005143044A12688918044A498C51808D
:1048A80010BD0000300DFF1F3409FF1F2070FF1FCF
:1048B80070B51F48012201781E4D002915D01E48E9
:1048C800A1218078890048431C491D4C0968227041
:1048D8004618207800F086FDA87B00281AD0032807
:1048E8001BD002281CD0002070BDA97B002904D051
:1048F800032904D0022904D005E0027003E0042152
:1049080000E003210170FDF7D1F90E49002008707D
:10491800012070BDFDF7C6FA04E0FDF7C9FA01E011
:10492800FDF7CCFAFF36FF360236317B217070BDB9
:104938001C09FF1FA60BFF1F300DFF1F3409FF1FA7
:10494800490AFF1F2309FF1F70B5264D264E286808
:10495800002804D0FDF7B8FA2978C84004E0FDF72C
:10496800B3FA3168FDF7D6F804462868002804D061
:10497800FDF7B0FA2978C84004E0FDF7ABFA3168D2
:10498800FDF7C8F81949A122897892005143184ABD
:10499800184B126889180D78174A002D17D0FF3167
:1049A800FF3102314C6C1548641C4C6400689968EE
:1049B800884201D3401A02E0114B591A0818D2381C
:1049C8001060012C02D1FF30F530106070BDFF314E
:1049D800FF31002502314D645968201AC968401812
:1049E800F3E700001C08FF1F1808FF1F300DFF1F0A
:1049F8003409FF1F2070FF1FA009FF1F9C09FF1F1C
:104A0800FFFF3F00F3B506466548A121807889007D
:104A18004843644983B00968A12244182046FF30FE
:104A280021305F4900908978920051435D4A407D6A
:104A3800126800258F18FF37813732281DD02228A9
:104A48001BD0F86A0168002909D08188001D090A6D
:104A5800891CFDF745FAF96A002001250860FDF771
:104A680045FA04992746FF370880C137387C002863
:104A780021D0B0421FDC002014E04B49012008601F
:104A88000020F96A01250860E9E780000019FF3075
:104A98008130006B8188001D090A891CFDF720FA06
:104AA8000198401C0190397C8142EEDCC8B2361A6C
:104AB8004519002038743D490020C870FF20AD30EA
:104AC80000590168002903D00079C04380071ED02F
:104AD8000098C07D00281AD00098807D002816D143
:104AE800387CB04213DAFF204930005B010A2046C7
:104AF800FF304930891CFDF7F3F900990020C8758B
:104B080000980121817529486D1CC170761E387C7A
:104B1800002802D0284605B0F0BD2046FDF7ECF984
:104B28000090002821DD002E1FDD002718E0204618
:104B3800FDF7E8F980000019FF300130C06E818868
:104B4800001D090A891CFDF7CBF92046FDF7E0F99D
:104B5800E01DFF30FA30016A6D1C491C7F1C0162A0
:104B68000098874201DAB742E1DB0920800120186A
:104B7800817E002911D0017D00290ED0428E002AA5
:104B88000BD0817F914202D2491C817705E0002138
:104B980081771A212046FDF717F8A8B2BBE7000075
:104BA800300DFF1F3409FF1F00140340E010FF1FE2
:104BB800F8B550480068012803D14F48816D491C59
:104BC8008165FDF707F84D4C4D49A0604D4841619E
:104BD8000125C56005602078002806D006224A49CC
:104BE8004A48FDF79BF9002020704949486B494A1B
:104BF800C0B21278002A17D1474A0023D356002B97
:104C0800464BD35606DB1B040026965732029A18E9
:104C1800121808E0FF331B040026965732029A1830
:104C28003F4B1218D2184A63022801D2022002E030
:104C3800502800D950203B4A1278022A11D03A4A0B
:104C480016783A4B1F78BE420FD916781B78F31A9C
:104C5800801E4010434310784001C01A10304011A4
:104C680004E0334A1678334BECE710784A69120AA5
:104C7800120210434861FCF7BFFF0646052801D021
:104C8800042E1ED12C480078002806D02B48007826
:104C9800002802D00020FDF747F92948A121807893
:104CA80089004843274909684018FF30FF3002301F
:104CB800007B042801D0032803D1FF205F30FCF7D4
:104CC800DDFF022E0ED120480078012807D00328E6
:104CD80005D0022803D01D480078022802D16C2094
:104CE800FCF7CCFF1A48C582094840380068E060E4
:104CF800F8BD00009809FF1FFC0FFF1F2070FF1F61
:104D0800FF3F000000100340D50BFF1F7211FF1F6B
:104D1800800003408C09FF1F680AFF1F0000000085
:104D2800FFFE0000490AFF1F440AFF1F450AFF1F34
:104D3800460AFF1F470AFF1FF908FF1F2209FF1F26
:104D4800300DFF1F3409FF1F1C09FF1F2309FF1F18
:104D5800BC0BFF1F0A48094901600B49094A4A630D
:104D68000A4A0A630A4A82600A4A8A63064A0A4960
:104D7800803251610949C16270470000D12BFF1F81
:104D88004000FF1FAD47FF1FC001FF1F3D48FF1F29
:104D9800E929FF1FB948FF1F214EFF1F8D48FF1F3C
:104DA80010B504490968002901D0884710BDFCF7EF
:104DB8004DFF10BD8002FF1F10B504498968002906
:104DC80001D0884710BDFCF741FF10BD8002FF1FCE
:104DD80010B504494968002901D0884710BDFCF77F
:104DE80035FF10BD8002FF1F10B50449096900296D
:104DF80001D0884710BDFCF729FF10BD8002FF1FB6
:104E080010B50449C968002901D0884710BDFCF7CE
:104E18001DFF10BD8002FF1F10B50D49A122897822
:104E2800920051430B4A126889182422535C0A4A9B
:104E38005288934209D2D21A084BC9695A4351433E
:104E4800421C02D0C82800D04018FDF773F810BDE6
:104E5800300DFF1F3409FF1F2070FF1F7102000073
:104E68007CB5042001F06AFE274D04202870274CE9
:104E780001202070FDF764F8FDF768F8FFF76AFF76
:104E8800FFF7AEFAFFF734F82878FDF765F82078D1
:104E9800FFF7EEFAFFF7AEF91D4903C9FFF72AFB42
:104EA800FDF760F8FDF764F80D20FDF767F80028B6
:104EB80001D000F0EBFA174917A0FCF74BFF1C498B
:104EC80009781C480078019100902B7822781A48BC
:104ED80001781AA0FCF73EFF244C0821224624A0A2
:104EE800FCF738FF0523A1229B02920021462C489B
:104EF800FCF730FF2B4801682BA0FCF72BFFFEF7CF
:104F080055FB00207CBD00004A0AFF1F0C6DFF1FE7
:104F18006C6BFF1F0101030053444B2056657273ED
:104F2800696F6E2049442025303878200A00000037
:104F3800450AFF1F440AFF1F4B0AFF1F7266436C96
:104F48006B202564207263436C6B20256420737981
:104F580073436C6B2025642074704361705B25304B
:104F6800327820253032785D0A000000780A000087
:104F780073697A656F6628737472756374206C6CD4
:104F88005F706B745F6465736329203D2025642C12
:104F9800206275662073697A65203D2025640A00C1
:104FA800246CFF1F800AFF1F5B5245535420434166
:104FB8005553455D2025640A2000000070B5002483
:104FC8001420FCF7E1FF1649142208600021FCF7C1
:104FD80045FF20460124FCF7DDFF02252046FCF7AB
:104FE800DFFF2846FCF7E2FF03200425FCF7E4FF77
:104FF80005242846FCF7E6FF06252046FCF7E8FFCF
:1050080007242846FCF7EAFF08252046FCF7ECFFB2
:1050180009242846FCF7EEFF2046FCF7F1FF70BD97
:10502800586FFF1F70B5002405464E1E07E007A005
:10503800FCF790FE07A0FCF78DFE641CA4B2295D66
:10504800B442F4DB04A0FCF785FE70BD253032586D
:105058000000000020000000253032580A0000003F
:10506800F8B51E484168090601D50020F8BD416819
:10507800802211434160194D0A260027803DE869C6
:1050880040084000E8610620FCF758FE134CC03C7D
:10509800A06980210843A061E86901210843E8610B
:1050A80002E00820FCF74AFEA86A800504D43046CE
:1050B800761EF6B20028F4D1002E07D0286A7E2189
:1050C800C70BA0690F4088433843A061A1698020BD
:1050D8008143A1613806400EF8BD0000C0F00040D1
:1050E80010B5FCF777FD07484068062807D306493E
:1050F800096801221205114201D1800810BD002063
:1051080010BD00000010004000E200E010B501F002
:1051180049F9044A0121582001F054F8FFF7A0FF8B
:1051280010BD0000600AFF1F30B538480168012231
:105138009204114301604168032212069143344AE4
:1051480013781B06194341604368032189058B4383
:1051580030490C78A4052343436043686024234303
:1051680043601378022B08D01378012B05D00B78F5
:10517800022B02D00B78012B04D14368FF240134A1
:10518800234343601278032A02D00A78032A03D102
:10519800426880231A434260426803239B041A43EF
:1051A80042600B780122D2051B48002B03D11B4B10
:1051B8001B78032B19D0C3689343C360164A184B56
:1051C8004032D360FF2581351561164C5461164B6A
:1051D8009361114B80335D609C60144CDC60144B10
:1051E80003600978002903D006E0C3681343E4E7A5
:1051F80001680123194301600E4909780E4BC9065D
:10520800C90BC91881630D48D06130BD40F000401A
:105218004C0AFF1F4B0AFF1F800003404A0AFF1F6A
:10522800C00B00207A3E6A070000890400808904C8
:10523800CC240000480AFF1F250800002FFCA60107
:10524800F8B505004A484B4B4B4C4C4A4C4934D0B6
:10525800022D32D086155710066286699E43B31810
:1052680083612078002833D00F6146480863464898
:1052780000780122120380184861414E404C434B8C
:10528800803E403C002D27D06521414AC902414853
:10529800012D2ED0022D31D0032D5AD0042D58D0F7
:1052A8003D49691831603D49A1602360E0600221F1
:1052B8000846FCF7ABFE3A482BE080260662866972
:1052C8009E430123DB04F61886612078002801D06C
:1052D8000A61CAE70B61C8E7324830600020A06065
:1052E80023603148E06003210846FCF78FFE2F4811
:1052F8000FE02F4B3360A2602160D7E72C4B5B1C7B
:105308003360A2602160E06002210846FCF77EFE5F
:1053180028482061F068FF210843F0602648606152
:105328002648A0612648E061264820622648606237
:105338002648A0622648E062264820632648606323
:10534800E020012D0DD02168022D0ED0814321606F
:10535800F8BD224BEB183360214B73602160A260CB
:10536800A4E7216881432031F1E781434031EEE72A
:10537800C000034000001C004B0AFF1F000004008F
:105388008000034003000001440AFF1F00280B00AF
:1053980055555537D6BE898E00800642555555005D
:1053A800805508220080067807EE75368066082248
:1053B8000180063D80450822A49C5C544C4443422D
:1053C80041524C46403A342E28007F554F49433DC0
:1053D80037312B4C46403A342E28221C0080069840
:1053E800545A9850F0B5224B214D21498026204A25
:1053F8000727BF04403BC03DE024803902281662DD
:10540800966914D0BE430127BF04F6199661194A5C
:105418001278002A1ED07A101A6101281ED0164A66
:1054280080182860154808610868A04314E0012026
:10543800BE43C004361896610E4A1278002A00D07E
:10544800401018610E4828600E4808610868A0439B
:10545800403001E01F61E0E70860F0BD0848401EE9
:105468002860094808610868A0432030F4E7000074
:10547800C00003404B0AFF1F008006988055082291
:105488000280063D804508228066082286B0FCF727
:1054980069FD9CA0FCF75EFCA249A148C862A2A0D5
:1054A800FCF758FCA7A0FCF755FCADA0FCF752FC94
:1054B800B2A0FCF74FFC0120B749C0020860B7480A
:1054C8004168012211434160B549B648FCF7A4FD83
:1054D8000120B149800580310860B34E0025756010
:1054E800B24FB34C70680228FCD3B248B249027874
:1054F8000A7040784870756000F0BCF9387800F0A0
:10550800A3FB00F017FC258000200090EBE0387822
:10551800022806D0387808284AD038788A28F5D161
:1055280046E0502208216420FCF77CFDFCF752FB82
:10553800A24909688842A14902D30968401A03E0D0
:105548000A689749891A08180490FCF74FFBC007A6
:105558000CD09B480078002808D10098002805D175
:10556800FCF750FB012000909648C56196490498C5
:1055780009888842CAD392480078002804D0FCF7EA
:1055880057FDFCF75BFD03E0FCF758FD0020009099
:105598008A4802688C490988511801600268804964
:1055A8008A4204D901687E4A5242891801609AE009
:1055B8003078000705D58548016949094901103146
:1055C8000161834881693F22520211438161FCF7DE
:1055D8000DFBC0077ED0FCF709FB400508D52088E5
:1055E800401C208002AA03A901A800F07BFD16E058
:1055F800FCF7FCFA800701D5764804E0FCF7F6FAD8
:10560800400704D574480188491C018007E02088B8
:105618007249884201D1002000E020882080387833
:105628008A2836D1FCF7D6FA644909688842634962
:1056380002D30968401A03E00A685949891A081808
:1056480067490968884224D90A2000F0FDFAFF203A
:10565800F530FDF715FB822000F0F6FAFF20F53053
:10566800FDF70EFB862000F0EFFAFF20F530FDF77E
:1056780007FB882000F0E8FAFF20F530FDF700FB73
:1056880025805448058054480580FCF7A3FA4B4907
:105698000860FCF7B7FAFCF7D1FC2088002822D074
:1056A8002088012824D04F48007869460979401895
:1056B80040084C490870208801281CD04A480088B6
:1056C8006946898940184008474908802088012888
:1056D80014D000E007E0454800786946097A401888
:1056E8004008424908707068022800D3FAE60EE7BD
:1056F80068460079DDE768468089E5E76846007A0C
:10570800EFE700000A3D3D3D52465F5048595F446F
:10571800544D2056312E312E323D3D3D0A000000B9
:105728003124FF1F8003FF1F3D3D3D20535550503E
:105738004F525420424C4520314D20203D3D3D0ADA
:10574800000000003D3D3D20535550504F5254201D
:10575800424C4520324D20203D3D3D0A00000000CE
:105768003D3D3D20535550504F525420424C5220FD
:105778003530304B3D3D3D0A000000003D3D3D20A9
:10578800535550504F525420424C52203132354BD1
:105798003D3D3D0A0000000000E100E000400040FF
:1057A800FFFF3F00281000404470FF1F4D0AFF1FF5
:1057B800560AFF1F10A9FF1F690AFF1F640AFF1F6F
:1057C800490AFF1F40100340540AFF1F40000340CE
:1057D80000F00040580AFF1F5A0AFF1FFFFF000091
:1057E800740AFF1F520AFF1F5E0AFF1F530AFF1F9A
:1057F80010B51C4CC0B02078694648701A48027829
:105808000A7002780021012A06D00278022A05D0FF
:105818000278032A04D007E00F2105E0552103E0B0
:10582800FF2104226B461A7000786A46002801D0CE
:10583800002009E021780D48921CFEF78FF806E059
:105848001318401C9970C0B223789842F8D30320EB
:1058580007490004086021786846891CFCF740FB6A
:1058680040B010BD4E0AFF1F500AFF1FFF01000085
:1058780040000340F8B5E14B1878E14D80092870E5
:105888002878E0490424E04E00281BD02878032813
:1058980018D02878012802D02878022857D11878FB
:1058A8008206DA48920E02705878D94A8008107039
:1058B80058788207D748920F0270D74A1288032A6D
:1058C8006FD094E11878D54A8006800E1070587809
:1058D8008708D34807702D78002D03D01378002B44
:1058E80070D04CE11578002D02D10578002D07D035
:1058F8001578012D06D017780125022F09D00BE065
:10590800002037E10C220A700078C6498007800F12
:1059180030E10778012F03D01778022F02D004E076
:10592800102029E00778022F03D01778022F04D01F
:1059380006E012200870022014E00778032F03D035
:105948001778022F04D006E0162008703470F8BDCE
:105958000778042F03D01778022F05D007E014200A
:10596800087003203070F8BD0778202F03D0167810
:10597800032E04D006E0182008703570F8BD0678AC
:10598800002E03D01678032E02D004E02020F1E088
:105998000678012E03D01678042E03D005E02220C5
:1059A800E8E01DE10678002E03D01678052E02D017
:1059B80004E02420DEE00678002E04D01678052EB8
:1059C80003D005E0D8E02620D4E00678012E03D0E5
:1059D8001678052E02D004E02820CBE00678022EA7
:1059E80003D01678052E02D004E02A20C2E00678FB
:1059F800032E26D01678342E25D01678352E41D091
:105A08001778894E362F4FD01778372F53D01778FD
:105A1800382F59D01778392F5FD01678834B3A2E04
:105A280065D016783B2E6DD015783C2D7DD0157835
:105A38003D2D7BD013783E2B79D012783F2A77D032
:105A4800CAE02C2096E00078C507ED0F00240BE093
:105A5800022C12D0032C10D0052C09D0062C07D00C
:105A68000A2C05D00B2C03D029462046FCF7ECFA6B
:105A7800641CE4B2172CEBD3F8BD29462046FCF78A
:105A8800E9FAF1E7017800784D09C406E40E022C22
:105A980001D0032C03D129462046FCF7DBFA29461E
:105AA8002046FCF7D1FAF8BD7220087030685978A2
:105AB800000A000218E0742008703068FF2109020B
:105AC8008843597809020FE0762008703068FF2172
:105AD800090488435978090406E07820087030687A
:105AE80059780002000A090608433060F8BD7A2296
:105AF8000A701978C907F9D000780A388100401867
:105B08004B4937E07C220A7002784A49002A10D0B3
:105B180000220A700078410047480170007801218E
:105B28000903401845494861F8BD04E012E019E04E
:105B38001AE00D70F8E77E220A7019784907F3D544
:105B48003F49CA6B007852095201C006C00E024391
:105B5800CA63E9E780220A7019788907E4D50078D2
:105B6800384907E00C7001E006220A7001782748DE
:105B78000170D9E70870D7E70378002B03D01378B2
:105B88003F2B02D004E00A20F4E70378002B03D06F
:105B980013783F2B02D004E08220EBE70378012B37
:105BA80003D013783F2B02D004E08420E2E7037887
:105BB800022B03D013783F2B02D004E08620D9E7CC
:105BC8000378032B03D012783F2A02D004E0882000
:105BD800D0E70078042801D0FE20CBE78A20C9E767
:105BE8003278042A02D03278032A00D10470287847
:105BF800012801D00220BDE70820BBE7690AFF1F82
:105C08006D0AFF1F4D0AFF1F490AFF1F6E0AFF1F7B
:105C18004E0AFF1F500AFF1F560AFF1F6F0AFF1F79
:105C2800700AFF1F4F0AFF1F780AFF1F4470FF1FEB
:105C3800680AFF1F730AFF1F440AFF1F8000034002
:105C480080F00040510AFF1FF8B5304C0021217048
:105C580061702F4B2F4D304AFE281BD080260A2812
:105C68001CD082281ED0842821D0862823D08828BA
:105C780026D0242828D0362626283FD0A9273F0119
:105C880028283FD02A2839D02C283BD019702970D1
:105C9800224813E019700120287019E01E7029703D
:105CA8001F4802E01E7029701E4800880FE01E7011
:105CB80029701D4802E01E7029701C48007806E013
:105CC8001E7029701A48F9E7197029700C20108085
:105CD800207811881B78090A1943084320706178D5
:105CE80010882A7810430143617021780020FEF75C
:105CF80067FC61780020FEF763FCF8BD1970297015
:105D08001680E5E7197029701780E1E76B0AFF1F15
:105D1800710AFF1F720AFF1F5C0AFF1F4D0AFF1F4F
:105D2800560AFF1F5E0AFF1F440AFF1F520AFF1F81
:105D3800530AFF1FF8B5AB480078AB4D80012978AE
:105D48008906890E08432870A8480178A84C49009C
:105D5800891CCEB2217801291FD02178022920D0B0
:105D68002178032921D02178042923D029780078A3
:105D78004A0181004018401DC6B2C0329D489D4965
:105D8800F8301018FBF7C0FE9A4948439A49088032
:105D98009A4800788A2813D01DE02878C20050322B
:105DA800ECE7287882002C32E8E728780201FF32F5
:105DB800CF32E3E728782D21800109014218DDE779
:105DC8008D4800887D21C90048438D490860FBF74C
:105DD80001FF8C49086003218B48090401608A4F40
:105DE8000E2040373862B81578620020386287493B
:105DF800F96082490A78002A35D0084600780228D6
:105E080051D00846017804294DD0017806294AD096
:105E18000178082902D000788A2843D1FFF784F94D
:105E28007B4A0121022000F0CDF900F073F92078B7
:105E3800FCF716F9704802887649643A4A62008885
:105E48006438886274487549320770D0C2698A43D9
:105E5800C26173480021415600297249415667DBE7
:105E68000804801999E070490880704908805D49E4
:105E780008702870604908806D490A786D490A7071
:105E88006D4908806D4908706D49087001212170BD
:105E98006C4908706C484169C2009143052212049C
:105EA80089184161F8BD69480078002805D0FFF7D6
:105EB8003BF90421304600F015FA00F02BF95D4853
:105EC800007800F045F92078FCF7CAF8544800211A
:105ED800415600295349415602DB0802801903E064
:105EE80008025B498019401878632078594A0028CD
:105EF80006D045485849816058490968C160026020
:105F080000214148C94341603C4D297806290BD0FE
:105F1800FF2141317962297802290AD021780029A4
:105F280014D04C49203116E0FF210131F2E728E076
:105F38002FE02078002804D0FCF77AF8FFF758FC07
:105F48000AE0FCF775F800F091F805E044490160B3
:105F58002D484449403801600020FCF787F8FCF7D9
:105F68008BF8FBF74FFE2878022807D12078FCF73A
:105F780065F8FBF72FFE23490860F8BDFCF75EF8CB
:105F8800F8BD7E63C2698A43032109025118C161C1
:105F980004E0080434498019401878632078002800
:105FA80008D000211848C94341602B4981602B491A
:105FB8000968C1602878C01CFF2801D9FF2006E0C5
:105FC8002878282801D2282001E02878C01C0E490A
:105FD8004039C8600020FCF749F8FCF753F8FBF794
:105FE80011FECBE74F0AFF1F4E0AFF1F6E0AFF1F65
:105FF800490AFF1F71020000540AFF1F4D0AFF1FC4
:10600800740AFF1F640AFF1F40000340404010004D
:10601800600AFF1F0010034000010340000F00004A
:10602800680AFF1F00000000560AFF1F5C0AFF1FD6
:10603800480AFF1F510AFF1F5E0AFF1F520AFF1F6F
:10604800530AFF1F500AFF1F00F00040730AFF1F8A
:10605800FFFE00001000030055555500780AFF1F89
:1060680033000B0002800678FFFFFE0030B5A5B0B4
:106078000020009001900290039018A00068184D2D
:106088000490297800206A46117505AC612208E061
:10609800215CCB0149080B4353402118401C4B702D
:1060A800C0B22978491E8842F2DB297804AB6A46D7
:1060B800601C891EFBF7ECFF6846017C28782018D5
:1060C8002038C1776846407C29786054297805A82B
:1060D800491CFBF705FF25B030BD0000FFFF00009D
:1060E8004E0AFF1F70B50A4B5C6A9D6AA30501261C
:1060F8009B0D7602B34201D99B1B02E0FF33FF33AD
:1061080002330B80290E0170200E107070BD000044
:10611800C000034010B50A49002008700949022050
:106128000870FFF701F80848007800F011F8074CEC
:106138002078FFF785F82078FBF7B0FF10BD000046
:106148004B0AFF1F4C0AFF1F480AFF1F490AFF1F7F
:10615800F0B51A4A03230725D60019499B02602483
:10616800ED0157693F281AD0B74305263604BE19F2
:106178005661CA689A43CB14D218CA60CA69A24346
:106188002032CA61CA69AA43CA610D4940398A6B7B
:10619800C0061205120DC00B02438A63F0BDB74357
:1061A8000126B604BE195661CA689A43CA60CA690C
:1061B800A243CA61CA69AA438032E5E700F00040F9
:1061C800C0000340F8B53A4B5D6A9C6A00265E62DF
:1061D8009E62384B58630E2018629E155E624020FE
:1061E80098625020D862FF202B30586231484030E6
:1061F800012915D0802101622F49FF232D48A5339D
:10620800403083602D4B43602A4B2D48403B18613A
:106218007D20C0000090471E009705D33846FAE756
:10622800066225498331E8E7264889050F18214881
:1062380040388763234B5B1CC91881632248009050
:10624800224800780300FBF72BFD05040408060D1F
:1062580008001F4800E01F4800901F4810601548BC
:10626800403005E01D48F7E7C16AC943890F14D0DB
:1062780000994B1E0093F7D20E4940398F630D49A0
:1062880000228A62CA6282604E620A62FF2041303E
:106298004862074845628462F8BDC16A104B1940DC
:1062A800116011680122090C120489184160E3E7A2
:1062B8000010034080000340CA02000020200000B4
:1062C80080560C2064652100102700004A0AFF1F31
:1062D800204E00003075000000002020409C000087
:1062E800FFFF3F3FFCB50D46074600206946087092
:1062F80088802A490A780124294EAC40012A0BD00B
:106308000A78032A08D00A78042A05D009780229CD
:10631800694625D0087036E0694608700CE000210F
:10632800384600F065F801466846808809186846CE
:1063380081800178491C0170684600788442EEDC4F
:1063480068468088E840083025E00121384600F09A
:106358004FF8694689884018694688800878401C43
:10636800087008788442F0DC084611E001213846BC
:1063780000F03EF801466846808809186846818022
:106388000178491C0170684600788442EEDC684652
:106398008088E840001D3070FCBD0000490AFF1FDE
:1063A800440AFF1F00B50021022000F021F80C4923
:1063B800801C08700021422000F01AF80949801C4E
:1063C80008700121022000F013F80749801C0870AA
:1063D8000121422000F00CF80449801C087000BD1F
:1063E800440AFF1F450AFF1F460AFF1F470AFF1FEF
:1063F800F8B53B4C394A2260394D394A07239B048A
:10640800803540320129A9690ED0994301239B04A4
:10641800C918A9613349D16033490B780121C905ED
:10642800324E002B07D009E099430123DB04C91839
:10643800A9612F49EFE73378032B14D0D3688B4336
:10644800D36050630E20106200275762FF2015307A
:1064580050622848009030780300FBF721FC0507BC
:10646800070D090B0D00D3680B43E9E7224802E04A
:10647800224800E0224800900098431E0093FBD277
:10648800686B57620002000E17621E4BD360FF2331
:10649800413353626523DB0223601B4D2F78E023D1
:1064A800012F0AD02D78022D25680AD09D4325603A
:1064B8000D4B1B78002B07D009E025689D4320353C
:1064C800F5E79D434035F2E73378032B03D0D368D3
:1064D8008B43D360F8BDD3680B43FAE71000030081
:1064E800400003407F4073004B0AFF1F4A0AFF1F0A
:1064F8007F40530010270000204E00003075000038
:10650800409C000040401000490AFF1F78B5174B17
:10651800012800D1164B00241648009404E0009D81
:106528006E1C009685421ADCDD6FED07F7D10AE094
:10653800009D6E1C0096854211DC1D7DAD06F7D5C9
:106548000D781D70491C1546521E92B2002D0094FC
:10655800F3D106E000994A1C0092814201DD0D202A
:1065680078BD197D4906F5D5002078BD004000406A
:1065780000900040A0860100F7B507462A4940016F
:1065880044182A4E241D1546002A10D001980028C8
:106598000DD02178002908D0E088A84205D3012928
:1065A80016D0A1884919814203D90320FEBD0620CF
:1065B800FEBDFBF7C7FAA188A0682A4640180199D2
:1065C800FBF752FCA0884019A080FBF7CDFA27E022
:1065D800A0680199FBF748FCA58000206080022094
:1065E8002070A168102D00D91025012F00D1104E60
:1065F800726802208243726004E06088421C6280F4
:10660800085C307028466D1EADB20028F5D1002F09
:1066180008D01920FDF714FE706802210843706045
:106628000020FEBD0820F5E75492FF1F00400040FF
:1066380000900040F8B5064608270B20184C012E9C
:1066480002D11927174C11200121814016480160F9
:10665800BFF34F8FBFF36F8F144871010D18287C5B
:106668000021FBF721FD687C0021FBF71DFD802040
:1066780020730025257125702573257265603846BD
:10668800FDF78CFA3846FDF755FA002E03D0084876
:1066980045600020F8BD06484038C562F9E70000AB
:1066A800004000400090004080E100E05492FF1F4D
:1066B800C003FF1FF0B587B00746FBF7FBFC069049
:1066C800082001900420009005200390464C0B26DA
:1066D8003846FFF7AFFF012F07D119200190082096
:1066E80011260090414C09200390414879010D186A
:1066F800287CFF2802D1687CFF282CD0103501980F
:10670800FDF732FA0198FDF749FA28780221FBF7DC
:1067180075FB68780221FBF771FB28780099FBF775
:1067280073FB68780399FBF76FFB002020730698CA
:10673800696800114A088018FBF7ECF90146002047
:106748002061802020730A0A22712170E97A0029C9
:1067580004D01B2103E0062007B0F0BD03212173FC
:10676800297A002900D087212172012161602A7AC3
:10677800002A02D0626802436260AA7A002A03D023
:10678800626802231A436260002F12D01A4B194A1A
:106798005A60FF22002E11DBB408184BA400E4183D
:1067A8002368B507ED0EAA409343A840034323602E
:1067B80013E0114B124A403BDA62EAE733071B0F3A
:1067C800083B9C080F4BA400E418E369B507ED0EDD
:1067D800AA409343A8400343E361002E02DB0A4822
:1067E800B14001600020B7E7004000400090004041
:1067F8005492FF1FE521FF1FC003FF1F00E400E0C4
:106808001922FF1F00ED00E000E100E010B50020B4
:10681800FFF750FF10BD10B50120FFF74BFF10BD6B
:10682800F8B5614C60688030806880F30888FBF7B1
:1068380087FB5E485E4900680225884206D0002032
:10684800FBF7A6FA68070169A943016100F0D6F8C9
:1068580058480078FBF722FC574E0020F061F5619C
:10686800564D75610120FBF769FA0320F061FBF7CB
:106878006BFA0746FBF7AEF90646FBF765FA50498F
:106888000860FFF747FC4F480068874201D9381A6B
:1068980001E0381A401E4C49884200D90840616816
:1068A8008A8DD20709D0494A030C126880B2534333
:1068B80050431B02000A18180BE0C2018300D21AC9
:1068C8004300D21AC3001818921C80309208400A5C
:1068D80010182062FF313E480131496800680918E4
:1068E8003C480068081A41198B083B488A073B490D
:1068F80003600D68920F52190A60042A04D95B1CC0
:106908009207920F03600A60216A354FC81839460A
:10691800FBF700F902463348334D0368D318036088
:106928002A688A182A60BA4206D95B1C036039466D
:106938001046FBF7EFF82960FBF7C2FB2B480078FD
:10694800002810D0FBF746F9294A216A801B1268F3
:106958000B18934202D2511A091A01E07D21C9008D
:106968001548FBF759FB234D287A002811D0FBF76F
:1069780031F9811B236A1048EA685C183C30A2424E
:1069880002D9D21A511A00E01B49FBF745FB002037
:106998002872FBF79BFB0220FBF722F90020FBF78C
:1069A800F7F9FBF7EFF9F8BD2070FF1F0C0AFF1F7E
:1069B800B6412103490AFF1F00100040C409000026
:1069C800100AFF1F340AFF1FFFFF3F00380AFF1F8E
:1069D8001C0AFF1F200AFF1F240AFF1F280AFF1F87
:1069E800710200006008FF1F2C0AFF1F1C09FF1F0F
:1069F800E408FF1F740BFF1FDC050000F8B5FCF767
:106A08005BFFFCF7BFF90120404E00903078404C06
:106A1800022810D0FBF798F905463220FBF78EF9CB
:106A2800FCF7CEFD0F20FBF789F93078012808D054
:106A3800FCF772FE1AE037484068006AFBF77EF9F7
:106A480024E033484038C06B4007400F012802D18A
:106A58000020FBF781FA6068FF270137B8436060C0
:106A68000220FBF76BF9606838436060FBF76CF94C
:106A7800A84201D3401B01E0401B401E25491E22AD
:106A8800C8615043244A49688018C861244923488A
:106A98000860234823498030C163FF2141314162A6
:106AA8003078FBF759FA20492048FBF7B5FA1F4818
:106AB8001F491430FBF7B0FA0420FCF7CFF8142074
:106AC800FCF7CCF81520FCF7C9F81720FCF7C6F836
:106AD800FF20FBF729FA0120FBF7FEFAFF20F5302B
:106AE800FBF700FB5820FBF7C9F81248FBF700FB3F
:106AF8000098FBF7B5FA0720FBF700FBE0690E49A1
:106B08000840FF300930E061F8BD00004A0AFF1F65
:106B180040F000402070FF1F720600000180063D13
:106B28000000034034080000710200001410004007
:106B3800FFFF3F003075000000FEFEFF10B507287C
:106B480001D9062010BD04490870FBF783FB0449EE
:106B58000248C861002010BD186DFF1F5D22FF1F8D
:106B68004003FF1F000000003B0001080200030073
:106B7800050206020703080309030A000C030D03B4
:106B88000003010304030B000E030F03100311039A
:106B98001203130314031503160300000300000077
:106BA8000000000000000000886CFF1F786CFF1FC9
:106BB800946CFF1F986CFF1FA46CFF1F8C6CFF1F49
:106BC800846CFF1F806CFF1F906CFF1F9C6CFF1F65
:106BD800A06CFF1F7C6CFF1FF1590000FD24000012
:106BE8004146010079240111912601115515011121
:106BF800FD1D0111E50E01118918011175290111F9
:106C08000A1F1C1F1E1F1E1F1F1E1F1E1F1F1D1FAA
:106C18001E1F1E1F1F1E1F1E1F00000073697A659E
:106C28006F6628675F70436F6E6E656374696F6E19
:106C380042756666657229203D2025642C2073699B
:106C48007A656F662870436F6E6E436F6E746578F1
:106C58007429203D2025642C2073697A656F662885
:106C68006C6172676548656170293D2564200A007A
:106C78004665620044656300417567004A756C00AB
:106C88004A616E004A756E00536570004D6172006E
:106C9800417072004F6374004E6F76004D61790049
:106CA8005048592B36325858504C5553303530349B
:106CB800000000000C6DFF1F5871FF1F88010000C5
:106CC8006C2DFF1F5871FF1F0C6DFF1F4C04000037
:106CD800B81AFF1F0004FF1F5871FF1F0C000000A7
:106CE8006C2DFF1F5871FF1F0004FF1F00040000D8
:106CF800B81AFF1F946EFF1F5871FF1F60610000D4
:106D08007C2DFF1FC132FF3201148821082C590243
:106D1800E00BD13AFF01A13204123BA30108990B01
:106D2800711E80A201115804811A0F02212CE80358
:106D3800022E191829652D48960111105A0E102D8A
:106D4800F46DFF1F105A1C104BB8941069205AF5A7
:106D5800205A1E105A741069205AF6105A24102A04
:106D68007C101A0212A2076B3075CA12062B800C0F
:106D7800920124041F020106595509184299F8DAAC
:106D88005CF84BBC6EB81A2610A9301A1410299F4B
:106D98001A74200A1D2054DAB05436506FFF1F10A1
:106DA8005A80181A5110A9205A52201A90202910D6
:106DB8005A532069745AC89469305A54305AA050AA
:106DC8001A551012081210A20429273147070C047B
:106DD800393058E80C956E0111B96F011112094646
:106DE8000114051218152003020A061002010611E3
:106DF800077304FF2808585859202D2D2032C1C880
:106E0800100102030405060708090A0B0C0D0E0FF2
:106E180080011F2DA30111E06359085A08080C17B7
:106E280040787D40A919699A12F71205DA0B1461A6
:106E380022B42A2802143075A04902111208150834
:106E4800E001F09A10023A5002290A63D0071A0F9B
:106E58006812051C307507141201CA81550111E921
:106E68001F1E69380111F904ADD94201111CBAFF7E
:106E7800BE0112400D558D0111AD800111C97F0170
:0C6E880011CDA86CFF1FF20122000000D9
:040000051FFF184180
:00000001FF
