:020000041102E7
:1000000003B40148019001BDADAE000003B4014846
:10001000019001BD456B010003B40148019001BD91
:100020000189000003B40148019001BDC53F0000F3
:1000300003B40148019001BDE94C010003B401483B
:10004000019001BDC95C010003B40148019001BDEC
:10005000CD4C010003B40148019001BD618900004D
:1000600003B40148019001BD154D010003B40148DE
:10007000019001BDF54E010003B40148019001BD9E
:10008000434D010003B40148019001BD2526000045
:1000900003B40148019001BD8B52010003B4014833
:1000A000019001BDB352010003B40148019001BDAC
:1000B0000D52010003B40148019001BDC94A01007D
:1000C00003B40148019001BD691F000003B4014859
:1000D000019001BD5D17000003B40148019001BD0E
:1000E0003D4B010003B40148019001BD595201008C
:1000F00003B40148019001BD5125000003B401483B
:10010000019001BD014C010003B40148019001BD03
:10011000594F010003B40148019001BD1D4B01007E
:1001200003B40148019001BD8D12000003B40148E1
:10013000019001BD4D1F000003B40148019001BDB5
:100140005522000003B40148019001BDDD520100B9
:1001500003B40148019001BD1D4D010003B40148E5
:10016000019001BD810E000003B40148019001BD62
:10017000017F000003B40148019001BDE1170000B8
:1001800003B40148019001BD7918000003B401488F
:10019000019001BDD949010003B40148019001BD9E
:1001A000E928000003B40148019001BD5549010050
:1001B00003B40148019001BD4551010003B4014859
:1001C000019001BDC926000003B40148019001BDA2
:1001D0001DBC000003B40148019001BD6DBC0000CE
:1001E00003B40148019001BDC946FF1F03B4014893
:1001F000019001BD6934FF1F03B40148019001BDA6
:10020000C51D000003B40148019001BDA946FF1FB0
:1002100003B40148019001BD7147FF1F03B40148B9
:10022000019001BDC52CFF1F03B40148019001BD21
:100230005D35FF1F03B40148019001BDC145FF1F9B
:1002400003B40148019001BD090E000003B4014848
:10025000019001BD810E000003B40148019001BD71
:10026000750F000003B40148019001BD7919FF1F0B
:1002700003B40148019001BD5D45FF1F03B401486F
:10028000019001BD313CFF1F03B40148019001BD45
:10029000F94C010003B40148019001BDC5210000E3
:1002A00003B40148019001BD291C000003B40148BA
:1002B000019001BD851F000003B40148019001BDFC
:1002C000A946010003B40148019001BD1147010096
:1002D00003B40148019001BDB30E000003B401480E
:1002E000019001BDB942FF1F03B40148019001BD57
:1002F0003945FF1F03B40148019001BDE93CFF1FD0
:1003000003B40148019001BD993DFF1F03B40148AA
:10031000019001BDBF23FF1F03B40148019001BD3F
:100320009923FF1F03B40148019001BD212400005F
:1003300003B40148019001BD4550FF1F03B40148BB
:10034000019001BDD134FF1F03B40148019001BDEC
:100350000D0F000003B40148019001BD4D19FF1FAE
:1003600003B40148019001BD9D18FF1F03B401486B
:10037000019001BD350E000003B40148019001BD9C
:100380009533FF1F03B40148019001BDC118FF1F41
:1003900003B40148019001BDAF18FF1F03B4014829
:1003A000019001BDE548000003B40148019001BD82
:1003B0002951010003B40148019001BDD91B00007F
:1003C00003B40148019001BD9124FF1F03B401480B
:1003D000019001BDB924FF1F03B40148019001BD84
:1003E00051470100F8B5D349D14A002004464A607C
:1003F0008300401CD450FF28FADD4868CE4A0146ED
:1004000080318A606E22C262CC4A1278002A01D002
:100410007F22C2620A220265C94A13788363C94BEC
:10042000C36115781023022D08D01578012D05D051
:100430001578032D02D01578042D00D10362C24D2A
:1004400045611925AD0185613725CD603627282600
:10045000C7630825466405644F6032270F603B2759
:10046000CF634127CF6439274031E0C132274F6045
:1004700002274F6142270831E0C11E274F60CE603E
:100480008D6005264E6142260E615A2660390E6146
:100490004D613C258D61AF25ED000560AB4D0563D9
:1004A0001578022D09D01578012D08D01578032D67
:1004B00007D01578042D06D007E0152504E0436029
:1004C00003E00E2500E00C254560FF252D358560F5
:1004D000C560FF25F53505619D4D85647D25ED00E1
:1004E0009C4ECD67C66445629B4D85627325C5658C
:1004F000062545658565C51D0826F93502272E6048
:1005000047664B27FF0087660927C766934F076733
:100510004667BE108467C667914F8E4E3E60167860
:10052000022E09D01678012E0AD01678032E0BD091
:100530001278042A0CD00EE01A22CA61212205E0AA
:100540001422CA61182201E01322CB610A6202E080
:100550000E220B62CA617E4A8A627D22D2008A67BD
:1005600064224A620522CA6202220A63C8228C639C
:100570004A63382169607B4929647B49A9614B2121
:10058000C900E9617349FF30643929627D2109019D
:100590006962EC661E212C67A9667049A965E96548
:1005A00089102966696469677049A9677049714A49
:1005B0008130E967026082604160FF21F531C160EE
:1005C00001616E486C495A4A81606D49803A1161F7
:1005D0006A496C4A80318A626B4ACA626B4A82619C
:1005E0006B4AC2626B4A02636B4A64484038C2631A
:1005F0006A4ACA616A49816360496A4840318861D0
:100600006A49694888605D48694A80384260694A39
:100610004263694A0A626949816058496848C03939
:10062000C860FFF7EDFC0120FFF7F0FCF8BDF3B563
:100630000746644881B0C169634A1140FF310931FE
:10064000C161002613E000252C461120FFF7E4FCD1
:100650005C48406A8007800F610088402843641C22
:10066000E4B20546102CF0D301C7761CF6B202980E
:100670008642E8D3FEBD10B52E4C607800280AD122
:1006800004215248FFF7D3FF504804211030FFF7F0
:10069000CEFF0120607010BDF0B500248BB00D4678
:1006A0000646102902D901200BB0F0BDFFF7E3FF89
:1006B000464900200A5C401C1419C0B21028F9D326
:1006C000002C03D0102D03D90B20EDE70E20EBE713
:1006D0003F483E4C0023006802A91034E25CC75C2E
:1006E0007A40CA545B1CDBB2102BF7D306AA3748FA
:1006F000FFF798FC102D00D910252A4606A9304690
:10070000FFF796FCFFF79AFC216840182060FFF77E
:1007100095FC616840186060FFF790FCA168401884
:10072000A060FFF78BFCE1684018E0600020BBE7A9
:100730000004FF1F8471FF1F28DAFF1F246DFF1FB5
:100740004A0AFF1F3A07000080C3C9019A0200004D
:1007500050C30000280A00006A180000204E000064
:10076000F009FF1F0040001168100000DC050000C8
:1007700040420F0010270000D14BFF1F0001FF1F58
:100780007928FF1F2D51FF1F0554FF1FE124FF1F74
:100790007526FF1FFD24FF1F4138FF1F1D6AFF1F25
:1007A0004168FF1F1924FF1F312CFF1F0002FF1F8C
:1007B0004948FF1F254AFF1F6949FF1F0548FF1FC2
:1007C000612CFF1F40F0004000FEFEFF64B0FF1FE1
:1007D0008872FF1F0A7802708A7842704A88120A6B
:1007E00082700979C170042070470A780270098804
:1007F000090A41700220704710B500220EE09300F4
:100800005B189C7804705C88521C240A44701C7924
:1008100084709B88D2B21B0AC370001D0B78934270
:10082000EDD81806800D10BDF8B50D46064649787E
:10083000012031700024761C16E06978012917D058
:100840001221614349198A7832704A88871C120A3A
:100850007270B61C10223046091DFFF7E9FB1037F5
:10086000B8B21036641CE4B22978A142E5D8F8BDCC
:10087000A10049198A7832704A88871C120A72705E
:10088000B61C02223046091DFFF7D2FBBF1CB8B2CE
:10089000B61CE7E710B50C46097801702188090AF3
:1008A00041706288211D801CFFF7C2FB6088801C9C
:1008B00080B210BD10B50C46097801702188090A74
:1008C0004170A17881706188090AC170A288A11D58
:1008D000001DFFF7ADFBA088001D80B210BD10B554
:1008E0000C460A88891CFFF7A3FB208810BD10B5B1
:1008F0000B788A7802705343DCB22246401C091DF3
:10090000FFF796FB601C10BD10B50B788A7802705B
:100910005343DCB22246401C091DFFF789FB601CD3
:1009200010BD10B50C460A88891CFFF781FB208892
:1009300010BD10B50C460A88891CFFF779FB20888A
:1009400010BD7FB515460446022901D0102903D1F8
:10095000022B04D0102B02D0002004B070BD9942AD
:1009600002D10A46294607E01029694607D000F05F
:100970000DF8102269462846FFF766FBEDE71046A2
:1009800000F004F8102269462046F5E770B50C46E1
:1009900005000CD0002C0AD0102206492046FFF793
:1009A00047FB2878207368786073012070BD0020B1
:1009B00070BD000054AE021110B50B460122024971
:1009C00002F0BEFA10BD0000D507021170B5064650
:1009D00008880C46172812D30B46032209493046D3
:1009E00002F0AEFA050008D107492088098888423C
:1009F00000D20146304600F0C1F9284670BD022001
:100A000070BD0000EB070211B871FF1F10B5002385
:100A10001922194602F094FA10BD000010B50A78A8
:100A2000002A05D00B460722024902F089FA10BDC0
:100A3000022010BDF907021110B54A78012A01D031
:100A4000022A08D10A78002A05D00B46052203495C
:100A500002F076FA10BD022010BD00002908021134
:100A600001494000085A7047B671FF1F10B50B4688
:100A70001D22024902F064FA10BD0000950802111F
:100A800010B50B461B22024902F05AFA10BD0000B5
:100A9000950802110149172008807047B671FF1FA1
:100AA0000098022B01D0042070471178527812026E
:100AB00089180180002070470098012B01D0042084
:100AC0007047117801700020704770B5049C1E4675
:100AD0001546062B1BD36978287809024018208018
:100AE000E978A87809024018608002222271291D45
:100AF000601DFFF79DFAB61FB2B22281F02A06D818
:100B00002046A91D0A30FFF793FA002070BD04208B
:100B100070BD0098042B01D00420704753781178E1
:100B20001B02C91801809178D2781202891841807D
:100B300000207047F8B584890D460646002C26D063
:100B4000B2681778380620D50C2C20D90C3CA4B2FA
:100B50001019009001217088234601F057FE0028EB
:100B600011D0022028707806C00F6870B806800E79
:100B7000A870641E2004000CA88001D0B068401C3E
:100B8000A8600020F8BD0120ECE70020EAE7012082
:100B9000F8BD10B502981146042B14D34C780A788E
:100BA000240212190280CC788A7824021219428019
:100BB0001B1F9AB28280F22A05D8801D091DFFF7FB
:100BC00037FA002010BD042010BD0098042B01D07E
:100BD00004207047537811781B02C918018091785E
:100BE000D2781202891841800020704710B502980F
:100BF0001146062B03D0142B03D0042010BD022273
:100C000000E0102202714B780A781B02D218028091
:100C1000CB788A781B02D21842800279401D091DC8
:100C2000FFF706FA002010BD30B5039CD80718D195
:100C3000D805010E022914D30B488088814210D8B0
:100C4000F6200155002008E0557813782D025B1935
:100C50004500401C6353C0B2921C8842F4D300206C
:100C600030BD042030BD0000B071FF1F0098022B82
:100C700001D004207047117852781202891801803F
:100C80000020704770B5144602460498022B18D312
:100C9000667825783602AD1905800546E0352A7656
:100CA0006976002A0BD0E8219B1E9AB242808A42C4
:100CB00007D8A11C001DFFF7BBF9002070BDF4216F
:100CC000F2E7042070BD000010B50B461722024960
:100CD00002F036F910BD0000B508021110B50B4640
:100CE0000D22024902F02CF910BD0000DF080211AC
:100CF00010B50A78002A05D00B461122024902F0ED
:100D00001FF910BD022010BDEF08021110B50A78BE
:100D1000002A05D00B460922024902F011F910BD44
:100D2000022010BD0909021110B50B460F2202491D
:100D300002F006F910BD00002309021110B50B46A0
:100D40000B22024902F0FCF810BD00003309021129
:100D5000F72800D9F720084A01461080401EC31723
:100D60009B0F18188003000C5080491EC80F4018B4
:100D7000C003000C90807047B071FF1F044A1288B6
:100D8000914203D8024A4000921D11527047000060
:100D9000B071FF1F10B500231322194602F0D0F8DE
:100DA00010BDCB22520105E000BF00BF00BF1146BD
:100DB000491EFDD1401EF7D2704703E00821491EAD
:100DC0000029FCDC401EF9D27047000070B50C46CB
:100DD0000146032000020A1A002534481300FFF7D9
:100DE00039F91D1012151C1F2326282C30323438D7
:100DF0003A3C3E40424446484A4E50525A54565855
:100E00005A00C07911E01022294902E02849102235
:100E100010312046FFF70CF945E0C06A206042E03F
:100E2000224906223C31F4E7007820703BE08089BB
:100E300036E01E4942784231EBE71D4982781F397E
:100E4000E7E7007AF1E7407AEFE718490622303108
:100E5000DFE7807AE9E7C07AE7E7C08920E0808AA7
:100E60001EE0C0781CE0C08A1AE0008B18E0408BBE
:100E700016E0808B14E00D4906223631C9E7C08B9D
:100E80000EE0008C0CE0408C0AE08079CDE7008A0F
:100E900006E0408A04E0272904D2084600F0A4FABC
:100EA000208000E00225284670BD0000106EFF1F64
:100EB0005196FF1F70B50E4C00256071A571691E1B
:100EC000E18100F0C1FB0420E071102200210948FB
:100ED000FFF7C6F80748102200211030FFF7C0F8CE
:100EE000E562257265720720A072E57270BD000090
:100EF000106EFF1F5196FF1FFEB53F4D0C460804B4
:100F00000CD56879FFF7B2F8050004D003F082F938
:100F10002846FFF7B1F80120C00369E0600403D55B
:100F2000012080034840FEBDE007012600282ED0A6
:100F300032A002F029FA2878002821D0A8790528C3
:100F400021D0297A68460170697A41702A490622BF
:100F50003031801CFFF76CF8A97A68460172E97A93
:100F600041726946687900F05BFA002808D00720D2
:100F7000A871696A002903D00968002900D0884750
:100F800020467040FEBD032069460870E4E7A007D4
:100F90000ED5A879052809D1E889FFF773F8AA8A40
:100FA000002A03D002216879FFF772F802201FE0BF
:100FB000600707D517A002F0E7F9002003F096F9C3
:100FC000042015E0200715D518A002F0DDF92879D6
:100FD000012802D002280AD107E00096AB8B6A8B69
:100FE000298BE88A00F02EF801E000F07DF9082056
:100FF0006040FEBD0020FEBD106EFF1F0A5354412D
:1010000052545F4144564552544953494E475F45F7
:1010100056540A0053544152545F434F4E4E5F554D
:1010200050444154455F455654000000434F4E4ED6
:101030005F504152414D5F54494D454F55545F45B6
:1010400056540000F8B5134C069EA579052D01D025
:101050001420F8BD104F851FBD4219D2062917D3A1
:10106000BD1DA94214D2FF27F537BA4210D20A2B70
:101070000ED3AB420CD2E08221836283A38330463D
:1010800003F034F904216079FFF708F80020F8BD77
:101090001820F8BD106EFF1F7A0C0000F7B50D4642
:1010A00080490098164642187F4F00247879B97914
:1010B0001300FEF7CFFF190E141BE92040455970AD
:1010C000777E888FE996A2A9B4BFC8E9E9E9E9D398
:1010D000E900102D76D11022314674486FE0102DB2
:1010E00070D1724810223146103068E0042D69D169
:1010F0003068F862CEE0012D64D13B7832783A70E6
:10110000002B0AD0002A07D1022903D0062901D0DA
:10111000042901D100F03EF9BCE0002A0AD00129DF
:1011200005D0032903D0052901D0042902D10121CA
:10113000FEF7BAFFAEE0022D44D13088B881A9E0B5
:101140001F2D3FD858481F2200214230FEF788FF4C
:1011500055482A4631464230FEF76AFF524B7D70B1
:1011600042332A46012112E01F2D7CD84F481F220E
:1011700000211F38FEF774FF4C482A4631461F38BD
:10118000FEF756FF494B2A461F3BBD700021787978
:1011900000F0D0FA83E0012D65D13078042862D8C0
:1011A000387277E0012D5ED1307803285BD87872F1
:1011B00070E0062D57D13C48062231463030FEF70C
:1011C00037FF67E04FE0012D4DD1307807284AD82E
:1011D000B8725FE0012D46D13078032843D8F87209
:1011E00058E0022D3FD13288BA82002A52D0052918
:1011F00050D10221FEF74CFF4CE0012D33D1307865
:10120000012830D8F87045E03088022D2BD106280F
:1012100029D31921C901884225D8F8823AE03088BB
:10122000022D20D106281ED31921C90188421AD8BF
:1012300038832FE03088022D15D1FF21F531884207
:1012400011D2788326E03088022D0CD10A280AD3E7
:101250001921C901884206D8B8831BE03178012DD5
:1012600001D1012901D0182414E00821FEF722FF42
:10127000002801D016240DE0002003F037F80421E7
:101280007879FEF70BFF05E00098272801D2022DA0
:1012900002D002242046FEBD318800F0FBF904464E
:1012A000F8E70000FFFCFFFF106EFF1F5196FF1FC5
:1012B0001CB50B4CA179002901D011201CBD0028C0
:1012C00000D06062064907482C3103460191009026
:1012D000103B0022E179607900F016F800201CBD77
:1012E000106EFF1F6196FF1F10B506488179052912
:1012F00001D0122010BDC1891322407900F0DAF923
:1013000010BD0000106EFF1FFFB581B01E460D46D8
:1013100002240B9F0B00FEF79DFE0D1A0B1A1A0BF1
:101320001A1A1A1A1A1A1A081A000AA002F02CF825
:101330002946019800F0D8F8040008D13A46304612
:101340000A9900F087F900F0EBF801F04FFA204617
:1013500005B0F0BD4741505F446576696365496EED
:1013600069743A204741505F50524F46494C455F9F
:1013700043454E5452414C207C204741505F5052CF
:101380004F46494C455F5045524950484552414CA3
:10139000200A000070B5104C2168002904D009789B
:1013A000814203D0032070BD122070BD0B4D02217D
:1013B0002878FEF773FE0A48002646800421287824
:1013C000FEF76CFE07480680216803204870002065
:1013D000FEF776FE70BD00001C72FF1F4D72FF1FEE
:1013E0003072FF1FC071FF1F272803D2024940003F
:1013F000085A704701487047C871FF1FFFFF00007F
:1014000010B5064C607005F053FB6078FEF75EFE89
:101410000521607801F0E6F810BD00004C72FF1F56
:1014200070B5284E054630680C46002801D01120C2
:1014300070BD254801780520014216D023488068F8
:10144000002805D00078002802D0C80706D101E0A6
:10145000102070BD00F044F8002808D02078032840
:1014600005D0022803D0002801D0122070BD0C2026
:10147000FEF732FE3060002820D005700021417058
:101480000A222146801CFEF7D3FD03F013F8040066
:1014900002D002F095F912E00D48007803280ED131
:1014A0001D20FFF7A1FF0B490028088007D00B483B
:1014B000094A04210078FEF715FE00E013242046B7
:1014C00070BD00001C72FF1FBD71FF1F3072FF1F37
:1014D000BE71FF1FC071FF1F60EA00004D72FF1F49
:1014E00010B505F003FB10BD70B50C4605461C2277
:1014F00000210948FEF7B4FD084805704470FEF766
:10150000F7FD0549002803D000200870122070BDA7
:1015100001220A7070BD0000A4B0FF1FBC71FF1F44
:1015200070B50F4C0025A068002802D0FEF7E6FD3C
:10153000A560E068002802D0FEF7E0FDE5600948FC
:1015400005210078084206D00548103002F00AFD57
:1015500002F0D8F870BD002002F004FD002070BD3C
:101560003072FF1FBD71FF1FFEB5344D0C460804DD
:1015700019D56878FEF77AFD0121C9034C4006466B
:1015800000280ED002F00EFC002807D12878FF2892
:1015900004D03146FEF7B8FD002802D03046FEF7F1
:1015A0006BFD2046FEBDE007012700280AD0A86891
:1015B000002804D04168002901D000208847204637
:1015C0007840FEBDA00709D56868002804D04168AE
:1015D000002901D00120884702202AE060072AD58F
:1015E000174E308800281FD0401E0004000C3080A9
:1015F0001ED102F057F9002809D012480770686818
:10160000002804D04168002901D00120884702F059
:1016100023F9694601F044F8684602F0ADFB1D204D
:10162000FFF7E2FE308003E004216878FEF736FD24
:1016300004206040FEBD0020FEBD00004C72FF1F74
:10164000C071FF1FBF71FF1F014908707047000084
:101650004C72FF1F70B50E4C0B46261D07C6054683
:10166000102200211846FEF755FD012803D1102154
:10167000A06807F02BF9102200212846FEF74AFD4A
:10168000012803D11021606807F020F970BD000027
:10169000A4B0FF1F272807D2044A914204D0044A6D
:1016A000400011520020704702207047FFFF0000E9
:1016B000C871FF1FF8B50D4617461D4906461B4A5F
:1016C0001224C868954208D100282DD00268002A4B
:1016D0002AD029463046904723E0144A521C9542AE
:1016E00013D1002807D00268002A04D029463046CA
:1016F0009047040005D03946304601F03FFF040012
:1017000012D10B48067047700EE0284605F0A0F98C
:10171000002809D00078B04205D139462846FEF7A6
:10172000FFFC044600E003242046F8BDFEFF000055
:101730002072FF1FF8B50E4601461948154600787D
:1017400005221F46104028D0304326D01548012ED0
:101750001BD0C468002C20D01F2D18D8002D01D01C
:10176000002F14D001701F220021601CFEF778FCAE
:101770002A463946601CFEF75BFC28462570002E81
:1017800007D0611CFEF7D2FCF8BD8468E2E70220B6
:10179000F8BD611CFEF7D0FCF8BD1220F8BD0000BA
:1017A000BD71FF1F3072FF1F014610B50020C90731
:1017B00004D0034A0421034800F0FCF910BD0000E6
:1017C000ECA20211946EFF1F10B5002309E01C016A
:1017D0002418E468944202D11901081810BD5B1C5A
:1017E0009BB28B42F3D3002010BD000070B50F4DAB
:1017F0000F4CA87029461831204600F01DF8002132
:1018000028460B461030CA0084521218491C09069B
:101810005360090EF7D0012003F02CFDA87800F0EA
:1018200091FB044805F074F970BD0000746EFF1F51
:10183000FFFF0000AD4A021170B50A4C0025A0421E
:1018400009D1002082008C525218401CC0B2957001
:101850000228F7D370BD03F0F8F80028FAD004800E
:10186000857070BDFFFF0000F8B50E46074606996B
:1018700000240798002902D00B242046F8BD022B33
:1018800001D00D24F9E711785278120289188DB22F
:101890002946814301D08024EFE73846F16800F003
:1018A00081F9A842E9D02A463846F16800F0ECF9FF
:1018B0000400E2D171892A46384600F0A9F9DCE734
:1018C000FFB50446C1B01F4600881D4A00254A9B4B
:1018D000904232D0A07800282FD00A4619463846C8
:1018E000FFF772FF060028D02088164A4100515C9D
:1018F0000023C91EC9B203AA0232019302910092C9
:101900007A8904AB314600F03BF8002815D1708984
:1019100069468881A078C00705D0208803A9439A2A
:1019200000F0DEFA0546A078800706D5208803A9D6
:101930004B9B439A00F078FA0543284645B0F0BD2A
:10194000FFFF0000B671FF1F70B50C46080412D5EA
:101950000A488078FEF78AFB050008D02878B0286E
:1019600002D1284603F08EF92846FEF785FB0120B8
:10197000C003604070BD002070BD0000746EFF1F8A
:10198000FFB587B0087A0025109E1C460F46C0069A
:101990000DD5099803F052F8030006D00A22394603
:1019A00007989847050035D101E00E2532E03878D8
:1019B00002281DD17868292201784078120200029D
:1019C000081880B2811A90427ED009DC7249401A10
:1019D00023D0012821D0022851D0032808D125E0A6
:1019E000012972D0022971D003296DD004296ED04B
:1019F000099803F04BF80028D7D00568002DD4D003
:101A00001299119801910090334622463946079861
:101A1000A847054628460BB0F0BD1198002873D1A1
:101A2000F868017831800278416897E011980028C1
:101A30006AD101203080F868002100782070788910
:101A4000401C80B200F04EF900280FD03188027897
:101A50008918891C3180817A61704189090AA170D5
:101A600002784168E01CFEF7E3FAD3E730880422ED
:101A7000001D30800021601CFEF7F2FACAE71198C1
:101A8000002872D1F86804A90088009004203080F2
:101A9000009820700098000A6070009800F022F909
:101AA000070028D0F86805906846028A03AB3B49D6
:101AB000384600F06FF900280FD13B7802213848F2
:101AC0007A68FEF73EFF03E027E031E01DE049E0E1
:101AD000002802D13148694688810598007802289B
:101AE0000CD1059802224168201DFEF7A1FA30882A
:101AF000801C308002E069460098888168468089B1
:101B0000A070000AE07085E72FE0119800282CD122
:101B1000F968079800F046F804E01198002824D1ED
:101B2000F8680088022131802070000A607071E737
:101B3000F868FEF707FB1199C0B2814210D88142C4
:101B400001D1002206E0129A8918814202D311992C
:101B5000401AC2B23280F96811980918204682E70B
:101B6000072557E71198002801D00B2552E70721D8
:101B7000F868318001782170417861708178A170B6
:101B80004188090AE1700179217181796171C08808
:101B9000000AA0713EE7000000280000FFFF0000DF
:101BA000CAAE021110B502F050FF002800D08078B4
:101BB00010BD00007CB51446050019D0684601959B
:101BC000018000F0C5F903001DD1002C1BD06D89E8
:101BD000002D0DD00C20FEF77FFA00280AD000233C
:101BE00003608580094A84609168002904D006E07A
:101BF000022308E0132306E0906004E011460A681F
:101C0000002AFBD1086018467CBD0000746EFF1FDF
:101C1000F8B50C4C0746207815460E46FF280FD025
:101C20000A20FEF795FA01000AD0B12008700020C2
:101C3000487008714F80CE800D812078FEF764FADD
:101C4000F8BD0000746EFF1FFFB583B008461F4645
:101C500001A90C9E00F046F8050012D06846808865
:101C600002F014FF00280AD04468002C07D0009628
:101C70003B462946059A0398A04707B0F0BD0E20C1
:101C8000FBE70120F9E7000070B514460E46054653
:101C900002F0DBFE002806D13146054802F0D5FEF1
:101CA000002803D005808470002070BD112070BD15
:101CB000FFFF000010B50178B0290BD14178002951
:101CC00008D10179122906D01B2903D140880121AE
:101CD00000F012FC10BDFF210231095C0129F5D092
:101CE00010BD0000F0B58C4610494B6819E09F68A4
:101CF0007C89A04214D39E883119814210D90022D8
:101D00000CE011017D186989814205D160460028E7
:101D100000D004802846F0BD521C92B29642F0D802
:101D20001B68002BE3D10020F0BD00005872FF1F9C
:101D3000FFB5174881B00A9F446824E000251EE0E3
:101D4000A0682901461870890199884215D3029923
:101D5000884212D80498002807D031787068049B14
:101D6000039AFEF7EEFD002807D0002F02D0A068EE
:101D700040893880304605B0F0BD6D1CADB2A088FA
:101D8000A842DDD82468002CD8D10020F3E7000059
:101D90005872FF1FFEB5174600256A469580044617
:101DA00040891D4A1E46904208D001AA0092401C5C
:101DB000237880B26268FFF7BBFF054623780221D3
:101DC00016486268FEF7BDFD002807D1237802217E
:101DD00013486268FEF7B5FD002801D060890EE067
:101DE000237802210F486268FEF7ABFD00280DD072
:101DF000002D03D068468088B84203D0384603F0EF
:101E00004DFB04E06889401E80B200E06089002E2E
:101E100000D030802846FEBDFFFF0000C8AE021192
:101E2000CAAE0211CEAE0211FFB581B00F461E46FA
:101E300014466946019802F04FFC050018D1002CA9
:101E400006D001221021019804F0DCFD05000FD11D
:101E500039460198FEF70AFE050009D1009CFF2EC5
:101E600006D021461E22A31C034803F023FBE67084
:101E7000284605B0F0BD0000A153021110B5054978
:101E80000870042100F0AEFB00F006F8FEF702FE39
:101E900010BD00006872FF1F70B50E4C00200C4B87
:101EA000651CFF228100C91800280ED00D80401C3F
:101EB000CA70C0B28A700228F4D3074802F0B0FD9D
:101EC000064804F025FE002070BD0C80EFE70000FE
:101ED0006072FF1FFEFF0000CD530211215302115B
:101EE000F8B50D4614460646694602F0F5FB17287C
:101EF0000CD0002C06D001221021304604F082FDC7
:101F0000002803D129463046FEF7BAFDF8BD00008F
:101F100070B50C46080411D509480078FEF7A6F8FC
:101F2000050007D00178A02901D102F01DFD284647
:101F3000FEF7A2F80120C003604070BD002070BD14
:101F40006872FF1F01490870704700005872FF1F38
:101F500070B50546008800281DD068680221037806
:101F600042682248FEF7EDFC002808D1686802218B
:101F7000037842681E48FEF7E4FC00280BD01D4C95
:101F80006088002805D0012229881204101A814295
:101F900003D9012070BD022070BD0C20FEF79CF813
:101FA000060001D000200AE0132070BD02016B681A
:101FB00061880A329952491C401C618080B229888C
:101FC0008142F3D80020306008222946301DFEF7F8
:101FD0002FF86068002802D1666004E008460168B6
:101FE0000029FBD10660002070BD0000C8AE0211C0
:101FF000CAAE02115872FF1F0649496806E08A6896
:102000005289824201D18888704709680029F6D137
:10201000002070475872FF1F10B51422114201D0E2
:10202000012202E04A0604D50022102104F0EAFC55
:1020300010BDC80701D0002010BD022010BD10B592
:1020400014468A0604D50122102104F0DBFC10BDE1
:10205000882211420ED008220A40102104F0D2FC3E
:1020600000280BD0E034617E0029F0D0217E0129C8
:10207000EDD103E0880701D4032010BD002010BD7E
:1020800070B50246012815D0022A15D0032A17D0B0
:10209000092A1AD00B2A1CD00D2A1FD00E2808D1CD
:1020A0000D46084600F020F80446284600F026F8C1
:1020B000604070BD084670BD084600F01FF870BD56
:1020C0000C46084600F01AF80CE0084600F02BF821
:1020D00070BD0D46084600F026F8E5E70C460846B8
:1020E00000F002F8604070BD70B5054600F015F8CC
:1020F0000446284600F00BF8604070BD4000FF2108
:102100000131084202D0C0B21B214840704710B5CF
:10211000FFF7F4FFFFF7F2FF10BD10B5FFF7F7FF71
:10212000FFF7ECFF10BD10B50446FFF7F6FF604067
:1021300010BD0000014610B50020C90704D0034AB5
:1021400007210348FFF736FD10BD0000D8A2021199
:102150009C6DFF1F70B50D46164600241D490300F7
:10216000FDF778FF08051234341934222934112D73
:1021700023D8122200211848FDF772FF2A46314663
:102180001548FDF755FF22E0022D16D111491088A0
:10219000103908801BE0082D0FD10E480822314667
:1021A0000838FDF7DBFF12E0012D06D1CA690949A5
:1021B0003078283107E0012D01D0182407E0CA6BE0
:1021C00004493078483103F01AFB00E0022420462D
:1021D00070BD00009C6DFF1F2096FF1F30B5084AA0
:1021E000084B08E00578140A55402A06D20D9A5A81
:1021F000401C6240491E0029F4D1D04380B230BD5A
:10220000FFFF000054A3021170B5124C0025206896
:1022100061148843206000F08DF80520FEF7CDFDA5
:1022200020682614304320600520FEF7C6FD0D20EF
:1022300003F080FC002800D001252068B043206016
:102240000220FEF7BAFD00F07BF80220FEF7B5FD94
:10225000284670BD00800040FFB581B01E46144680
:10226000074600250AE000F0EFF80A20FEF7A5FD7A
:102270006D1C052D02DD012005B0F0BD00F0CAF88F
:10228000384600F0A1F80028EDD1029800F09CF843
:10229000002801D00220EFE700F0BCF83846012109
:1022A000084300F091F8002801D00320E4E700255E
:1022B000761E05E0002000F00DF82070641C6D1CF7
:1022C000B542F7DB012000F005F8207000F0BCF803
:1022D0000020D1E7F1B5002500F02CF80520FEF72D
:1022E0006CFD134C002627142068384320606806D4
:1022F000050E0D2003F01EFC002801D0012005432F
:102300000120FEF75AFD2068B84320600520FEF743
:1023100054FD761CF6B2082EE6D300F011F8022028
:10232000FEF74BFD009800F011F82846F8BD0000BC
:102330000080004010B500210D2003F0A9FB10BD66
:1023400010B501210D2003F0A3FB10BD012100B544
:1023500049030D4A0028106801D0084300E0884373
:1023600010600120FEF729FD106801239B0318432C
:1023700010600120FEF721FD1068984310600120D5
:10238000FEF71BFD00BD000000800040F8B51646BA
:102390000D460746002400F03DF8384600F014F8DA
:1023A00000280AD00120F8BD28786D1C00F00CF838
:1023B000002801D00220F8BD641CB442F4DB00F018
:1023C00043F80020F8BD0000F8B58027104A00232C
:1023D000BE01054614143846D8402842106801D082
:1023E000304300E0B04310600120FEF7E6FC1068C7
:1023F000204310600120FEF7E0FC1068A04310604D
:102400005B1CDBB2082BE6D3FFF7FEFEF8BD000035
:102410000080004010B50B4A106853141843106038
:1024200010681414204310600120FEF7C6FC1068E9
:10243000984310600020FEF7C0FC1068A0431060B5
:1024400010BD00000080004000B50B4A1068531416
:10245000984310600120FEF7B0FC10680121890349
:10246000084310600020FEF7A8FC106818431060B5
:102470000120FEF7A2FC00BD008000400B78037035
:102480000B8802221B0A43700B88801C012B02D090
:10249000022B07D011E08A7802704988090A41703E
:1024A00004220AE08A7802704A88120A42700A7985
:1024B00082708988090AC1700622104670470000A0
:1024C00008B5044B009313460A46012104F0C6F9EF
:1024D00008BD00007D2402111CB503230192009366
:1024E0000A46024B122104F0E9F91CBD7D6102117C
:1024F00010B5FDF739FE10BD13B50448007801286A
:1025000003D101AA6946FDF735FE1CBD7472FF1F99
:1025100070B50F490F4A087000210B468C00491C0A
:10252000C9B213530429F9D30A4C00211034FF26F1
:102530000A460A256A4315196B80491CA354C9B27F
:102540006E720329F4D3FDF71BFE04F05BF970BD36
:102550007572FF1FC0B0FF1F082A01D0012070470D
:102560004B780A781B02D2180280CB788A781B023B
:10257000D21842804B790A791B02D21882808A795C
:10258000C97909025118C1800020704770B50C4606
:10259000080411D509480078FDF768FD050007D04B
:1025A0000178902901D104F08FF82846FDF764FDE9
:1025B0000120C003604070BD002070BD7572FF1F18
:1025C00070B500280AD1064C00252580A581A5807C
:1025D000A068002802D0FDF7D9FDA56070BD0000FD
:1025E0004CB1FF1F072907D0052905D0042903D0C6
:1025F000062901D002207047044A8B009A1813461E
:10260000403B1986203A907400207047C0B0FF1FED
:1026100070B506001BD10E4C0025214640310D74CB
:102620004D740D76606D002802D0FDF7AFFD656535
:102630005C20002546433419E80020184068002833
:1026400001D0FDF7A3FD6D1CEDB20A2DF4D370BDD2
:102650005CB1FF1F70B50A880C460546072A07D0F3
:10266000052A05D0042A03D0062A01D0022070BD15
:10267000012104F07BFA002804D02146284603F00B
:1026800093FD70BD142070BD10B5001D80B2FDF724
:1026900083FD002803D00321C943FDF783FD10BD4E
:1026A00038B50C46050014D0002C12D00321684622
:1026B00006F00CF96946887840218006800E0843B0
:1026C000694688702246284606F038FE050002D08A
:1026D00006E0022038BD03226946E01CFDF7A8FC95
:1026E000284638BDF7B58EB00E9815460E46002820
:1026F0002DD0002D2BD0301DC0B20190FDF7ECFC89
:10270000040039D001F0B4F807463246201D0E9976
:10271000FDF74EFDF8B20890E0703804000E0B9003
:10272000A0703802000E0A9060703F0E277001F012
:1027300099F80146102202A8FDF73AFD06AB2146A2
:1027400002A8019A06F050FD060003D010E0022016
:1027500011B0F0BD089828700B9868700A98A8709E
:10276000EF70082206A9281DFDF722FD01F086F86A
:102770002046FDF7C3FC00E013263046E8E70000E2
:1027800010B5064C2070FDF719FD06212078FFF7E3
:1027900029FF034804F0BCF910BD00008472FF1F3C
:1027A0002189021170B50C46080419D50D4800782E
:1027B000FDF75CFC05000FD006F0D2F9002808D127
:1027C00009480078FF2804D02946FDF79DFC002821
:1027D00002D02846FDF750FC0120C003604070BDC8
:1027E000002070BD8472FF1F4C72FF1F10B505489A
:1027F0000078400701D5044800E0002006F038FAD0
:10280000002010BDBD71FF1F7872FF1FFFB58DB096
:102810000F98169C0E46002815D0002C13D00D984A
:1028200004F016F9050011D06178207809024018EB
:10283000A178E2780904120689184718286AB84274
:1028400006D3401C04D0022011B0F0BD1420FBE7D9
:10285000002E04D02879800701D40120F4E7082253
:10286000002106A8FDF7FCFB1098001DC0B20190E6
:10287000FDF732FC060017D0301D109A0F99FDF7B6
:1028800097FC042221463046FDF792FC1022A9183D
:1028900002A8FDF78DFC06AB314602A8019A06F0AE
:1028A000A3FC050002D013E01320CDE7082206A9FF
:1028B00008A8FDF77DFC0822211D08A8FDF7C4FB30
:1028C000012801D0012503E039460D9801F04CFEA6
:1028D0003046FDF713FC2846B6E7000070B500242B
:1028E000224621466020FFF751FD184D184E002862
:1028F00015D0002211466220FFF748FD002811D0B4
:10290000002211466420FFF741FD00280DD000226F
:1029100011466620FFF73AFD002809D013E0602435
:10292000286807E06224686804E06424A86801E07D
:10293000E86866240022F06011462046FFF726FD75
:10294000002800D00024204670BD00001C9AFF1F04
:102950002470FF1F30B55F4C8BB0607106211F20C3
:10296000FEF798FE00206946087201220A730722CA
:102970000A74888218228A8320220A848884FF208D
:10298000F530088554A003C801910090607869462D
:10299000087606AA01215248FEF780FB50486A4695
:1029A0000621801CFEF77AFBC32004AA01218000C7
:1029B000FEF774FB4A4802AA0121001FFEF76EFBD6
:1029C000474805AA0221C01EFEF768FB2146563182
:1029D000084611223838FDF72BFB224661201C32B5
:1029E0001C21C000FEF75AFB204610223D493D3015
:1029F000FDF71EFB21460D31084603224230FDF74C
:102A000017FB3748224638321E21801EFEF746FB50
:102A1000312003AA01210001FEF740FB304807AA3C
:102A200002210830FEF73AFB2D4808AA022109309E
:102A3000FEF734FB2A4809AA02210A30FEF72EFBD2
:102A4000C5200AAA02218000FEF728FB2246563242
:102A500011210020FFF77EFB19256D012946062074
:102A6000FEF718FE29460720FEF714FE2946082027
:102A7000FEF710FE29460920FEF70CFE0025ED4367
:102A80002846FFF757FB2846FEF78EFE012004F08C
:102A900049FF154804F0E6FA86250120FDF794FB6E
:102AA0000120FDF797FB2846FEF752F929460FA0B3
:102AB00000F06AFC01216079FDF7F6FA6079FEF713
:102AC000C3FD204603210A30FDF78AFBFDF78EFB8C
:102AD0000BB030BD746FFF1F010203040506000038
:102AE00009030000F8A20211C57002115B324D62A9
:102AF0007073207C20444C45207C204D545520256B
:102B0000645D200A00000000F0B587B00026029640
:102B10000396684604960675AC4C0D46080417D516
:102B2000ABA000F031FC6079FDF7A0FA04000CD0F6
:102B30002078912806D160780E2803D1A188A8A01A
:102B400000F022FC2046FDF797FA0120C00338E18F
:102B5000E807012700280CD0ACA000F015FC9B482A
:102B60001430FEF7A5FBFDF747FB2846784007B079
:102B7000F0BDA80762D5217894480B00C078FDF716
:102B800069FA050A0419263B240064210220FDF796
:102B900039FBFF2104E0FF210220FDF733FB642114
:102BA0000020FDF72FFBFF210120FDF72BFBFDF798
:102BB0002FFB0AE0002805D0FF210220FDF722FBB1
:102BC00064210BE0FF2105E0E0700220F9E000281D
:102BD000F8D064210220FDF715FBFF210020FDF74E
:102BE00011FBFF210120FDF70DFBFDF711FBE07844
:102BF000002821D00020E7E700280ED0FF21022086
:102C0000FDF700FBFF210020FDF7FCFAFF2101206A
:102C1000FDF7F8FAFDF7FCFADBE7FF210220FDF7EC
:102C2000F1FAFF210020FDF7EDFAFF210120FDF769
:102C3000E9FAFDF7EDFABFE70120C5E7680731D5EE
:102C4000E08803F029F901281FD0684606750023A3
:102C500000961A4605A91846019607F0A7F8E680DF
:102C60000B2170A005F016FC002007F03DF8A8200D
:102C700007F03AF804216079FDF710FA5A2208218A
:102C80006079FDF705FA04209BE0E18868A000F078
:102C90007BFB642204216079FDF7FAF9E088401C8F
:102CA000E080F0E728072ED503F0D6F90220207047
:102CB00007F0DAF90246062814D0052A14D0072AAC
:102CC0001FD027705FA102A8FDF7A8FA062102A86D
:102CD00005F0E0FB7D22D20008216079FDF7D8F9EC
:102CE00008206EE05A22F7E70420207002F01AFD57
:102CF0002681267108216079FDF7D0F946228021CE
:102D0000EBE72670DEE7280642D550A000F03CFB3A
:102D100000F054F90A2816D00B2824D0002835D00A
:102D200027700246267147A102A8FDF777FA06210F
:102D300002A805F0AFFB7D22D20008216079FDF7E3
:102D4000A7F980203DE02089002808D1002245A174
:102D500002A8FDF763FA0C2102A805F09BFB20896D
:102D6000401C20810FE020796421401CC0B22071FA
:102D70004843208142083BA102A8FDF74FFA0C21ED
:102D800002A805F087FB0A228021D7E72670C8E752
:102D9000680608D5FDF748FA364A40216079FDF704
:102DA00077F940200DE028050DD533A000F0ECFAAE
:102DB000684607706A4601213548FEF76FF9012021
:102DC000C0026840D3E60020D1E60000746FFF1F08
:102DD0005359535F4556454E545F4D53470A0000C3
:102DE0003D3D3E204843495F434F4D4D414E445F7A
:102DF000434F4D504C4554455F4556454E545F43F7
:102E00004F44453A2025780A000000005342505FA5
:102E100053544152545F4445564943455F455654C7
:102E20000A000000446F776E6C6F61645F4F4B0067
:102E300048616E646C652046696C65204E756D2036
:102E400025640A00436F64653A2564005342505F6D
:102E50005550444154494E475F434849505F455699
:102E6000540A000050726F67726573733A253033ED
:102E70006400000088130000474150524F4C455FEA
:102E80004144564552545F454E41424C45440A0028
:102E900005030000002805DBC106C90E012088409B
:102EA000014908607047000000E100E08307FF224D
:102EB000DB0E9A408907090E9940002808DB830839
:102EC00009489B001B181868904308431860704716
:102ED0000007000F0838830804489B001B18D869B6
:102EE00090430843D861704700E400E000ED00E043
:102EF0000A4610B501460020FDF79CF910BD000000
:102F0000F3B585B000248D006E46281981000B486A
:102F10004058694606F0DCFE0020A100059A030136
:102F20009A1887005358F759401C7B405350042887
:102F3000F4DB641C042CE8DB07B0F0BDB8A9FF1F6C
:102F4000FFB583B00F4603981B4940001646085A48
:102F5000FFF79AFB04002AD00125601C2670002F81
:102F600003D00699B847401C85B2300610D5102111
:102F7000039803F0FBFD002801D0192613E0621925
:102F8000E9B22046FFF7AEFB06000CD10C35ADB21E
:102F90000421684601800194058169460398FFF782
:102FA00059FB060004D02046FDF7F0F800E0132698
:102FB000304607B0F0BD0000B671FF1FF0B5002528
:102FC00087B06B4C0295039504950F273F026289E9
:102FD0002946A069FDF744F8617866A000F0D4F9AD
:102FE0006678022E68D2E078012821D16189644890
:102FF000FDF726F960716348A171805D3946401E76
:103000004843E061E1683A4640185E498C3104F07B
:10301000D7FF0146E5705CA000F0B6F9E168E06911
:1030200041185BA000F0B0F939465EA000F0ACF9A1
:10303000A1786279914237D86089352603464843A2
:10304000801C360380B2914213D14E49A3798C3152
:10305000A26905F07AFA6089A178A279484361787B
:10306000090389194018A16906F0BEFF002811D193
:103070001AE04449A2698C3105F067FA61786289E7
:10308000A0780903504389194018A16906F0ACFFE4
:10309000002805D047A000F077F9012007B0F0BD67
:1030A000A078401CA0705BE06078401C607001203C
:1030B000E070A5700B20F1E7022E18D0032E33D05C
:1030C000002102A802F0EEFA2E480A2202A90A30D4
:1030D000FCF7AEFF2B493C480A3106F03DFF0028C3
:1030E00040D03AA000F050F965700420D6E73EA128
:1030F00003C9019100902078694648717D22D20071
:103100000721684605F0A0F860690178022905D119
:103110004178FD2902D1807800281ED0657034A046
:1031200000F032F90220B9E738A103C901910090FB
:103130000A220721684605F087F8606901780329AB
:1031400005D14178FC2902D18078002805D065702E
:1031500027A000F019F90320A0E76078401C6070F8
:103160000A209BE765702BA000F00EF9002095E780
:103170002470FF1F6E756D3A25640D0A0000000073
:10318000D20E00002C9AFF1F613A25640D0A000040
:103190006F66667365745F616464726573733A2504
:1031A000640D0A00646174615F6C656E3A25640D9C
:1031B0000A0000007570646174655F736E64617409
:1031C00061206572720A00000052020055504441AD
:1031D00054455F4241434B444F4F525F4641494C37
:1031E00045440D0A00000000407D0402FD0000007F
:1031F0005550444154415F54595045444154415FF6
:103200004641494C45440D0A00000000407D04033E
:10321000FC000000535543434553530D0A00000082
:1032200010B586B0044614220FA16846FDF70EF8CB
:10323000124930200870782048700620891C6A46A0
:10324000A41D641E2378401E1B09D35C0B702378D9
:1032500000061B071B0FD35C4B70891C000EF0D1BE
:103260000870064806B010BD303132333435363779
:10327000383941424344454600000000F499FF1F9D
:10328000F8B51D480025056017211C4804F0C0FE54
:103290001A480B300646FCF7DFFF184C034621782E
:1032A000621C17A000F070F820781E4F002807D18C
:1032B0006078FF2804D03046FCF7CEFFB84218D023
:1032C00019A000F061F80A221BA1601CFCF7B0FEF7
:1032D0000220207031463846FCF7C4FF07493846C3
:1032E0000F31FCF7BFFFE57425756575A5750120E5
:1032F000F8BD0020F8BD00000C70FF1F039AFF1FEF
:1033000066696C653A73746174653A25642C202093
:10331000563A25732C20616464723A253038580A75
:10332000000000000040021166696C655F696E660E
:103330006F20696E69740A003030303030303030C0
:103340003030000030B5002300229C0015012D18FC
:103350002D5D0D70491C521C042AF7DB5B1C042BED
:10336000F2DB30BDF0B500252C460023A6001F017E
:10337000425D7F185B1C6D1CBA51042BF7DB641C8B
:10338000042CF2DBF0BD00000FB410B503AA044812
:10339000029903F0FDFB10BC08BC04B01847000004
:1033A000F12E021138B5034B00240FCB0094FCF72B
:1033B0005FFF38BDC0A20211F7B5AAB0104600F0F9
:1033C00029F9002042E017992A984018694614907C
:1033D000FFF7C8FF0A216846FFF792FD09246846F7
:1033E00000F0AEF8684600F07FF8684600F034F868
:1033F0001AA9204602F0BEF81AA800F02DF81AA863
:10340000EE468446002100200A016346D518724426
:103410008300D658EF58401C7E40D6500428F7DB76
:10342000491C0429EFDB641E012CD8DA704600F039
:1034300087F8684600F058F800216846FFF760FDFD
:1034400068461499FFF77EFF1798103017902B9954
:103450008842B8DB2DB0F0BDF1B594B000216A46CA
:10346000149C0B0100201D199C188300EE58401C71
:10347000E6500428F9DB491C0429F1DB0024200173
:103480001499139040181190164913980025461866
:10349000A8006946109009581248139A8058FEF700
:1034A000EFFD074610986946401812900169706850
:1034B000FEF7E6FD47401298016AB068FEF7E0FDAE
:1034C00047401298016BF068FEF7DAFD474011990A
:1034D00010986D1C0F50042DDADB641C042CCEDB1D
:1034E00015B0F0BDDCAD0211F0B58DB0074600207F
:1034F0006C4604AD08AE8100CA1913696350136AA3
:103500006B50126B401C72500428F4DB01212046E2
:1035100004F0FCFF022104A804F0F8FF032108A82E
:1035200004F0F4FF00208100CA19635813616B583E
:1035300013627158401C11630428F4DB0DB0F0BD18
:10354000F1B582B000250298002429010E18A000D0
:1035500000903758384602F03BF882010648390798
:103560001018890E41580098641C3150042CEEDB71
:103570006D1C042DE7DBFEBD74A9021110B50C46CD
:1035800003F07AFA002804D040882146FCF7C8FDF1
:1035900010BD122010BD00210B2806D90246303A7A
:1035A000032A02D90C3A032A01D8022113E0024669
:1035B0000C3A0B2A02D9403A032A01D801210AE029
:1035C0000246183A0B2A05D91C3A072A02D9403874
:1035D000032800D8032108467047000070B548430F
:1035E00009490B4E086009494018C117090D081810
:1035F0000513002404E020038019FCF73FFE641C3F
:10360000AC42F8D370BD00000C70FF1FFF0F00002C
:1036100000400211F0B52C4C89B000239D00291800
:103620000A784E788F78120636043F02C978324302
:103630003A430A435B1C6251042BEFDB0425002054
:103640000090A8070CD02049AA0050188038036FBA
:10365000C06F43408B506D1C2C2DF2DB09B0F0BDC8
:10366000A80019490790401880380690C06F00994B
:10367000059101A906F02CFB012101A803F064F9D2
:10368000002401AEA700F05901F0A6FF641CF05120
:10369000042CF7DB019802060298010403980A4300
:1036A000030204981A430243059808498000095808
:1036B00005485140069A126F5140079A8150009870
:1036C000401C0090C7E70000B8A9FF1F74AD0211AD
:1036D0000022002913D0002811D0012806D04A79F1
:1036E0009206920E4A71032805D007E04879C0225D
:1036F0001043487102E0402002434A710122104603
:103700007047000070B51248002500780521084276
:103710001BD02020FCF7E0FC0E4C0028A06013D04A
:1037200020220021FCF79CFC2020FCF7D5FCE06067
:10373000002804D020220021FCF792FC05E0A068BC
:10374000FCF7DCFC0020A0601325284670BD0000BB
:10375000BD71FF1F3072FF1F002909D0012807D15A
:10376000497989098901C02902D0402901D0022064
:10377000704703207047FFB500200E4608701AE01E
:103780001C5C401CC5B2002C17D02819904214D8DC
:103790005F5D6D1CEDB2384600F00FFF002806D0CB
:1037A000641EE0B2307000998F4202D1581904B003
:1037B000F0BD4019C0B29042E2D30020F7E700000C
:1037C00010B5044C2068002803D0FCF797FC0020BB
:1037D000206010BD1C72FF1F70B50E4D840028596B
:1037E000002815D0006A002801D0FCF787FC285972
:1037F000406A002801D0FCF781FC2859806A002823
:1038000001D0FCF77BFC2859FCF778FC00202851FC
:1038100070BD00002872FF1F10B5044C60680028BE
:1038200003D0FCF76BFC0020606010BD2072FF1F0E
:103830000100044805D104498978002901D00248D3
:10384000801D7047B4B0FF1FBC71FF1F0148807816
:1038500070470000BC71FF1F0148406870470000BE
:10386000A4B0FF1F0148806870470000A4B0FF1F8C
:103870000148C06800687047A4B0FF1F10B5074832
:10388000C0680168491C016005480078FF2803D022
:1038900001218903FCF708FC10BD0000A4B0FF1F44
:1038A000BC71FF1F02484068002800D0012070470B
:1038B0001872FF1FFFB581B00F460D9E0A9D039839
:1038C00003F0C6F8040042D0019800283FD12079C7
:1038D0001021084320710499490702D502210843A9
:1038E00001E0FD21084020710B99284608430C99FE
:1038F00008433043207902D00421084301E0FB2132
:1039000008402071002E06D0306910222062314616
:10391000A018FCF78DFB002D01D0002F05D00B98CF
:10392000002814D0012F08D011E0606A002801D0CF
:10393000FCF7E4FB1C21284606E0606A002801D061
:10394000FCF7DCFB1C210B98FCF79EFC60620398E3
:10395000224C8700E05900283ED0002D0FD0006A8D
:10396000002806D11C20FCF7B7FBE15900280862AB
:1039700005D0E0591C22006A2946FCF759FB0C9837
:10398000002810D0E059406A002806D11620FCF724
:10399000A3FBE1590028486205D0E0591622406A8D
:1039A0000C99FCF745FB002E10D0E059806A0028E6
:1039B00006D11420FCF790FBE1590028886205D05D
:1039C000E0591422806A3146FCF732FB0B9B049AC3
:1039D0000399019804F0CAFD05B0F0BD2872FF1FDD
:1039E000F3B581B0019803F033F8050029D00E201B
:1039F000FCF7AEFB040024D02620FDF7F5FC060002
:103A000000D12E78D0202070002767700B20A07086
:103A10000622E91DE01CFCF70BFB0198608102986F
:103A2000C1070120002901D0207300E0277302990B
:103A3000890701D5607300E06773F0B22146FCF797
:103A400063FBFEBD10B581881F4B0124CA1A994241
:103A500037D011DC1D4BCA1A994219D007DC1C4A19
:103A60008A1810D0022A1ED0032A29D11BE0472A27
:103A700027D0482A24D124E01300FCF7EBFA0621D2
:103A80002222222222218068007800F057FD08E0DF
:103A90008068827841781202891889B2007800F033
:103AA000ADFD04460DE0094A921E914201D101226A
:103AB00000E0002280680178104600F087FD00E0F9
:103AC0000024204610BD0000532000000A20000002
:103AD000FADFFFFF70B51A4D1A4A01460026287812
:103AE0001268194C01290CD0002A09D0174909780D
:103AF000490705D50221FCF7D1FA6680FFF760FE81
:103B000070BD6188002903D0114B1B78002B05D0B4
:103B1000002AF5D01078FDF73DFC70BD3C2902D39A
:103B20003C39618070BD0221FCF7B8FA62887D20C3
:103B3000C000424302212878FCF7AAFA668070BDD3
:103B40004D72FF1F1C72FF1F3072FF1FBD71FF1FE0
:103B5000BF71FF1F08B5418900910389C288818820
:103B6000C07800F037FC08BDF0B504468088A1217C
:103B700089004843304987B009684018FF30FF305A
:103B80000230A1794167002C54D02C4D6868002880
:103B900023D006782A480068002804D0416800290C
:103BA00001D0002088472146E07908310591FFF7D0
:103BB000D3FDE0710246277D638A218AE089019066
:103BC00002A88AC0A0880090E0783146059B04F0E6
:103BD00043FDE078002802D00DE01A48D9E7E079EB
:103BE000E2896B46059907C3A379A1880122304673
:103BF00002F0DCFEE0706868002811D0FFF70CFED0
:103C0000287800280CD06978FFF7B8FC002807D086
:103C1000E078A2880346297804F04BFD0020287044
:103C2000A0881721FDF7AAF8A088FEF7C9FCA08894
:103C3000FEF7EEFC07B0F0BD3409FF1F2072FF1F36
:103C40005072FF1FBC71FF1F70B5044600268088AC
:103C500002F0FEFE002803D00678A08802F06AFF7A
:103C6000144D2878002808D0864206D16978FFF7DD
:103C700085FC002809D000202870002E05D0A379EB
:103C8000A288A078314604F014FDA088094A81007A
:103C900008325158002901D0FFF79EFDA088172156
:103CA000FDF76CF8A088FEF78BFCA088FEF7B0FC4F
:103CB00070BD00002072FF1F70B58288294D01245D
:103CC000531B2949AA4242D019DC284D531BAA4252
:103CD00018D00BDC264BD21826D0254B1033D21827
:103CE0001ED0032A17D0042A39D10BE0012B09D0AA
:103CF000022B07D0032B21D0042B30D11AE0433BF9
:103D0000072B2CD8496800292AD00968002927D018
:103D10008847044624E08068007800F0ADF81FE092
:103D2000806800F001F9F4E78068411C007800F039
:103D3000D9F8EEE783681B78002B11D08968002939
:103D40000ED00B6808E0014610469847E1E70949A4
:103D50000968002904D04B68002BF4D100E000244E
:103D6000204670BD0E2000004C72FF1F082000008E
:103D7000F7EFFFFF2C72FF1F10B5094CA178002947
:103D80000CD001460622A01DFCF752F9A11DA07817
:103D9000FFF79EFCA01DFCF77DFA10BD002010BDB2
:103DA000BC71FF1F1CB52F49037801240A68912BB1
:103DB00002D0A22B2ED13EE04178052909D00E2950
:103DC00004D00F2908D03E2924D115E0FFF774FF55
:103DD00010E0FFF739FF3AE001468088224B0124CA
:103DE000C31801D0062B15D1002A30D05268002A02
:103DF0002DD0904704462AE081780124032917D06A
:103E000004DC012911D0022904D105E015291ED0B6
:103E100016291CD000241AE014498968002916D0FC
:103E20004968002913D0884711E0FFF79DFE0EE096
:103E3000FFF790FE0BE00E490978042909D0002A0B
:103E400005D05268002A02D001460A489047204611
:103E50001CBD00216A46118001794088FEF730FBC5
:103E6000F5E700002C72FF1FF3DFFFFF4C72FF1F0E
:103E7000BD71FF1FFFFF0000F8B5164F0646BD1FBE
:103E80002878FF2814D00A20FCF762F904000FD02C
:103E9000D020207066700820A070A878E0700622FC
:103EA0003946201DFCF7C4F821462878FCF72CF988
:103EB000E87801280DD108480068002803D0806800
:103EC000002800D080470648044A04210078FCF707
:103ED00009F9F8BDC271FF1F5072FF1F60EA0000B0
:103EE0004D72FF1F70B500240546002805D100293A
:103EF00003D006220B48FCF79BF80A4810380178DB
:103F0000012907D10124002D06D000210170284687
:103F100000F03CFA204670BD02210170FCF7C0F9A8
:103F2000F8E70000B4B0FF1F10B50024002813D03C
:103F300002780B49002A03D14288CA8202790A76A4
:103F40000A78022A08D102780124002A06D0002229
:103F50000A70007800F01AFA204610BD0322F7E735
:103F6000A4B0FF1F01494860704700004C72FF1F5A
:103F7000F0B50546817887B086A0FFF705FAA878E6
:103F8000002607278A4C0300FCF764F808053E1D4D
:103F900040406DB3E53E6878002869D185A0FFF701
:103FA000F3F983480622E91C3C30FCF741F8012074
:103FB0007F4BA071014642331F226079FDF7BAFBA7
:103FC000002855D1BDE06878002851D1E878002854
:103FD00007D07D4BA27800216079FDF7ABFB6870BC
:103FE0000FE0A07902280FD001216079FCF762F878
:103FF000002806D175A0FFF7C7F901216079FCF709
:1040000053F86878002833D107B0F0BD69780029EB
:104010002ED103280AD0A289002A11D020780028A6
:104020000FD001216079FCF733F80AE0A079052868
:1040300004D06CA0FFF7A8F9022012E0062010E0DF
:104040002670A079062802D0042802D008E00520B6
:1040500007E00120207001466079FCF725F870E048
:104060000320A0716DE06878002803D031283ED08D
:10407000A77166E04E480622291D3630FBF7D8FFAF
:104080006A89E281A9892182E88960820523A37176
:104090002B8A059046480693039204913630C178E6
:1040A000437902796F460EC7837842780178514888
:1040B000FFF76AF9A28A002A03D002216079FBF790
:1040C000E7FFA889E083E8892084288A6084E07873
:1040D00001280AD11F20FDF787F97D21C900484337
:1040E000024604216079FBF7D3FF267029E0267091
:1040F000B6E72F48062200213630FBF7B1FFE683F2
:104100002684668404216079FBF7C8FF0821607962
:10411000FBF7C4FFA879082808D00320A0712078F5
:10412000002805D06079FDF735F907E00420F5E7B0
:104130000120207001466079FBF7B6FF0020C043E4
:10414000E081606A002800D15EE701680029FBD0A9
:10415000A079884758E708216079FBF79FFF6878C6
:104160000028F7D1E888E083288920846889608462
:1041700004216079FBF79EFF0028EBD11EA0FFF71A
:1041800003F9A06A0028E5D00368628C218CE08BDB
:10419000984739E75359535F4556454E545F4D5341
:1041A00047206F70636F64653A20253032580A00EB
:1041B000106EFF1F557064617465204164766572EE
:1041C000746973696E670A003296FF1F4F70656EDF
:1041D000204164766572746973696E6720457665FF
:1041E0006E740A004164766572746973696E670A59
:1041F0000000000068AF021170476170526F6C657B
:10420000735F506172616D55706461746543420AF9
:104210000000000070B50446017825A0FFF7B4F84F
:1042200020782A4D912807D0A22827D0D02802D163
:104230002046FFF79DFE70BD60780E28FBD1A08858
:10424000234988420FD1A16803200856A97905297E
:10425000F1D17F28EFD0696A0029ECD049680029A4
:10426000E9D0884770BD1B498842FBD1A06883789C
:104270004278017818A0FFF787F870BD607913289D
:10428000FBD12089012802D12879022808D00520F5
:10429000FDF7AAF8024608216879FBF7F9FE70BD20
:1042A00008216879FBF7FAFEFDF71EF870BD0000E3
:1042B0000A5359535F4556454E545F4D5347204569
:1042C00076656E743A20253032580A00106EFF1F52
:1042D00005140000222000005B48434920444C455F
:1042E0005D25642025642025640A00007CB5154CFA
:1042F0000546E08BE18A88420AD3218B884207D8A1
:10430000208C618B884203D1608CA18B884217D0AE
:104310000520FDF769F80646E18A68460180218B91
:104320004180618B8180A18BC18062796946E0897F
:10433000FEF7D2F82571324608216079FBF7A8FE16
:104340007CBD0000106EFF1FF8B507460E460846FC
:1043500002F07EFB040018D02620FDF745F805008A
:1043600000D125780620FBF7F3FE04000DD00622CD
:104370000021FBF775FED020207067700E20A07022
:10438000A680E8B22146FBF7BFFEF8BD70B50F4D21
:1043900006462878FF2818D00E20FBF7D9FE040027
:1043A00013D0D020207066700020A070062208492B
:1043B000E01CFBF73DFE06481038C18A6181007E93
:1043C000207321462878FBF79FFE70BDBC71FF1F4C
:1043D000B4B0FF1FFFB581B01E4617460D460C2036
:1043E000FBF7B6FE040013D0284602F031FB00288C
:1043F00010D00078D0212170019961700721A1703F
:10440000A580E78026810A9961812146FBF77CFE21
:1044100005B0F0BD0048ECE7BC71FF1F70B50D4D55
:10442000044628680E46002812D00620FBF790FEAE
:10443000010009D0D02008704C70032088708E8055
:1044400028680078FBF760FE002C01D0FFF7B8F970
:1044500070BD00001C72FF1FFFB581B01F460E46E5
:10446000084602F0F5FA050022D01020FBF770FE96
:1044700004001DD010220021FBF7F2FD2620FCF7DE
:10448000B3FF002800D12878D021217001996170F4
:104490000F21A170A6800399217267720A99A172F7
:1044A0000B99E1720C99E160C0B22146FBF72CFE3A
:1044B00005B0F0BDF0B51F4D85B02868002837D095
:1044C0008778FDF70DF8002805D00A20FCF78CFF4F
:1044D00004900B200EE001F01FFE002805D00620FE
:1044E000FCF782FF0490072004E00820FCF77CFF23
:1044F00004900920FCF778FF04460F480078002854
:1045000014D001262968C878091DFFF7E1F8296849
:104510006D46CA7A8B7A091D0BC5039233463A461B
:1045200021460498FBF7C2FE05B0F0BD0026E9E77E
:104530000120F9E71C72FF1FBE71FF1F10B509496A
:10454000096800290CD0002805D101204870FBF72C
:10455000B7FD002802D00021FFF760FF012010BD49
:10456000002010BD1C72FF1FF8B50C4602F070FA57
:10457000020021D026201462FCF736FF05062D0E1E
:1045800000D115789679D01D00901020176AFBF79E
:10459000DFFD040010D0D0202070002060700920C2
:1045A000A070E6700622201D0099FBF741FD214610
:1045B0002846E760FBF7A8FDF8BD411E152903D981
:1045C000FF2801D0002070470120704770B50A4EC7
:1045D000054630780C46FF280DD00420FBF7B8FDC7
:1045E000010008D0D02008704C7002208870CD7077
:1045F0003078FBF789FD70BD3072FF1FF3B5284D91
:1046000081B0286800284AD04078264E012803D07F
:104610003078002831D041E001F07EFD224F0028A3
:1046200013D00120FCF7E0FE0446412808D91F4AB8
:1046300002213878FBF756FD1D483C3C44800EE0D3
:104640007D20C0002246424303E00020FCF7CCFE60
:104650000246002A03D002213878FBF719FD2968A9
:10466000022048703078002802D00020307015E019
:1046700002990198FFF7D2FE10E00320019CFBF79E
:1046800067FD010008D0D02008704C7004208870AD
:1046900028680078FBF738FDFFF792F80120FEBD8F
:1046A0001C72FF1FBF71FF1F4D72FF1F60EA0000E9
:1046B0003072FF1F074A00218B00D35A834202D178
:1046C000880080187047491CC9B20229F4D3002021
:1046D000704700006072FF1F10B50C46FFF7EAFF3D
:1046E00000280DD0002C00D020608078FE2803D058
:1046F000FF2803D0162010BD172010BD002010BDCC
:10470000022010BDFFB581B0FF201E4617460530C0
:104710000A9DFBF71DFD04001BD0B02020706770C0
:10472000029860802671002D06D02046FC22294682
:104730000830FBF77DFC05E02046FC220021083014
:10474000FBF78EFC21460198FBF7DEFC002005B04C
:10475000F0BD1320FBE700000548172202800988FE
:10476000172901D204207047018000207047000003
:10477000B871FF1F0020704708B50A4608884988AD
:1047800088420BD8002809D0002300931379521DCA
:10479000FDF7CEFA002803D0002008BD012008BD97
:1047A0000A2008BDF3B50D4608884988002687B061
:1047B000814215D3002813D0002769460F71009756
:1047C000002369881A46FDF7B3FA04004FD0684603
:1047D0000079002807D069464979012925D008E0E9
:1047E000012009B0F0BD217802291BD002216A46C0
:1047F00051711222504301AA618980184180684694
:1048000000791223584380181022001D6168FBF7BD
:104810000FFC68460079401C0106090E68460171CC
:104820001FD11AE001216A465171217802291ED157
:10483000820001A86189121851806A461279616864
:10484000920010180222001DFBF7F2FB6A46107955
:10485000401CC0B21071052803D261890A48814208
:1048600000D101266089401C80B2002EA7D0684686
:104870000079002805D001A90798FCF7DDF8002091
:10488000AFE70A20ADE70000FFFF000038B50C4697
:1048900008884988884215D8002813D02379621DDA
:1048A00002210B48FCF74DF800280DD000200090A5
:1048B000237961882088621DFDF73AFA002805D027
:1048C000002038BD012038BD102038BD0A2038BD79
:1048D000C8AE021108B50A460888498888420BD834
:1048E000002809D0002300931379521DFDF720FA08
:1048F000002803D0002008BD012008BD0A2008BD03
:10490000F8B500250F4606460C46E03717E068006C
:10491000205A0021FDF7E6F9002809D0017A304637
:10492000FDF77AFB002808D06900615A2180F8BDA4
:104930006800205A20800120F8BD6D1CEDB2B87DC2
:10494000A842E4D80020F8BD10B50446088800212C
:10495000FDF7C8F9002804D0017A2046FDF75CFB7A
:1049600010BD012010BD000030B585B00546694678
:10497000FCF7E0F8040026D168468078C1071E489D
:1049800009D08268002A04D06888694690470446A6
:1049900019E0062417E04268002A05D068886946B5
:1049A0009047040001D10EE00624684640780028B4
:1049B00009D16846817801730021C1810474688837
:1049C00003A9FBF7F9FFA868002801D0FBF7DEFB7D
:1049D000002C05D168468078122807D01B2803D008
:1049E00068880121FDF788FD05B030BD6846407834
:1049F0000128F5D1F8E700006872FF1F70B5054681
:104A00000C4608880021FDF76DF9002805D0017AD1
:104A100022462846FDF713FB70BD012070BD000043
:104A200001494860704700006872FF1F10B50446D6
:104A3000801C00F046FDFF20E07010BD10B500F0B6
:104A400025F8002800D0806810BD00229300CB5AC2
:104A5000834202D1900040187047521CD2B2022A01
:104A6000F4D3002070470000074A0021CB00D35A3E
:104A7000834202D1C80080187047491C0906090EFC
:104A8000F4D0002070470000846EFF1F064989683B
:104A900005E08A88824201D1886870470968002948
:104AA000F7D1002070470000746EFF1FF8B507466D
:104AB000012906D0022924D1012102F057F800284B
:104AC0001FD13846FFF7D0FF050015D000240D4E4A
:104AD0000CE0F8206968604308180188002908D0B4
:104AE000F8220021FBF7BCFA641CE4B2707884421F
:104AF000EFD30020C0432880024938461831FCF724
:104B00009BFEF8BD746EFF1FF3B5064683B00830F8
:104B10000190002000907088FFF7A6FF07002FD0BB
:104B2000002523E0F820796868430C1821880029C3
:104B300020D00198007801280FD160880090A388C8
:104B40007088A21DFDF780F80090002805D001991B
:104B500000200870049821880180F8220021204656
:104B6000FBF77EFA00206D1C2080EDB207484078EC
:104B70008542D7D30020C04338800098002802D156
:104B80007088FBF743FF009805B0F0BD746EFF1FFF
:104B9000F3B50546374C064685B00835F6220021A8
:104BA0002046FBF75DFA03A800902B7969882888D6
:104BB0006A1DFDF7BDF8074645E070882E4A4100A2
:104BC000515C2E4BC91FC9B2009300220291019281
:104BD000284B69468A89F63B3946FCF7D1FE002806
:104BE00012D126482989001F828891420CD121497F
:104BF0002846F6390A30FBF727FA002804D0217836
:104C0000788989000919488068468289698804ABD7
:104C10003846FDF7BFF807462078810009194A8811
:104C2000002A10D0002F05D06A46128A401C20703E
:104C30008A800AE002060021920DC9431219401C25
:104C40002070918006E0002F04D00D482178008864
:104C50008142B2D32078002806D070882146FBF725
:104C6000DDFE002007B0F0BD0698298801800A20EB
:104C7000F8E700006098FF1FB671FF1F786EFF1FF6
:104C8000B271FF1FF0B585B00446002069468881E7
:104C900020790E2869D00FDC082823D004DC0228F4
:104CA00013D0062818D118E025460835484F0A28A1
:104CB0001DD00C2810D138E010285BD012285ED00F
:104CC000162861D0182877D163E04348414900880D
:104CD00008806088FBF77AFE6EE003A92046FFF7A4
:104CE00057FF5AE003A9204600F076F955E02888DE
:104CF00004A9FCF7F7FF010015D06088354E42008B
:104D0000BA5C0023521ED2B20193029200966A4608
:104D1000B31C128AFCF734FE00281DD1608831468E
:104D2000FCF70CF848E0012016E0288804A9FCF7FD
:104D3000D9FF0100F7D060886B884200BA5C254E2D
:104D4000521ED2B20193029200966A46B31C128A96
:104D5000FCF716FE002803D029886A4691811CE0E2
:104D600060883146FBF7BAFF26E003A9204600F031
:104D7000D3F912E003A9204600F082F80DE003A960
:104D8000204600F039FA08E003A9204600F028F890
:104D900003E003A92046FFF7B7FE00280CD0617896
:104DA000142909D00B4922790A706A4692894A80EF
:104DB00008716088FBF700FE2046FCF77BFF074880
:104DC000C168002901D02046884705B0F0BD000029
:104DD000B671FF1F6098FF1FB071FF1F746EFF1F39
:104DE000F8B504460F460546083400896946FCF7C5
:104DF00079FF06003AD0307A80060ED568460088E2
:104E0000FFF71CFE030006D068881222314698473F
:104E1000060002D02BE00E2629E06E883046FFF710
:104E200023FE010005D11448FFF71EFE01000ED03D
:104E30000E80124A0020527807E0F8264B6846435D
:104E40009B5B002B05D0401CC0B29042F5D30926D5
:104E50000DE04968F822504308182146FBF7E8F8AE
:104E6000002668882146FBF72FFF02E001262088F4
:104E700038803046F8BD0000FFFF0000746EFF1F51
:104E8000F3B58BB000200B9E0746039004A800905A
:104E90003246337B718930894C4C0D320836FCF731
:104EA00047FF054678E00B98297A4088FDF7B4F86B
:104EB000070003D00C98698901806FE00B98444982
:104EC0004088444B4200895C0093891FC9B200228C
:104ED000029101923D4B69460A8AF63B2946FCF74E
:104EE0004FFD0700E6D10398002833D03948618888
:104EF000001F8088021D914253D1039909180B9815
:104F0000408842003248805A801F814249DC039920
:104F1000A87A6118087103986989401C80B2221828
:104F2000090A401C117180B203906846028A718898
:104F300007AB2846FCF72EFF050011D00398694601
:104F4000898B2018017103986946401C898B80B2B7
:104F5000090A0CE01F48001F8088001D6080D6E70A
:104F60000398FF21201801710398401C80B2221879
:104F70001171401C80B217490390091F8A88134998
:104F80002018F639001DFBF753F812490398091F42
:104F90008988401880B20390002D84D1039800289E
:104FA0000CD061880398FBF74BF920700B982146D1
:104FB0004088FBF79DFE00200DB0F0BD002F00D112
:104FC0000A270C98318801803846F5E76098FF1F62
:104FD000B671FF1F786EFF1FF3B50746044608370A
:104FE0008BB049480490388800252E4605906AE029
:104FF00007A800903B7979887A1D0598FCF798FE00
:105000000890002852D0408905900898017A60885D
:10501000FDF702F806005DD160883C494200895CDA
:105020003B4B091FC9B20093002202910192364BFB
:1050300069468A8BF63B0899FCF7A2FC060049D129
:10504000002D36D0049841883148001F8088801C8C
:10505000814241D12E4B1B1F98882918608842003D
:105060002A48805A001F814220DC0898817A0498DF
:105070004019017108996D1C4989E8B20A0A04991E
:1050800009180A71401CC5B2194604988A881E493D
:105090004019F639001DFAF7CBFF1D481D49001FC6
:1050A00000792818C5B20598884209D1002D13D17E
:1050B00023E017480499001F8088801C4880C9E7B6
:1050C000401C80B20590608841001048405A001F83
:1050D000A8428DDA002D0ED0049841882846FBF7AF
:1050E000AFF801460498017060880499FBF70EFE42
:1050F00000200DB0F0BD002E00D10A260C990598B5
:1051000008803046F5E700006098FF1FB671FF1F6A
:10511000786EFF1FFFFF0000F3B50646044600202F
:1051200085B0324D00900836288007463046E03082
:10513000049048E07800305A03A9FCF7D3FD010041
:105140001AD060882B4B844642002948805C00932B
:10515000401EC0B2002202900192244B6846828910
:10516000F63B6046FCF70CFC0090002807D0780066
:10517000315A0698018035E001200090F7E71D497B
:105180002888091F8988421861884B001849C95A24
:105190004B1E9A4204DD081A1649091F401E8880DA
:1051A0002988A81C08181349091F8A880F49F6394D
:1051B000FAF73EFF0F482988001F808808182880CA
:1051C0007F1C0498FFB2807DB84207D96088298887
:1051D00042000748805A401E8142ABDB6088294666
:1051E000FBF7A2FD009807B0F0BD00006098FF1F1C
:1051F000B671FF1F786EFF1FF3B5054683B00446F6
:105200000835008901A9FCF76DFD2746E8370646F9
:10521000002822D0307A80060ED568468088FFF7B5
:105220000DFC030006D06088122231469847060024
:1052300002D013E00E2611E0002000906B88298830
:1052400060882A1DFCF700FD060007D1787E002843
:1052500007D16088FBF79EFD03E0012604982988AA
:105260000180787E002802D0002005B0F0BD3046D5
:10527000FBE70000F8B504460246F820424319480F
:1052800000250746457010377868002807D00020B1
:10529000C100C919401C00064D60000EF8D0124E26
:1052A00000213046FAF7DCFE002001466143C9B216
:1052B000F82251438B190B49C200103152180021BA
:1052C000536005E0F8274F435368491CDD53C9B2CA
:1052D000A142F7D3401C0006000EE6D001484470FE
:1052E0000020F8BD746EFF1F7296FF1F7CB50C780E
:1052F000069D022C0FD14C6826786478240234195C
:10530000064EA4B2F44206D10224DBB20095019409
:10531000FCF7AAFA7CBD01207CBD0000FED6FFFF91
:10532000F8B505461D48854223D0461C002921D0EA
:1053300001292BD002291CD10121284601F016FC9D
:10534000002816D12846FFF7B5F9040011D0A0783F
:10535000FF280ED0FE2807D000200090E0781E2302
:1053600014222946FFF7CEF92046FFF75FFBFF2006
:10537000A070F8BD2846FFF79DF90028F9D1304606
:10538000FFF798F90028F4D00580F8BD2846FFF70C
:1053900091F90400F9D02680D9E70000FEFF000053
:1053A00038B5040010D0A078FF280DD0FE280BD00F
:1053B000002000902188E0781E231722FFF7A2F931
:1053C000FE20A070FF20E07038BD0000F3B50C4651
:1053D0008978C1B01E2914D02E4D2878FF2829D0F5
:1053E000182927D84808C2002B481218803A976F0E
:1053F000002F1FD0D06F00281CD02078002817D194
:1054000013E04198FFF756F905000BD000200090FB
:10541000A378E87800224199FFF774F906462846F8
:10542000FFF704FB304643B0F0BD6278012A03D198
:10543000122901D00620F6E702AE0096A388617813
:10544000A268B8470028EED1A0784008C1001248F1
:1054500008188038C26F02A94198904700280FD0E1
:1054600061780029DFD1A27869460A700871684620
:105470000189418069464198FBF79EFA0020D2E7F6
:10548000A378042BCFD00096002228784199FFF70B
:1054900039F9C8E75872FF1F64AE021100B5034620
:1054A000FCF7AAFD002803D0C018401E80B200BD42
:1054B000184600BD10B57D24E4006243FAF7FCFEF7
:1054C00010BD10B5040008D02078FF2805D0FE28B4
:1054D00003D0FAF7F7FEFF20207010BDF7B506469F
:1054E0000F461020FAF7F8FD05461020FAF7F4FDF4
:1054F0000446002D3AD0002C2DD010220021FAF7BE
:10550000AFFD2A462146304603F05EF9060023D15E
:105510002878000604D43946284601F038FA08E015
:105520002146284601F033FA3A461149204604F054
:1055300077FE3878000604D43846029901F027FA3D
:105540000AE02146384601F022FA09492046029A2B
:1055500004F066FE00E013262846FAF7CFFD002C83
:1055600002D02046FAF7CAFD3046FEBD1326F6E704
:10557000EEAE0211F0B5154D91B00C460601A859DA
:10558000694604F0A5FB751904A9686804F0A0FB3E
:1055900008A9A86804F09CFB0CA9E86804F098FB33
:1055A00000206B4604AD08AF820001019E58665092
:1055B0000919AE584E60BE588E600CAEB258401CF1
:1055C000CA600428F0DB11B0F0BD0000B8A9FF1FCD
:1055D000F02108400011704710B50446FFF7F8FFAE
:1055E000034A800121078018890E405810BD000031
:1055F00074A50211FEB51E4B6028DC7C1D7D019553
:105600005F7D9D7D00950AD062280CD01D462E7DC1
:10561000ED7CAD1964280CD0662810D016E000206F
:105620000860D87C11E00F20000260430860187DFC
:105630000BE00F20000245430D60587D05E0E8199E
:105640000F252D0268430860987D1080214609A02F
:10565000FDF79AFE0AA00199FDF796FE39460BA0C8
:10566000FDF792FE0CA00099FDF78EFEFEBD000036
:10567000039AFF1F4B3A202530386C580D0A000062
:10568000433A202530386C580D0A00004D3A202549
:1056900030386C580D0A0000593A202530386C58C3
:1056A0000D0A000070B50D46064628431CD0172190
:1056B000104802F0ADFC10A0FDF766FE0D4C0A216B
:1056C000601C01F099FB002E08D00A22611C3046B4
:1056D000FAF7AEFC0A21601C01F08EFB002D01D010
:1056E00020782870002070BD09A0FDF74DFE022033
:1056F00070BD0000039AFF1F5265616420466C6113
:1057000073682056657273696F6E3A20000000005E
:105710006765745F66696C655F696E666F20657248
:10572000720A000010B50348017A034802F0F6FB44
:1057300010BD00002470FF1F2C9AFF1FF8B50698BB
:1057400000271D4614460E46002801D00B20F8BD48
:1057500030780021022801D019804DE0706802786D
:10576000407800021018152280B25202801A0300FD
:10577000FAF770FC0504121F1A254100F068FAF7C9
:10578000E1FCC2B20798824200D902462A80F16841
:105790002046FAF74DFC30E0F068022100882980AD
:1057A0002070000A607028E0062028800246F16818
:1057B000EEE701202880F068007820701DE0F06896
:1057C000002816D008212980017821700188090A53
:1057D00061708178A1704188090AE17001792171B5
:1057E0008188090A61718179A171C088000AE0711C
:1057F00003E0298001E0298001273846F8BD10B573
:105800000B78840702D50224234301E0FD242340C2
:105810000B7003070B7802D50824234301E0F7241B
:1058200023400B7083060B7802D52024234301E02C
:10583000DF2423400B700A21084201D1810603D5E1
:1058400010780C21084304E0002803D11078F321DC
:105850000840107010BD0000FFB581B0087800242A
:105860000A9E1F460D4602280FD1686801784078CD
:1058700000020818152180B24902401A09D00128F7
:1058800029D0022848D003283CD00124204605B066
:10589000F0BDE868FAF756FCC0B2864205D8F019A8
:1058A0000090112803D90D24F0E70724EEE7E868FB
:1058B0003A4680190399FAF7BBFB0098EA6880B270
:1058C000002111541C4840680028DFD001680029DD
:1058D000DCD0002012E0002E12D1022BE3D103997C
:1058E000E8680A784978090251180180124840682E
:1058F0000028CBD001680029C8D001208847C5E71F
:105900000B24C3E7002EFBD1062BCCD10622E8687E
:105910000399FAF78DFBB9E7002EF1D1012BC2D123
:1059200003980078002803D0012801D08024ADE737
:10593000E9680870AAE700008C6DFF1F10B50448E5
:10594000C16B034A40321068D06000F03DFA10BDD0
:105950000080004030B5C21F0A2A01D3062030BDA6
:105960000124074D9440002905D0002100F0C0F823
:105970002868204301E02868A0432860002030BD4B
:1059800000380040054B01228240D868002901D030
:10599000104300E09043D86070470000003800409A
:1059A00070B5FF2814D08207D30E8408094A5E1D03
:1059B000A400A518AC69F21A0126521C9640761E66
:1059C0009E40B44399400C43AC610121FFF7DAFFDC
:1059D00070BD00000038004010B5114C2078002840
:1059E00001D0072010BDFF212D310D48FAF770FCC2
:1059F000012020700B490020086348630A490862AF
:105A0000486202211020FDF751FA1020FDF742FAFA
:105A1000064A07490D20FAF761FC002010BD00007E
:105A2000F893FF1F0080004080F00040415C0211AD
:105A3000B55B021110B5172801D3052010BD0C4B22
:105A40009C6B01228240104620439863586B904320
:105A50005863DC6B012907D020469043D863186B4C
:105A600002431A63002010BD10462043F6E70000F1
:105A700000800040054B0122801E824058690029A9
:105A800001D0104300E09043586170470038004057
:105A900070B5044614480E460519002902D16878ED
:105AA000012808D000212046FFF76CFF022C04D00B
:105AB000032C02D005E0072070BD01212046FFF72E
:105AC000D9FF00212046FFF745FF08490120A040EB
:105AD0004A68012E05D082434A6002206870002087
:105AE00070BD02434A60FAE7F893FF1F0080004050
:105AF00070B5420083180D4A9C18A5786478D65C6E
:105B0000641B0122641CA240521EAA40084BA940FB
:105B1000132806D2B000C018836893430B438360F8
:105B200070BD586990430843586170BD4DA2021181
:105B300000F0004007494A68012383401A4201D01F
:105B4000096802E0034940310969C140C807C00F34
:105B5000704700000080004070B5154C45002E19BC
:105B600076780123114AB34000290ED0142809D0B9
:105B7000152807D0162805D0605780008018816846
:105B800019430DE0506918430EE014280AD0152877
:105B900008D0162806D06057800080188168994385
:105BA000816070BD50699843506170BD00F0004045
:105BB00092A2021170B5104D00242E1970780128A0
:105BC00003D1E0B20121FFF7C7FF707802280ED1A0
:105BD000E0B2FFF7AFFF01214140E0B200F074F8FE
:105BE000E0B2FFF7A7FF0C21614349194876641C16
:105BF000172CE2DB70BD0000F893FF1F10B50F4CAF
:105C00000D4A0123245C142809D2106A002902D00D
:105C1000A340184301E0A3409843106210BD506AAE
:105C2000002903D0203CA340184302E0203CA340BD
:105C30009843506210BD000080F0004036A202116F
:105C400070B502211020FDF731F91020FDF722F97F
:105C500000241C4D07E0022C01D0032C03D1E0B23C
:105C60000121FFF707FF2819407801280BD1E0B286
:105C7000FFF760FFE2B20146104600F061F8E0B2C3
:105C80000021FFF769FF0C2060434019007E0028C7
:105C900014D0E0B200F066F8E6B23046FFF74AFFF3
:105CA000002801D0012100E000210C22724352198A
:105CB000527E824202D0304600F0BAF8641C172CA3
:105CC000C9DB70BDF893FF1FF8B542008318184A6E
:105CD000D55C9A189278521ED4B2164A121852788D
:105CE000022A21D1144EB76B0122134683401F4371
:105CF000B763124B13280ED2002906D0A900C91889
:105D00008B68A24093438B600BE0A900C9188B6895
:105D1000A2401343F7E70029596906D0A2409143F6
:105D200059610121FFF76AFFF8BDA2401143F7E76F
:105D30004DA20211F893FF1F0080004000F00040C8
:105D4000012200B5064B82400029196801D0114399
:105D500000E0914319600121FFF79AFE00BD0000A9
:105D60000080004070B50446164821460C2251437D
:105D70000D186A680026002A02D1AA68002A1CD0E1
:105D8000104B0222183B1B195A7001224254002169
:105D90002046FFF77DFE6868002808D0A868002824
:105DA0000DD02046FFF7C6FE002808D00026314659
:105DB0002046FFF73FFE002070BD122070BD012677
:105DC000F5E700001094FF1FF3B5184E002481B0D2
:105DD000074601252846A040384223D002990840B2
:105DE00000D001200090E0B2009900F021F80C20D2
:105DF000604380194168806800290ED0002807D0D0
:105E00000098002802D00021E0B203E00121FBE766
:105E1000E0B20121FFF70EFE04E0002802D0E0B25C
:105E20000021F7E7641C172CD4DBFEBD1094FF1F84
:105E3000074A0C2343439B185A68002A01D00129C2
:105E400004D09A68002A02D0002900D11047704778
:105E50001094FF1F70B505460D4885420CD00D4CBF
:105E600001290AD0022905D10121284600F07EFE31
:105E7000002802D00020207070BD06492846083155
:105E8000FBF7DAFC20780028F6D0FAF72DFA70BD7F
:105E9000FEFF0000D86EFF1FF0B5304B0446012016
:105EA0009D448002810002AD01902846FAF710FA65
:105EB000A007010D2A48A7020818009029483E189B
:105EC00029480078002831D0002C02D10098FAF738
:105ED000D5F925480F30FAF7BFF9B0422AD9A00703
:105EE00014D1002C12D001242403301B0646FAF7EB
:105EF000C5F9224629460098FAF7FCF922462946B8
:105F00003046FAF7FDF90098FAF7B8F9294638460D
:105F1000019A02F055F8154A28460199FDF74CFA06
:105F20002946019A0098FAF7EBF901200B4B5B42E6
:105F30009D44F0BD340B24032046FAF79FF9012657
:105F40003603324629460648FAF7D4F9324629463E
:105F50002046FAF7D5F90020E8E70000F4EFFFFF4C
:105F600000F0031100400211039AFF1F1070FF1F81
:105F7000F7B5A0B00024209802F0F0FA2099032889
:105F80001FD012A0FDF700FA15480021024680320A
:105F90006D4613790BE04E003618B688209FBE423E
:105FA00003D06700641CEE53E4B2491CC9B28B42B3
:105FB000F1D8147122462946001DFAF739F823B0AA
:105FC000F0BD08A0FDF7E0F9F9E700005772697429
:105FD0006520256420537563636573730A20000090
:105FE0006499FF1F577269746520256420455252D9
:105FF0000A200000F8B5164E054670883446281A67
:1060000003B28034012B16DB09E027795B1E1BB23B
:106010007F00E81ABF19B8802079401C2071012B3D
:10602000F3DC284602F09AFA0328294604D00948EE
:10603000FDF7AAF97580F8BD06481830FDF7A4F9F8
:1060400020794000801985802079401C2071F8BD9E
:106050006499FF1FCC5F021110B50A4C60690028DB
:1060600001D0FAF74BF82069002801D0FAF746F87A
:10607000A069002801D0FAF741F800202061606192
:10608000A06110BD2470FF1F70B5134CFF2520695F
:106090000135002803D12846FAF71EF8206160690F
:1060A000002803D12846FAF717F860612069002814
:1060B0000DD0616900290AD02A460021F9F7D0FFE6
:1060C0002A4600216069F9F7CBFF0C2070BD03A0C0
:1060D000FDF75AF90D2070BD2470FF1F68656170CF
:1060E0005F646174615F696E6974206572722121F9
:1060F000210A000010B501210D20FFF7C9FC012184
:106100000E20FFF7C5FC01210D20FFF7F1FC012156
:106110000E20FFF7EDFC10BD08B509488368002B81
:106120000CD01A78694601205B1CFDF724FB00287F
:1061300004D00078C00701D0012008BD002008BDB0
:106140003072FF1F10B503460B4A00200A2141435D
:1061500089184988002905D0401CC0B20328F5D30E
:10616000002010BD0A210024414354540446403409
:1061700088184480037210BDD0B0FF1F0A780270E7
:106180000A88120A42708A7882704A88120AC2709B
:106190000A7902718A88120A42718A798271C988E1
:1061A000090AC17108207047F8B505460C464868D1
:1061B0000421F9F7F7FF217A017021890346401C79
:1061C000090A0170217841702188090A8170207ABA
:1061D000001DC2B2FB2A36D81C48854215D1144690
:1061E0001E460C20F9F7B4FF01000CD09020087077
:1061F000022008714D808E601548CC800078F9F738
:1062000083FF00271DE013271BE05C201149684332
:10621000441826464036307E002806D008465C30BA
:10622000416A0727491C41620BE02146284600F0DD
:1062300095F90746307E002803D121462846FAF713
:1062400065F83846F8BD0220F8BD0000FEFF0000EA
:106250007572FF1F5CB1FF1F10B50A4A00210A23A7
:106260004B439B185C88002C06D01B79834203D1DA
:106270000A204143881810BD491CC9B20329EED336
:10628000002010BDD0B0FF1F002141800170704779
:1062900070477CB504000FD0608800280CD0002522
:1062A000009501951323E188207A172200F028F841
:1062B000FF206072658025707CBDF8B507461546E5
:1062C0000E461020F9F744FF040017D0A0202070DC
:1062D000002060706680002D05D00C222946201D0C
:1062E000F9F7A6FE04E00C220021201DF9F7B8FE04
:1062F00021463846F9F708FF0020F8BD0120F8BD17
:10630000FFB581B01E46174614200B9DF9F720FFFC
:1063100004001AD0A22020706770029860800A984A
:1063200020716671002D06D020460C2229460830C7
:10633000F9F77EFE05E020460C2200210830F9F72F
:106340008FFE21460198F9F7DFFE05B0F0BD022A65
:106350001CD34B780A781B02D21892B20280012A11
:1063600002D0022A06D00FE08A78C97809025118B3
:10637000418009E0CB788A781B02D21842800A79E2
:106380004979090251188180002070470120704727
:10639000F8B506464D88002070600A790C46022A3E
:1063A00012D0290160480091415A002906D0009B73
:1063B0001F18BB68002B01D0012A7DD05A486C30D1
:1063C0004169491C4161A9E0E288042A43D3A068DD
:1063D000437801781B02C91889B20091C37881788B
:1063E0001B02C9188FB2017AC079000208184F4900
:1063F00048800099091D8A4220D1072F13D0052F0C
:1064000011D0042F02D0062F25D10CE046482901D7
:10641000405A002807D02846FCF7D2F842486C3092
:106420000169491C01610098308137800321C9430B
:10643000A068F9F7B7FE70600020F8BD072F18D0EC
:10644000052F16D0042F07D0062F12D036486C30F7
:10645000C168491CC16064E033482901405A0028E2
:1064600007D02846FCF7ACF82F486C300169491C6E
:1064700001612D492D01002048536E180098B0810C
:10648000B7800098FCF700F9B060002818D003210D
:10649000C943A068F9F786FEE2880146224F121F21
:1064A000B068F9F7C5FD785BE1884018001F7853A4
:1064B00038466C30016800E008E0491C016030E0BB
:1064C00019486C308169491C81612AE0E288891889
:1064D000009A89B28152BA8991421AD80546B868A1
:1064E000E2884018801AA168F9F7A2FD0098295A9D
:1064F000B889814215D13081B8883080B868706021
:1065000000990020685208486C304168491C41607D
:1065100007E005486C308168491C81602846FCF71B
:106520004FF80120F8BD00004CB1FF1F8E72FF1F15
:10653000022A01D0012070470A78497809025118CF
:106540000180002070470A7802704A7842708A7889
:10655000C97809025118418070470000FFB50C4608
:1065600007463D49A1208000096878434018FF3064
:10657000C130067E89B015463846FAF771FA001D1B
:10658000B04204D23846FAF76BFA001DC6B2B542E3
:1065900007D82A46002138460C9BF9F7BDFE0DB0FE
:1065A000F0BD31462846F9F74BFE27464037387490
:1065B0000C99616501467143691AC9B202910C993F
:1065C00004910299002901D0401C3874002523E071
:1065D0000299002904D0401EA84201D1084600E0DB
:1065E0003046E900059103916054FBF781FF039960
:1065F0000919486000281BD00599625C0499F9F7D5
:1066000017FD0598215C0498081804901348C16987
:10661000491C6D1CEDB2C161387CA842D8D8606DB0
:10662000002803D0F9F7B2FD002060650020B6E72E
:10663000002038740646606506E0F00000194068E6
:10664000F9F7A4FD761CF6B2AE42F6D30348C16A50
:10665000491CC1621320A2E73409FF1FB8B1FF1F14
:10666000F7B586B016460D464878FFF7F5FD0400ED
:1066700010D0002727712878012802D0132809D1CB
:1066800005E06A88314602A8FFF761FE0AE020783B
:10669000032802D0002009B0F0BD6A88314602A864
:1066A000FFF746FF0646204600F046F902A8019093
:1066B00000972B78207A32460699FFF721FE204674
:1066C000FFF7E2FD3046E6E7FEB5044646880146A0
:1066D0006846FFF75DFE0546019800282FD0684602
:1066E0000088052806D0042809D0062807D00728E6
:1066F00005D026E06946304600F030F821E0810000
:106700001548081801464039098E002919D020384B
:10671000807C6A463146FFF7D0FD002811D16846DB
:106720000088042803D001213046FBF7E5FE012D47
:1067300004D1A068002801D0F9F728FDFEBD012D85
:1067400004D1A068002801D0F9F720FD01213046CE
:10675000FBF7D2FEFEBD0000C0B0FF1F30B50546FE
:10676000088987B00C46042817D302A86168FFF790
:10677000EAFE68464089172837D82189001D8142E2
:106780001ED16846007AC10709D0626802A928466E
:10679000121DFFF765FF002812D107B030BD6168F8
:1067A000091D122805D0002069460880497A6A46EA
:1067B00022E06846428903A8FBF7CEFE002803D0FA
:1067C0002846FFF765FDE8E70D4881880029E4D0F9
:1067D0006946497A03AA0192009169460B7A807949
:1067E00000222946FFF78CFDD7E70121684601808A
:1067F00017214180417A6A462846FBF761FECCE7C3
:10680000C0B0FF1F70B5144C00262680A681A6805C
:10681000A0683546002802D0F9F7B8FCA5600E4CF8
:10682000103420464030057445740576606D0028AC
:1068300002D0F9F7ABFC65655C20002546433419AE
:10684000E80020184068002801D0F9F79FFC6D1C73
:106850000A2DF5DB70BD00004CB1FF1FFFB589B0FC
:1068600015460E461720129FFBF70EFF040021D09D
:10687000684606704570002F03D0201D0C99B8475C
:1068800000E0002069464880267065704888A07046
:10689000010AE170052269468A82001D06948883F8
:1068A00005A90998FFF780FC050004D02046F9F7F8
:1068B0006DFC00E0132528460DB0F0BDFFB581B09A
:1068C0001E46054601210A9F0B9C00F04FF9002847
:1068D00011D02046FFF736FC00280AD0C5800446B8
:1068E000077012484178491C0A06120E427004D003
:1068F00005E015250FE014250DE0012242702271FC
:1069000000962846039B0299FFF7A8FF050005D0D3
:106910002046FFF7B9FC284605B0F0BD23462146C6
:10692000034A09330348F9F7C7FCF4E78E72FF1FE7
:10693000307500009362021110B50446407AF9F7F1
:10694000C1FCFF20607210BD3FB500236A469C0069
:1069500005595B1C1551042BF9DB8B0715D0CB17A0
:106960009B0F5B189B089B00C91A00238C009D009D
:1069700014594451491CCC17A40F6418A408A4004E
:10698000091B5B1C042BF1DB3FBD0021EDE710B5BB
:1069900000240F22835C5B0023438B54835C521ED4
:1069A000DC0952B2002AF5DA10BD0000FFB581B053
:1069B0001E4617460D46084600F04AF8002802D049
:1069C000112005B0F0BD0E4800F042F8040015D0CB
:1069D0000A98A0710622E01D0B99F9F729FB658042
:1069E0002771667101982070002060620C98E08128
:1069F0000021284601F03AFD0020E2E71520E0E7FB
:106A0000FFFF000070B514460D46064600F020F862
:106A100000280BD0416A007900290CD0C20611D59C
:106A200080070AD4002C08D0052070BD0748864294
:106A30000AD0142070BDC006F6D5887EA84203D2C5
:106A40000C2070BD0F2070BD002070BDFEFF000047
:106A5000084A002128234B439B185B88834203D1BB
:106A60002820414388187047491C0906090EF1D0B7
:106A700000207047F0B0FF1F30B50B4C0B4B0021CE
:106A800028224A43D5186D88A54206D09A5C8242D6
:106A900003D128204143C81830BD491C0906090EFE
:106AA000EED0002030BD0000FFFF0000F0B0FF1F5F
:106AB00010B500200B4C0C4B014628224243D21843
:106AC0005480401C117100065162000EF5D0064A38
:106AD000002028328300401CC0B2D1500528F9D3D1
:106AE00010BD0000FFFF0000F0B0FF1F0020074AAC
:106AF000014628234B439B181B79002B01D0401CD7
:106B0000C0B2491C0906090EF3D07047F0B0FF1F50
:106B1000074A00218B00D358002B05D0491CC9B26D
:106B20000529F7D313207047890050500020704783
:106B300018B1FF1F10B5FFF78BFF040013D060885A
:106B4000012101F093FC606A002801D0F9F7D6FA20
:106B5000282200212046F9F783FA0020C0436080F4
:106B60000020207110BD022010BD000010B50C46A1
:106B70000649884206D0FFF76BFF002804D0007951
:106B8000204201D0012010BD002010BDFEFF0000FA
:106B9000F7B5064686B0002004900390079810E1F0
:106BA00025290AD00499002901D0039802E0049015
:106BB00000200390401C039000E10398002805D0BA
:106BC00081B20498B047002004900390002504226D
:106BD000082310210798401C079000782B2819D013
:106BE00004DC202818D0232804D117E02D280FD04A
:106BF000302815D0079A00271078FF430346303B12
:106C00003C46092B0FD807A801F0A4FD044615E067
:106C10000D43DFE71543DDE71D43DBE7202000E000
:106C200001200543D6E72A2808D1521C089807926C
:106C300010C80890002C01DA64420D4307993846C9
:106C40000A782E2A14D1491C079108780246303A56
:106C5000092A03D807A801F07DFD06E02A2806D1FD
:106C6000491C0791089901C90891002800DA002001
:106C7000079A39461778682F03D06C2F01D04C2F14
:106C800002D1521C39460792079B0A221B786E2BB1
:106C90002CD00CDC632B2AD004DC412B26D0582BC3
:106CA00011D19BE0642B01D0692B0CD19AE0732B9E
:106CB0003DD004DC6F2B77D0702B04D164E0752BB2
:106CC00073D0782B6FD0252B09D025206946087208
:106CD000012102A8B04707980178002975D00798CC
:106CE000694600780872012102A8B04766E0E8060C
:106CF00009D42025641E002C05DD6846057201219B
:106D000002A8B047F6E708986A4601781172001D9C
:106D10000890012102A8B047202504E068460572CA
:106D2000012102A8B047641E002CF7DC46E0089A57
:106D300002CA08920091002901D12DA100910A46B2
:106D400000E0491C0B78002B01D0401EF9D28F1AAD
:106D5000E8060AD420252046641EB84205DD6846B0
:106D60000572012102A8B047F5E7B9B20098B04713
:106D7000202504E068460572012102A8B04720469C
:106D8000641EB842F6DC19E0611C02D1082401211E
:106D90000D4300900898019502C8234610220890E0
:106DA00009E001E001E01BE00822089B02CB089308
:106DB000019500902346304600F036F80798401CB5
:106DC00007900178002901D0EAE60EE00398002838
:106DD00002D081B20498B04709B0F0BD40221543FB
:106DE0001022E2E702231D43DFE7401E0790E5E79C
:106DF0003C4E554C4C3E000070B50D4606460024F6
:106E000005E0315D05A0FCF7BFFA641CA4B2AC42FA
:106E1000F7D304A0FCF7B8FA70BD00002530325853
:106E2000200000000A000000FFB50746574897B051
:106E3000219D006815901E460A46680602D55348F3
:106E400040681590E80601D56D086D001998801E00
:106E5000232870D2E80701D0302100E0202110A8BB
:106E6000017300210172A80710D5002A04DA2D2031
:106E700010A90872524208E0680701D52B2002E0F1
:106E8000280703D5202010A908725E1EA80608D581
:106E90001998102802D0082802D002E0B61E00E09F
:106EA000761E0024002A14D010461999F9F7C8F963
:106EB000159A525C01A90A55641C0200F4D120986D
:106EC000844200DD20942098361A112005420BD010
:106ED0000EE03020694608710124F0E72020694661
:106EE000087001216846B8473046761E0028F5DC58
:106EF00010A8007A002802D0012112A8B847A806DD
:106F000016D51998082802D0102802D010E0302099
:106F100009E030206946087001216846B8471B48DF
:106F20000068203040786946087001216846B847FB
:106F3000E80604D507E027E0012113A8B84730464A
:106F4000761E0028F8DC30252099481E2090A142AA
:106F50000BDD684605700121B847F5E7285D6946F5
:106F6000087001216846B84700E001AD2046641E64
:106F70000028F3DC20243046761E002804DD684615
:106F800004700121B847F6E71BB0F0BD846DFF1F08
:106F900003480021417081700121C17070470000D9
:106FA0002470FF1F70B50C46022505A0FCF7ECF914
:106FB000207AC00601D5082070BD284670BD0000AB
:106FC000526561644174747243420A00FEB50C4616
:106FD0001646097A0025089A1F46890601D5082019
:106FE000FEBD2178022912D017A0FCF7CDF9174970
:106FF0006089498D884204D014494031498F8842C4
:1070000003D1F9B2304600F007FE2846FEBD6168A4
:107010000B784978090259180D4B89B29942F4D17D
:10702000012100920191FBB232462146FAF71CFC85
:107030000500EAD1717830780902401881B205A0C4
:10704000FCF7A2F9E1E700000A000000E86EFF1F6C
:107050000229000043434344207365743A205B25B2
:10706000645D0A0070B505460A48FFF751FD0A49FC
:107070000A48FAF7E1FB0848094A08210830FAF7FC
:1070800099FD04000748456002D007A0FCF77CF991
:10709000204670BD555E0211E06EFF1FFFFF00002D
:1070A00048A30211D86EFF1F416464204F54412051
:1070B00073657276696365206661696C6564210A2F
:1070C0000000000070B50E4D04460A224021687988
:1070D000F8F7DEFF0320032C04D0022C06D0002C8E
:1070E00006D00AE032222870042103E0287004E070
:1070F0005A2208216879F8F7CBFF002070BD000004
:10710000746FFF1F70B588B00546364C0300F8F762
:10711000A1FF066104406161596133A0FCF734F9B5
:107120000020009001900290694603900874C120ED
:1071300005A98000F9F74AFE3148FCF771F80146CD
:107140000E226846F8F774FF26486E46052227305F
:10715000B11DF8F76DFF23480522B11D5F30F8F728
:1071600067FF204A61201C321C21C000F9F796FFFE
:107170001C4A112156320020FAF7ECFF04AA012123
:107180002048F9F78BFF0121C9026079F8F78CFFDD
:1071900020E01DA0FCF7F8F8FCF772F8032020703F
:1071A000C82202216079F8F79DFF40216079F8F745
:1071B00075FF08216079F8F771FF04216079F8F70D
:1071C0006DFF07E000216079F9F7ACF805486830F9
:1071D00000F026FBA570294612A0FCF7D5F808B0F0
:1071E00070BD0000746FFF1F53544152542047413B
:1071F00050524F4C455F5354415254454400000097
:1072000000C001110503000053544152542047416E
:1072100050524F4C455F4144564552544953494E94
:10722000470000005B47415020524F4C45202564E9
:107230005D0A0000704700003EB50E4C61680029F1
:1072400016D00D490122087000206D46A26107C5C5
:1072500003462622014600F019F9050008D06068AF
:107260000522C3692946042098472846F8F746FFB7
:107270003EBD00006470FF1F68AAFF1F3EB5144C9E
:107280006368002B22D003010807000F0343114855
:10729000110A037042708170110CC170110E0171DE
:1072A0000146052200206D46A26107C5034624223F
:1072B000014600F0EBF8050008D060680922C369B8
:1072C0002946042098472846F8F718FF3EBD0000DD
:1072D0006470FF1F68AAFF1F3EB5154C6168002946
:1072E00024D00021E1610F2A00D90F22114B226224
:1072F0006162187059709970D97019715A710620AD
:10730000A0611A460192009102900023207D232261
:10731000194600F0BBF8050008D060680A22C3696E
:107320002946042098472846F8F7E8FE3EBD0000AD
:107330006470FF1F68AAFF1F3EB5134C61680029E7
:1073400020D0214602220969002801D0914300E0A3
:10735000114321610D490122087000206B46A26192
:1073600007C30023207D1322194600F08FF8050083
:1073700008D060680522C36929460420984728463A
:10738000F8F7BCFE3EBD00006470FF1F68AAFF1F37
:107390003EB5114C616800291CD0104901220870CB
:1073A000002048708870CA7008710522A2616B467F
:1073B00007C30023207D2122194600F067F805004D
:1073C00008D060680922C3692946042098472846E6
:1073D000F8F794FE3EBD00006470FF1F68AAFF1F0F
:1073E00030B50A4C0EE00B781B0258400023491CB4
:1073F000050402D54000604000E040005B1C80B204
:10740000082BF5DB521EEED230BD0000211000002B
:10741000F0B5002801D0042901D2012130E0027822
:10742000184B12075C690121120FFF2C00D15A6121
:107430000F2A25D80121427800241D78124E03E03E
:10744000375D97420ED0641CAC42F9DBDD68002446
:107450005B7803E02E5D964204D0641C9C42F9DB0D
:1074600000290DD1012100280AD0807802090007E7
:10747000000F0F2A04D80F2802D8824200D300211F
:107480000846F0BD6470FF1F1CAE0211FFB581B04D
:107490000C9D1E46281D174680B2F8F71DFE0400FD
:1074A0001BD02A1D0021F8F7DBFD01992078090780
:1074B000090F0843207002992A46C907C90E0843DC
:1074C000207067700A9930010907090F0843A070FE
:1074D000E570201D0B99F8F7ABFD204605B0F0BD17
:1074E00070B5002803D00178C278C906C90F0029F9
:1074F00002D0102A35D103E0002901D1012A30D170
:107500001A4C606882681A491A48FFF769FF0546F5
:107510005520042218A1000300F062F96088A842F7
:1075200001D1012000E00020FFF786FE6088A8421C
:1075300001D113A100E014A115A0FBF725FF19A0AC
:10754000FBF722FF20A0FBF71FFF27A0FBF71CFF84
:10755000FF2060616068002803D0C06A002801D065
:10756000804770BDF8F7C0FEFEE700006470FF1FA3
:1075700000500511FFFF00004F544146000000007D
:1075800053554343000000004641494C00000000B1
:10759000434F4D5020435243533A202573200D0A48
:1075A000000000002121203D3D3D3D3D3D3D3D3D54
:1075B0003D3D3D3D3D3D3D3D3D3D3D3D3D3D3D3DFB
:1075C0003D3D3D202121000020202050524F4720EA
:1075D0004F54417320444F4E452C2052455345543F
:1075E000494E47202E2E2E000D0A0D0A00000000E5
:1075F000F8B5002805D08178C5780E070F09360F39
:10760000011D0E4C2046626AC069964202D0D1B27A
:1076100002460FE0521C552362621B032A46C01823
:1076200000F0DEF8E0694219E261B74205D10020BE
:10763000314660623846FFF721FEF8BD6470FF1FD7
:1076400030B58FB01BA1096800910DA804226946CE
:10765000F8F7EEFC18A206CA019200910BA80622C8
:107660006946F8F7E5FC16A41ECC07AD1EC503A8B5
:10767000102207A9F8F7DCFC164C154861680029B0
:1076800015D0002210210092029101901346207D16
:1076900011220021FFF7FAFE050008D060681422CD
:1076A000C3692946042098472846F8F727FD0FB0FC
:1076B00030BD0000E2930200F3F2F1F0CDAB000028
:1076C000D1C653B28E2290A54304125F07ED7359C1
:1076D00068AAFF1F6470FF1FF8B5002804D0017866
:1076E000C378C906CA0F011D002A02D0102B04D18D
:1076F00007E0002A05D10C2B03D02EA0FBF744FE97
:10770000F8BD0C4601226846F8F792FC314D611C29
:1077100004226868F8F78CFC611C04226846F8F7BC
:1077200087FC6868611D04220830F8F781FC264652
:107730000936611D04226846F8F77AFC31460222B8
:10774000A81CF8F775FC0B34A11E02226846F8F756
:107750006FFC214601226846F8F76AFC6868816878
:107760002B263603B142CBD880681B494018070B43
:1077700000240CE05521200309036A684018002A00
:1077800003D01269002A0AD09047641CE4B2BC42BC
:10779000F0D30F2200210120FFF79EFDF8BD411A12
:1077A000B142F2D20D490840112109064018F8F7FC
:1077B00065FDEAE7212120494E56414C4944204DC0
:1077C00045534720434F4E54454E54202121200D10
:1077D0000A0000006470FF1FFF0F000000F0FF00B0
:1077E00010B50E4B5B68002B15D09B69002B02D0A7
:1077F00092B2984710BD55231B032B24C31A2403B0
:10780000A34208D2830706D111231B06C018F8F73C
:1078100077FD0028EED0012010BD00006470FF1F2E
:1078200010B50B4902230A699A430A61FF224A6193
:1078300000280BD048600749C16105490648083156
:107840000860084600F0F2F8002010BD012010BDCD
:107850006470FF1F6D7B02115D780211F8B50C4654
:1078600011462046FFF7D4FD002857D1002C03D045
:107870002078657807073F0F294E102D77610CD0CF
:10788000122D0ED0142D42D0202D1ED0222D33D0FB
:107890002F2D35D0252D37D039E02046FFF7D0FEEB
:1078A00035E0002C04D02078E178C006C20F201DFE
:1078B000002A02D010292AD103E0002A01D101298F
:1078C00025D10078FFF738FD21E0002C04D0207886
:1078D000E178C006C20F201D002A02D0102916D15F
:1078E00003E0002A01D1012911D10078002800D03D
:1078F000FF20FFF74DFD0AE02046FFF7EDFE06E012
:107900002046FFF775FE02E02046FFF7E9FD7069AB
:107910000F2801D3002000E0401C7061F8BD00007A
:107920006470FF1F70B50E4E054600240B493046AB
:10793000F9F782FF094930460831F9F77DFF094818
:10794000FFF7E6F8E80706D00448074A0D21103093
:10795000FAF730F90446204670BD00009870FF1F0A
:10796000FFFF0000F179021148AE0211F8B51C4684
:107970000023009310460B7A069D079ADB0601D57B
:107980000820F8BD0B78022B03D0002020800120B6
:1079900028E04B681E785B781B02F318124E9BB2EE
:1079A0009F196E1CFF23B6B29E1B3B00F8F752FBDB
:1079B0000504040C040F1700B3B2934200D81A4612
:1079C0002280C968491906E0084A528801E0074A3E
:1079D00092882280C968F8F72BFB0098F8BD002038
:1079E00020800A200090F8BD2C01FFFF8C70FF1F43
:1079F00010B504460B48844212D0012907D0022951
:107A00000ED101212046FFF7B1F8002808D1064920
:107A10002046F9F711FF044920460831F9F70CFF19
:107A200010BD0000FEFF00009870FF1F002803D06B
:107A30000249886000207047012070478C70FF1F4A
:107A4000FFB516460D4683B02A7A00240C9992069B
:107A500002D5082007B0F0BD2A78022A01D00124FF
:107A600056E06A683D4F1378527812029A1892B223
:107A7000D31BBA4223D008DC394BD2184AD039483C
:107A8000101808D0012804D10FE0012B21D0022BBF
:107A900029D00A243CE0FF2927D2E868069A40183A
:107AA0003146F8F7C5FA002028E0FF291DD2E86822
:107AB000FF2240183146F8F7BBFA01201EE0FF29EB
:107AC00013D2E868FF2240183146F8F7B1FA0220D5
:107AD00014E0FF2909D2E868FF2240183146F8F780
:107AE000A7FA03200AE0FF2901D30D2410E0E8687B
:107AF000FF2240183146F8F79BFA04201A4989689A
:107B0000002905D00B68002B02D0E968069A984737
:107B100020469FE7144B6A895C335B8F9A420ED1F3
:107B200033780222002B02D06B461A8102E0002338
:107B30006C46238101920223009102AA09E00A4BBC
:107B4000DC335B899A42E3D1012201920223009146
:107B500032462946F9F788FE0446D9E7D6FE0000EA
:107B6000FED6FFFF2E2AFFFF8C70FF1FF7B5002502
:107B7000254E82B01446002808D0FF2702280DD0D9
:107B8000042824D00225284605B0F0BDFF2C39D8A2
:107B900032801E480399F8F74BFAF4E71A4900209F
:107BA0000C31F9F7FFFF0228EDD1FF2C2AD87480A1
:107BB000224617480399F8F73BFA134B0D201C3364
:107BC00000900022184612490197103817E00E491C
:107BD00000201431F9F7E6FF0128D4D1FF2C11D889
:107BE000B48022460B480399F8F722FA064B0D2081
:107BF0001C33009018460022064901970838F9F70F
:107C00005FFEC0E71825BEE78C70FF1F68ABFF1F43
:107C100066ADFF1F64AFFF1FF0B5C9B00C46054647
:107C20000026882102A8F8F753FB002046904790D1
:107C300040A948900875852C7ED8611E6846018150
:107C40002946224602AD0A30F8F7F2F9214683A010
:107C5000FBF79AFB6846807A824C31280BD0322899
:107C600044D0332875D006227FA146A8F8F7E0F962
:107C7000062146A869E000217D48FDF713FD7DA09F
:107C8000FBF782FB0A217A48F8F752FB7EA0FBF74C
:107C90007BFB0A21E81CF8F74BFB6846817D427D9F
:107CA00008021043010A0002014368464175090AAF
:107CB000817505A907220131F8F750FA019900985A
:107CC000F8F73CFB0A226A49E81CF8F73DFB00285C
:107CD00007D00A22E91C6648F8F73CFB06216EA093
:107CE00033E006216EA000F0D5FB67E06846017B1B
:107CF000C27A08021043010A000201435C4C89B2B7
:107D00000A3421806846027CC07B0090019268465C
:107D1000837B427B64A0FBF737FB21888020FBF745
:107D20005DFC012140A801756846017CC07B009084
:107D300001916846837B01E009E00AE0427B45A9A6
:107D4000002002F033F8022163A000F0A3FB49B049
:107D5000F0BD6846017BC27A0802104347BA394633
:107D60005EA0FBF711FB42480A3041885FA0FBF799
:107D70000BFB3F480A300088B8425BD23C4D8A3545
:107D80002F79002F1FD07C2126A8F8F7A1FA5C4993
:107D900003C9259124906078052801D2402F26D36D
:107DA00058A0FBF7F1FA022140A8017500200090CD
:107DB0000346024645A9019001F0F8FF40A861681A
:107DC000007D8847C3E7032140A801750025009581
:107DD0002B462A4645A92648019501F0E7FF24488D
:107DE0008E2200210C30F8F73BF96570E6E77A0047
:107DF0001F4F25A80A37391DF8F71AF928794000CE
:107E0000001DC1B224A800F045FB07E07000C019B6
:107E1000818841A0FBF7B8FA761CB6B22879B04247
:107E2000F4D831A0FBF7B0FAB88878806078401CAD
:107E300060708CE7607800286846008906D0801E54
:107E400082B2691D3846FEF793F880E7801E82B241
:107E5000691D3846FEF7CEF879E700004C656E3AAA
:107E600025640A00D86EFF1F4E4F5F434D4400004B
:107E70005A99FF1F4C6F636174696F6E205665726B
:107E800073696F6E20000000436C6F756420566547
:107E90007273696F6E200000557064617461000038
:107EA0004E6577657374000073697A653A202530F2
:107EB00032582C204B3A20253032582C20433A207F
:107EC000253032582C204D3A20253032582C20595C
:107ED0003A20253032580A004F4B00005061676548
:107EE000204E756D3A2025640A0000004C617374C1
:107EF0002050616765204E756D3A2025640A0000A8
:107F000040A30211446F776E6C6F61642046696C08
:107F100065204552520A000025642C00FEB50E462D
:107F200021A10968009120A10968204C0546019112
:107F30002078002803D100F0D1FB01202070022E10
:107F400000D90226002401AFF8F70AFA3146F8F703
:107F50000DFAC8B2B44213D269460A5CFF2A03D0B4
:107F60002A55FF220A5412E0401CC0B2B042F4D19C
:107F70000020F2E7F8F7F4F93146F8F7F7F9C8B25C
:107F80002A19203A395CD27F9142F3D02955295DD4
:107F900007A0FBF7F9F9641CE4B2022CD4D307A0C4
:107FA000FBF7F2F9FEBD0000010200002070FF1F88
:107FB000534E203A20256420000000000A000000F3
:107FC00070B50D460446164600212846F8F748F8D5
:107FD00008482418084884420AD8214607A0FBF71D
:107FE000D3F9324629462046F8F784F9002800D014
:107FF000032070BD0040021100F0031152454144BE
:108000005F464C4153483A202530385820200A001A
:1080100070B5084C0D460646214607A0FBF7B4F99B
:108020002A4631462046F8F765F9002800D003209B
:1080300070BD000000E00011466C6173682041448F
:1080400044523A20253038580A000000F0B5FFB0FD
:10805000FF2486B00E4607460134214603A8F8F7F0
:1080600037F9214645A8F8F733F92246584C002144
:108070006069F7F7F5FF787869460873002003AD6B
:10808000F11E04E03A182B18D2785A70401C88422E
:10809000F8DBB11E2846FAF7A1F80146002002E0FD
:1080A0003A5C2A54401CB042FADB080AA855A819C9
:1080B0004170142103A801F037FF0027B61C0FE020
:1080C000FF20F530F8F779FE38467F1CFFB2142800
:1080D00006D340A0FBF758F901207FB006B0F0BDF1
:1080E000F2B203A92079FAF751F90028E8D1002665
:1080F000FF27F5370DE03846F8F75FFE3046761C6F
:10810000F6B2142805D3022102A801F00DFF36A013
:1081100019E0022302AA80212079FAF79DF80028AD
:10812000E9D1022102A801F0FFFE6846407AE07121
:1081300000260CE03846F8F740FE3046761CF6B2D2
:10814000142804D32DA0FBF71FF90220C5E7E3791B
:1081500045AA82212079FAF77FF80028EAD1E1794F
:1081600045A801F0E1FEE179022904D228A0FBF73D
:108170000BF90320B1E76846027A0273002045AE8E
:108180008A1E03E0335C2F187B70401C9042F9DBA1
:1081900003A8491EFAF722F8E279B11820398B7F3B
:1081A000C97F1B02591889B2884204D01FA0FBF76F
:1081B000EBF8042091E70020616902E0335C0B5486
:1081C000401C9042FADB0CA0FBF7DEF8002084E7AD
:1081D0002470FF1F7265616420636D6420646174A4
:1081E00061206572720A0000726561642038302077
:1081F00064617461206572720A00000072656164D6
:108200002038322064617461206572720A000000B7
:10821000446174615F526563656976655F46616953
:108220006C65645F31212121200A00004461746182
:108230005F526563656976655F4661696C65645F19
:1082400032212121200A0000F7B5FFB0FF2487B0BA
:108250000E4607460134214603A8F8F739F82146AF
:1082600045A8F8F735F82246604C00216069F7F719
:10827000F7FE787869460873002003ADF11E04E02C
:108280003A182B18D2785A70401C8842F8DBB11E7D
:108290002846F9F7A3FF0146002002E03A5C2A5481
:1082A000401CB042FADB080AA855A8194170002703
:1082B000B11C03A801F038FEB61C0FE0FF20F5301A
:1082C000F8F77BFD38467F1CFFB2142806D348A080
:1082D000FBF75AF801207FB00AB0F0BDF2B203A953
:1082E0002079FAF753F80028E8D18898F8F759FD73
:1082F0000026802143A0FBF747F8FF27F53710E061
:108300003846F8F75AFD3046761CF6B2142808D3E2
:108310003EA0FBF739F8022102A801F005FE022079
:10832000D9E7022302AA80212079F9F795FF0028D6
:10833000E6D1022102A801F0F7FD6846407AE0711B
:10834000002682212FA0FBF71FF810E03846F8F72F
:1083500034FD3046761CF6B2142808D3E17902A821
:1083600001F0E2FD2EA0FBF70FF80320B3E7E3795D
:1083700045AA82212079F9F76FFF0028E6D1E1793B
:1083800002A801F0D1FDE179022904D229A0FAF76F
:10839000FBFF04209FE76846027A0273002045AE87
:1083A0008A1E03E0335C2F187B70401C9042F9DB7F
:1083B00003A8491EF9F712FFE1797218203A937F5A
:1083C000D27F1B029A1892B2904204D020A0FAF7F2
:1083D000DBFF05207FE70020626902E0335C135475
:1083E000401C8842FADB002075E700002470FF1F64
:1083F0007265616420636D642064617461206572DC
:10840000720A0000253032580A000000726561646B
:108410002038302064617461206572720A000000A7
:108420007265616420383220646174612065727203
:108430000A000000446174615F5265636569766596
:108440005F4661696C656431212121200A000000CA
:10845000446174615F526563656976655F46616911
:108460006C656432212121200A000000F8B5084D16
:108470000E4607460024A0002A58002A02D03146A2
:1084800038469047641CE4B2052CF4D3F8BD0000D4
:1084900018B1FF1F30B5BFB00C460546F8220021C9
:1084A00001A8F7F7DDFD6A46D4802246294601ACD3
:1084B00002A8F7F7BDFD211D0EA0FAF765FF69467A
:1084C0000F48F8F783FC6A460E491088F9F76AFBF3
:1084D0006A4613880C498B420AD0C00708D0094865
:1084E000214648304089908000221846F9F7F8FC70
:1084F0003FB030BD7273703A2025730A000000004F
:108500000E030000E06EFF1FFFFF00003FB50022DA
:108510006B4694000559521C1D51042AF9DB8A0749
:1085200011D0CA17920F521892089200891A03228A
:10853000511A8C0095001C594451491E00D2032148
:10854000521EF6D53FBD0021F1E710B514460918BB
:108550001A462046F7F76CFD002010BDC00110B58B
:10856000803880B201F04CFE10BD0000FFB581B034
:108570000298FEF76DFA040069D00298354986002A
:108580008A59002A63D0136A1820002B00D03420A7
:10859000936A002B00D01430049B002B00D01C30B9
:1085A000516A002900D01630F7F7D2FD05004ED0F1
:1085B00018220021F7F754FD2620F8F715FF0700D1
:1085C00000D12778D0202870019868700A20A87000
:1085D0000298A8800398A8711E482C468059183428
:1085E000006A002808D01B49AC60895920461C3419
:1085F000096A1C22F7F71CFD16488059806A00287A
:1086000008D01449EC60895920461434896A142230
:10861000F7F70EFD0498002806D02C6120461C3484
:108620001C220499F7F704FD0A488159496A002978
:1086300006D06C6180591622416A2046F7F7F8FC93
:10864000F8B22946F7F760FD0298FBF7C5F805B0C8
:10865000F0BD00002872FF1FFFB581B01D46174610
:1086600014200E9EF7F774FD040020D0D020207057
:10867000019860700520A070E770002D05D00622DB
:108680002946201DF7F7D4FC04E006220021201D16
:10869000F7F7E6FC0A9860810B98A0810C98E081BE
:1086A0000D982082A67421460298F7F72DFD05B09B
:1086B000F0BDF8B506461C4615460F460820F7F7EC
:1086C00047FD010009D0D02008704E700620887048
:1086D0008D808C713846F7F717FDF8BD10B58EB058
:1086E0006846F7F749FE6846807902906846407907
:1086F00003906846007904906846C0780590684603
:1087000080780B49401E0690684600884018079004
:10871000C8120A9002A8F7F735FE0446014605A0E4
:10872000FAF732FE2046F7F733FE20460EB010BDB2
:1087300094F8FFFF25640A0010B505480121034A9B
:1087400049024079F7F7A4FC10BD0000B80B000007
:10875000746FFF1F0146002006E0531C0B600A23C4
:1087600012785843303810180A681378303B092BB8
:10877000F3D97047007841078207C90F920F89002B
:108780000006C00E1143C0000843704701468A002E
:1087900008491020895800290AD00A6A002A07D0FF
:1087A0008968002904D0107A097E884200D30846DF
:1087B000704700009872FF1F10B502460146203234
:1087C0001031F7F7EBFD10BD10B5F7F7E7FD10BD61
:1087D0007FB50D46044681000948405800280ED058
:1087E000014668314EC903966E460EC6037FC288A5
:1087F00001782846FBF75EF8204600F003F87FBDBD
:108800009872FF1F70B5044600F0BEFCA500134C23
:108810006059002821D0006A002801D0F7F76EFCCB
:108820006059806E002801D0F7F768FC6059C06E6F
:10883000002801D0F7F762FC6059006F002801D0D2
:10884000F7F75CFC6059406F002801D0F7F756FC41
:108850006059F7F753FC0020605170BD9872FF1FFC
:108860007FB5084D84002959102268462531F7F755
:10887000DFFB2859044BC0886A46112100F014FC24
:1088800004B070BD9872FF1FCD9502117FB50C4CDE
:1088900085006159002910D0694600F029FC605913
:1088A0000178C088002901D0064B00E0064B6A46DB
:1088B000072100F0F9FB04B070BD0120FBE70000C8
:1088C0009872FF1F29960211BB96021170B50D46D2
:1088D000064600240AE0F7F767FD010A3155641CDB
:1088E000E4B2AC4202D23055641CE4B2AC42F2D3E2
:1088F00070BD00007FB5084D8400295910226846DC
:108900003531F7F795FB2859044BC0886A46112189
:1089100000F0CAFB04B070BD9872FF1F07960211E9
:1089200010B5064A8300D258002A06D0D288824267
:1089300003D1012901D1FFF765FF10BD9872FF1F18
:1089400070B50E4C064685006059002813D000789B
:108950002146002810D08868002804D041680029EA
:1089600001D03046884760594078122803D1002151
:108970003046FFF72DFF70BD4868EDE79872FF1F86
:1089800010B50A46024B112100F08EFB10BD00000D
:10899000359502111CB5044668461346017006223F
:1089A0001946401CF7F744FB034B6A460821204652
:1089B00000F07AFB1CBD00005795021110B50A4665
:1089C000024B112100F070FB10BD00007D950211DB
:1089D00010B586B004466846134601800822194641
:1089E000801CF7F725FB044B6A460B21204600F05C
:1089F0005BFB06B010BD00009F95021110B50A4642
:108A0000024B112100F050FB10BD0000C99602116D
:108A100030B587B00446002069460875A06805781F
:108A20002B00F7F717FB0C2C07070F1215181B1E4E
:108A30002124272C00F0CAFE12281DD106206946E9
:108A4000087529E000F094FE16E000F0B0FE13E097
:108A500000F09DFE10E000F048FE0DE000F074FE16
:108A60000AE000F062FE07E000F04EFE04E000F0D5
:108A700025FF01E000F014FF002802D008E00720E5
:108A8000DEE760886A46294600F028FF69460875D7
:108A90006846007D002805D0608805A900F0F2FA3C
:108AA00007B030BD608800F043FBF9E7F8B52B4D07
:108AB00006468700E8590C46002807D0C188B14215
:108AC00004D14178062904D0112930D0002C36D0A9
:108AD0003EE002782149002A25D08368026A5B695A
:108AE000DC0704D0147BE40701D0072105E09C07D4
:108AF00005D5147BA40702D5092141702CE05B0742
:108B000004D5127B520701D50B21F6E788680028AF
:108B100022D0416800291FD030468847E859407864
:108B2000122802D018E04868F1E7002103E0002C89
:108B300000D0322421463046FFF74AFE0CE0304692
:108B4000FDF786FF002803D001791022114301713F
:108B500031462046FBF7F8FB0120F8BD9872FF1F55
:108B600070B501780124922902D0A02919D130E0F2
:108B700041780E2902D03E2913D10BE081881A4A90
:108B8000D14205D18068411C007800F033F81EE026
:108B900000201CE0014680780124052803D0082825
:108BA00011D000241DE011480078400719D5104865
:108BB0000068002815D08368002B12D0CA898888E5
:108BC000891D984703E088888979FFF76FFF04467D
:108BD00007E00546FFF71CFFA868002801D0F7F75B
:108BE000D5FA204670BD0000E8DFFFFFBD71FF1F12
:108BF0009C72FF1F70B51D4C05462068002825D0CB
:108C0000002D06D10278002A21D008220A30F7F779
:108C10000FFA20682E46002817D01220F7F798FA8E
:108C200005000DD0C12028706E7021681022A81C8C
:108C3000891CF7F7FDF9206829464078F7F764FAB0
:108C40002068F7F75BFA00202060012070BD082241
:108C5000801CF7F7EDF9F7F7ADFB002801D00125EF
:108C6000D7E7216801200870EFE700009472FF1F2A
:108C700001494860704700009872FF1FF7B588B03F
:108C800016460446102200216846F7F7E9F9334DED
:108C9000A700E859002835D0C188A14232D1017817
:108CA00000292FD14278062A0FD0816E002929D0C1
:108CB000088A112A19D0B04224D108221231099809
:108CC000F7F7C2F901283CD01CE0024601465532B4
:108CD000353104AB0C3000F000FC002812D12046E6
:108CE000FFF754FD024604A930E0B04206D1082245
:108CF00012310998F7F7A8F901281BD03221204634
:108D0000FFF766FD2046FDF7A3FE05000CD0696A5B
:108D1000002909D0088AB04206D1082212310998E8
:108D2000F7F792F901280FD02046F7F749FB012009
:108D30000BB0F0BD2046FFF729FDE9590246896EC8
:108D400004E0E859816E00E0696A8A7E6846F7F7B8
:108D50006FF920466946F7F739FBE8E79872FF1F7D
:108D6000F1B582B00298694C8500605901780029FC
:108D700076D141788768066A062907D0CA1F130092
:108D8000F7F768F9050A48525B1872007969CA0753
:108D900006D0327BD20703D0806E002813D019E0B2
:108DA000880702D5307B80073ED4480764D5307BE6
:108DB000400761D5FAF756FD6159CA880146104649
:108DC000FFF71CFE58E01C20F7F786F961590028D0
:108DD000886653D060591022866E00213046F7F71E
:108DE0003FF90298FFF7D2FC01463046FFF76EFDCF
:108DF000F7F7DAFA3082304608211230FFF766FDC5
:108E00000298FFF7C3FCB07660593146C088FFF77F
:108E1000B7FD33E0816E002932D00A461232098A4A
:108E2000C088FFF7D5FD2BE0FAF716FD6159CA8817
:108E300001461046FFF7C2FD3FE001200190FAF71E
:108E400005FD009001280CD0002000900198FAF751
:108E5000EFFC024660590099C088FFF79BFD39E09E
:108E600023E000200190F2E7072907D0082907D066
:108E7000092922D00A292DD078690EE008201DE0AA
:108E80007869810704D5317B890701D5092015E070
:108E9000410721D401E00B2010E0C10520D5B189A4
:108EA000C9051DD50C2061594870FEBD40051ED571
:108EB000B08940051BD51020F5E70A20615948709C
:108EC0006059C088FDF7C4FD002812D0C089410850
:108ED0000A1810E07869DBE7317B4907DDD5DAE76E
:108EE0008105E3D5B1898905E0D50E20DBE71220A5
:108EF000D9E7FF22F53206490298085402986359CF
:108F0000091804481B1DF7F7D7F9FEBD9872FF1F1B
:108F10002CB1FF1F7D910211F8B50446002000908E
:108F20000E461020F7F7D8F8544AA50051590028EA
:108F30000862515978D017468C6810223146F7F7ED
:108F400077F878590178002962D1026A6069177B45
:108F50002146C307FF071431DB0FFF0F0C32BB4262
:108F600004D1C30702D00123184301E040084000A8
:108F7000086017788307BF07DB0FFF0FBB4204D1E0
:108F8000830702D50223184301E0022398430860B7
:108F9000177843077F07DB0FFF0FBB4204D143075E
:108FA00002D50423184301E004239843086017887E
:108FB000C305FF05DB0FFF0FBB4205D1C30503D57A
:108FC000FF230133184302E0FF2301339843086075
:108FD00017888305BF05DB0FFF0FBB4205D1830553
:108FE00003D501235B02184302E001235B0298438F
:108FF0000860128843055205D70F0122DB0F920249
:10900000BB4203D1430501D5104300E09043086003
:109010007078002809D06078002806D0174805210C
:1090200040592030017125E026E03079400708D40E
:10903000A07C400705D4114901204959203108710D
:1090400018E00E4842591078002802D02078317874
:1090500001E021783078042801D8042901D91820AA
:1090600007E08B00C918064BC918085C2032107144
:10907000002000900098F8BD1320FAE79872FF1FB7
:10908000FEAE021170B50C460A460646054B02219B
:1090900000F00AF8054621783046FFF799FB28468C
:1090A00070BD0000EF950211FEB51646054606227A
:1090B0006846028001811C460846F9F7E5FA0190EE
:1090C00000280ED001463046A047040005D169466D
:1090D0002846F9F7BFFA040004D00198F7F756F8CC
:1090E00000E01324284600F023F82046FEBD0000CF
:1090F00070B50D4681000D48405800280FD0846897
:10910000002C0CD02078287060786870A17C281D15
:1091100000F054F8207E28726069E86070BD10226B
:1091200000212846F6F79CFF70BD00009872FF1FD3
:10913000F8B504462020F8F757F90D4E0546A7006C
:10914000F059002812D0002D10D0C078FF2804D08C
:109150002946F7F741F9002808D006482A46045561
:10916000F35901190448DB1CF7F7A6F8F8BD000015
:109170009872FF1FECB1FF1FB391021110B5007878
:10918000FFF7DEFB10BD000070B5064C850060598E
:10919000002805D0C078F7F795F86159FF20C8700E
:1091A00070BD00009872FF1F10B51721FFF710FB6C
:1091B00010BD10B50078FFF7F7FF10BD10B50268BD
:1091C0008B07920892009B0F1A434C0704230260FE
:1091D000002C01DA1A4300E09A43F823C9089A43A5
:1091E000C9000A43026010BDFFB587B017461020C2
:1091F000F6F772FF01901020F6F76EFF00900198CD
:1092000000287DD0009800287BD00246019907985D
:10921000FCF764F904007ED11020F6F75DFF0290A0
:109220001020F6F759FF0646029800286BD0002E52
:109230007CD038460F30050902D038070CD000E04A
:10924000012500202901103900280898C9B205D04D
:109250004018324601991AE00120F3E7401884468D
:109260003A07120F002003A98023904202D26746DA
:109270003F5C04E0904201D10B5401E000270F5401
:10928000401CC0B21028F0D3324603A8009900F069
:10929000C7FF102200210298F6F7E2FE00276D1E9C
:1092A0000FE038070899000E091803AA029800F089
:1092B000B7FF03A9029A0798FFF786FA7F1C0446B6
:1092C0003FB2AF4202DA002CEBD011E0002C0FD1FC
:1092D00003AA3146029800F0A3FF03A9029A079857
:1092E000FFF772FA0446082202990A98F6F7A0FEE0
:1092F0000298002801D0F6F701FF002E08D004E004
:109300001AE017E007E013E010E03046F6F7F6FE4B
:109310000198002802D00198F6F7F0FE0098002886
:1093200001D0F6F7EBFE20460BB0F0BD1324E2E7C8
:109330001324E2E71324EEE71324EFE770B58CB0B3
:1093400015460E460446302200216846F6F788FE90
:10935000102221466846F6F72BFF07A80322314664
:109360000130F6F725FF6846FFF726FA04460BA9F9
:10937000032228460131F6F71BFF20460CB070BDD2
:10938000FFB5244D07468600A8598DB000281AD095
:10939000C088FDF75DFB040018D005A93846FFF72B
:1093A000A7FEA8590178002912D005A90291006AE8
:1093B0000190FAF74BFA00900020FAF739FA0646C6
:1093C000A779E51D12E0122011B0F0BD1420FBE7D3
:1093D000006A029005A80190FAF738FA07460020C3
:1093E000FAF726FA0546A079E61D009009A901982A
:1093F00000F063F90BA9029800F016F91098049098
:109400000BAB09AA0297019603950F990E9800F0ED
:1094100003F8D9E79872FF1FFFB595B004461F46C1
:109420003022002104A81E9E209DF6F719FE10226E
:10943000214604A8F6F7BCFE102200216846F6F784
:109440000FFE072268461799F6F7B2FE01A8072219
:1094500039460330F6F7ACFE002D01D0012000E0C4
:10946000002069468873002E01D0012000E0002012
:10947000C8731022002110A8F6F7F2FD062211A8E9
:109480001F99F6F795FE12A8062202302199F6F7E9
:109490008FFE08A8102206461699F6F789FE69463F
:1094A000304600F03AF804A8FFF786F904460CA904
:1094B00010220D463046F6F7BBFD10A9304600F0ED
:1094C0002CF804A8FFF778F90443102229462298C3
:1094D000F6F76EFE204619B0F0BD70B50C468CB0A4
:1094E000164601461D4610226846F6F761FE082220
:1094F000214604A8F6F75CFE0822314606A8F6F7D6
:1095000057FE6846FFF758F904461022284608A976
:10951000F6F74EFE20460CB070BD10B50022037861
:109520000C78521C63400370D2B2401C491C102AB4
:10953000F5D310BD10B500290BD0002809D00622A4
:109540000A704B1C014610221846F6F771FD0020E8
:1095500010BD022010BD10B500290DD000280BD081
:1095600009220A704B1C01781970411C0622581CF4
:10957000F6F75EFD002010BD022010BD10B50029D9
:109580000BD0002809D008220A704B1C014610227B
:109590001846F6F74DFD002010BD022010BD10B595
:1095A0000346002910D0002B0ED007200870481C5D
:1095B0001978017019880822090A4170991C801CC9
:1095C000F6F736FD002010BD022010BD10B50029B1
:1095D0000BD0002809D003220A704B1C0146102230
:1095E0001846F6F725FD002010BD022010BD002909
:1095F00007D0002805D005220A70007848700020A6
:1096000070470220704710B500290BD0002809D000
:1096100004220A704B1C014610221846F6F708FD7A
:10962000002010BD022010BD0A4610B501460120E1
:1096300000F001F810BD70B50C46002A3BD0002C9C
:1096400039D010702078507060789070D51C201D33
:10965000FFF790F82870207A6870A089C005C00FC5
:10966000A870A1898905C90F49000843A870A1897C
:109670004905C90F89000843A870A1890904C90ECA
:10968000C9000843A870207BC007C00FE870217B89
:109690008907C90F49000843E870217B4907C90FB2
:1096A00089000843E870217B0906C90EC9000843F8
:1096B000E870002070BD022070BD0A4610B501465A
:1096C0000220FFF7B8FF10BD10B500290BD000280D
:1096D00009D00A220A704B1C014610221846F6F7E0
:1096E000A7FC002010BD022010BD10B50B460028BD
:1096F00008D0002B06D0411C10221846F6F798FC23
:10970000002010BD022010BD10B50B4600280AD065
:10971000002B08D041781970811C0622581CF6F7DE
:1097200087FC002010BD022010BD10B50B4600289C
:1097300008D0002B06D0411C10221846F6F778FC02
:10974000002010BD022010BD10B50B4600280DD022
:10975000002B0BD082784178120289181980C11C25
:109760000822981CF6F764FC002010BD022010BDF2
:1097700010B50B46002808D0002B06D0411C102243
:109780001846F6F755FC002010BD022010BD002839
:1097900009D0002907D040780870092805D800288A
:1097A00003D000207047022070471820704710B582
:1097B0000B46002808D0002B06D0411C102218466A
:1097C000F6F736FC002010BD022010BD70B50C4627
:1097D00000281DD0002C1BD0417821708178617049
:1097E000C178051D201DFFF7E9FC287820726978F3
:1097F000FF22E06801329043CA07D20D10430122D4
:109800008B075202AD1CE060002B03DA104302E02C
:10981000022070BD9043214AE0604B0701D5104300
:1098200000E090431F22D202C9089043C9020843B6
:10983000E06029784008CA074000D20F10438B0728
:109840000222E060002B01DA104300E090434B0756
:109850000422E060002B01DA104300E09043F8227C
:10986000C9089043C9000843E0602120F7F7BCFD18
:10987000217A884205D82220F7F7B6FD217A88425E
:1098800001D2122070BD2078042802D86078012807
:1098900001D9182070BD002070BD00000004000038
:1098A00010B50A46002807D0002A05D04178104696
:1098B000FFF784FC002010BD022010BD10B50B4640
:1098C000002808D0002B06D0411C10221846F6F7BD
:1098D000AFFB002010BD022010BD000070B5154682
:1098E0000E460724FDF7B4F8002807D042790D4949
:1098F000002A05D0012A09D0052070BD082070BDBE
:10990000094A127812070BD5896800E049680029D6
:1099100006D00B68002B03D02A46314698470446F0
:10992000204670BD9872FF1FBD71FF1FF8B5124C25
:109930000646850060590F4641780C291AD1C06E41
:10994000002806D11C20F6F7C7FB61590028C8661D
:1099500010D060591022C06E3946F6F769FB3046C8
:10996000FEF714FF6159C96E887661590D20487061
:109970000020F8BD0720F8BD9872FF1F70B5104C8D
:1099800005468600A05942780F2A01D0072070BDF5
:10999000006F06221030491CF6F74AFBA059816877
:1099A000898A490506D5016A8989490502D51021A8
:1099B000417003E000212846FEF70AFF002070BD39
:1099C0009872FF1F70B50F4C850060590E464178A4
:1099D0000E2901D0072070BD006F002806D1162087
:1099E000F6F77AFB61590028086705D06059102204
:1099F000006F3146F6F71CFB61590F2048700020BC
:109A000070BD00009872FF1FFEB5054640882A4BC6
:109A100086009B590024002B04D0DD88854214D099
:109A20000820FEBD01290ED11446101DFEF7A2FE2E
:109A3000E1680291217A0090019163782278698827
:109A40000020FAF709FD0020FEBD1B78012B09D08C
:109A50000B00F6F7FFFA0B2E092E0D122A161A1E0E
:109A600022262E000720FEBD114600F0ABF802E0D2
:109A7000114600F055F804461CE0114600F076F857
:109A8000F9E71146FFF752FFF5E7114600F016F827
:109A9000F1E71146FFF796FFEDE71146FFF76EFF7E
:109AA000E9E7114600F0EAF8E5E71178FEF790FEE5
:109AB00000E007242046FEBD9872FF1F70B5174CCA
:109AC00005468600A059C26E002A02D040780D28B3
:109AD00001D0072070BD08881082A0590822C06EEE
:109AE000891C1230F6F7A4FAA159886840698205EA
:109AF00005D50A6A9289920501D50E2006E0400537
:109B000006D5086A8089400502D51020487003E018
:109B100000212846FEF75CFE002070BD9872FF1FF2
:109B2000F8B5114C074685006059002610224530D3
:109B3000F6F77EFA61594878042812D00B460A4697
:109B40002533353238460C31FFF71AFC3846FEF71C
:109B500087FE002800D0082661590520487030464D
:109B6000F8BD0320FAE700009872FF1FF0B5144C0F
:109B700007468500605985B0002610225530F6F75B
:109B800057FA61596B460A46553238460C31FFF791
:109B9000F7FB6159102268464531F6F755FA01285E
:109BA00003D00426304605B0F0BD3846FEF7A2FECD
:109BB000002801D00826F5E7615906204870F1E732
:109BC0009872FF1FF8B504460026FFF7A5F9002894
:109BD00004D018284ED008263046F8BD2046FEF79F
:109BE00055FEA500244C60598168897CC90709D0BD
:109BF000016A09798907890F012903D1017F0122AF
:109C00001143017760592421095C042702291ED0E1
:109C100003291CD004291AD0012901D00529DBD140
:109C20000221417060592421095C01291CD08168FE
:109C300010220C30891CF6F7FBF96059017F39437B
:109C40000177605910213530FEF740FEC4E7022944
:109C500000D00121C088F9F7C3FE6059017F394364
:109C6000017760594770B7E7102200210C30F6F7F2
:109C7000F7F9E6E70326AFE79872FF1FF8B5134C34
:109C80000646850060590F4600281CD0406F00280A
:109C900006D11420F6F720FA61590028486710D041
:109CA00060591022406F3946F6F7C2F96159002019
:109CB000496FC043086100213046FEF789FD00204E
:109CC000F8BD0820F8BD0720F8BD00009872FF1FFE
:109CD000020E0A600202120E4A600204120EC0B2A4
:109CE0008A60C86070470000F0B5FFB0012782B0FD
:109CF00005467F020024394601A8F6F7E9FA19481B
:109D00006E023518294618A0F9F73EFB1C48009052
:109D1000F6F7A2FA01461BA0F9F736FB0098F6F712
:109D20009BFAA84204D20F4949424018460A7602DB
:109D30003D463A4601A93046FEF742F901AE2007FA
:109D400002D117A0F9F720FB315D16A0F9F71CFB33
:109D5000641CAC42F3D312A0F9F716FB7FB002B03B
:109D6000F0BD00000040021172656164204164642E
:109D700072657373203078253038580A000000006F
:109D8000129AFF1F66696C6520656E6420416464E9
:109D900072657373203078253038580A000000004F
:109DA0000A0000002530325820000000FFB50E46A2
:109DB00083B039491F46154638480191F6F752FAE3
:109DC000374C35492068091D0091002805D0334AD9
:109DD0008018F6F747FA0020206028460C9938438F
:109DE00008430D992F4C08430CD0002D00D0E5748A
:109DF000002F00D027750C98002800D0607500292E
:109E000000D0A1750398304340D00398002804D0B7
:109E100001460A22601CF6F70BF9002E06D03078B6
:109E2000032802D12178002900D020701E4D284639
:109E3000F6F724FA17221B492846F6F761FA22782A
:109E4000611C1AA0F9F7A0FA17211648FEF7E0F8EE
:109E50000198F6F701FA114DA8421BD031782B4634
:109E60001DA0039AF9F790FA0A2226A1601CF6F7C2
:109E7000DFF80220207028460199F6F7F3F928460A
:109E80000099F6F7EFF9042007B0F0BD20A0F9F72C
:109E90007BFAF8E70020F7E70E9AFF1F0040021157
:109EA0000C70FF1F039AFF1F00E0001175706461C2
:109EB00074652076657273696F6E3A25303130585B
:109EC0002C2066696C655F696E666F2E73746174B1
:109ED000653A2025640A0000496E69742046696C61
:109EE0006520496E666F2073746174653A25642C31
:109EF0002020563A25732C20616464723A2530384C
:109F0000580A00003030303030303030303000000F
:109F10007570646174615F66696C655F696E666FB8
:109F2000206572720A00000070B50D4606460024D6
:109F300005E0315D05A0F9F727FA641CA4B2AC4234
:109F4000F7D30448F9F720FA70BD000025303258E5
:109F50002000000090A1021170B51C4D0E46044671
:109F6000FF22013200212869F6F77AF8286940219A
:109F700001707D2141700421C170FB210171210E0E
:109F80004171210C8171210AC17104720021417259
:109F9000802181720A4631460B30F6F749F828696C
:109FA000882181708B212022FEF74EF968690178A3
:109FB000042905D14178FB2902D18078002803D0FB
:109FC00003A0F9F7E1F9042070BD00002470FF1F21
:109FD00052656164446174614261636B446F6F7286
:109FE0005F4661696C0D0A00F8B514461C4E0F46B9
:109FF0000546FF22013200213069F6F731F8306959
:10A00000402101707D2141700121C170FE2101714B
:10A01000290E4171290C8171290AC1710572210A29
:10A0200041728472224639460B30F6F701F83069E6
:10A0300008348470E41CE1B2FEF708F8002801D06F
:10A040000120F8BD70690178012905D14178FE2908
:10A0500002D180780028F4D002A0F9F795F9EFE753
:10A060002470FF1F5831000030B585B000200090EB
:10A0700001900290FCF73EF8FCF78AFFFCF704F829
:10A080000D2825D0F8F72AFC384C011E207121D06C
:10A0900037A0F9F779F922460832111D2079FBF72C
:10A0A000A9FA36A103C90390049136A0F9F76CF917
:10A0B000072103A8FDF7CAFF00280DD0C820F6F736
:10A0C00070FE072103A8FDF7C1FF002804D0082077
:10A0D00005B030BD0620FBE780222E486169F5F708
:10A0E000A7FF00216846FBF7DDFA2A48C08A45BA77
:10A0F0002846F9F750FA20700246294626A0F9F7BB
:10A1000043F92078194DC00020352958032229A091
:10A11000F5F79AFF00280BD00A2269461D48F5F78B
:10A1200093FF002809D024A0F9F72EF90720CFE7E4
:10A1300023A0F9F729F90920CAE72078C0004019BF
:10A140008188618121A0F9F71FF96089F5F7C4FFC3
:10A15000A061002805D062890021F5F781FF052064
:10A16000B6E720A0F9F710F90D20B1E72470FF1F22
:10A17000416464723A20253032580A004078042A3B
:10A18000EDAB7200526561644261636B446F6F7244
:10A190000A000000369AFF1F48505F395820547952
:10A1A00070653A20253034583B20436F64653A206F
:10A1B00025640A00393558004E65776573740A00C6
:10A1C000547970655F4572720A000000757067729D
:10A1D000616465725F646174615F6C656E202530D7
:10A1E00032580A00616C6C6F63207570677261642D
:10A1F00065725F64617461206572722121210A00B9
:10A20000054B10B5C018054B984203D8F6F778F8FF
:10A21000002800D0032010BD0040021100F00311FF
:10A2200030B50023C45CCD5C6C40D4545B1CDBB205
:10A23000102BF7D330BD0001020307090A0B0E0FE4
:10A24000101112141718191A1B1F202122000201C5
:10A25000000504000807000B0A001716001D1C016A
:10A260000201010504010E0D011110011413011763
:10A2700016011A19020201020B0A020E0D02111038
:10A28000021413021716030504030807030B0A033D
:10A290000E0D000D000E0010001100130014010738
:10A2A0000108010A010B011C011D0204020502073D
:10A2B00002080219021A021C021D030103020317FD
:10A2C0000506FFFF00C201000100000000000000C1
:10A2D00002000000C4AE02113D570211595802118C
:10A2E0000000000002000000C6AE021100000000E5
:10A2F000ED52021100000000383736353433323168
:10A3000030015011160724203837363534333231B6
:10A3100030025011160724203837363534333231A5
:10A320003003501116072420383736353433323194
:10A33000300450111607242010000000F8A202116A
:10A340004552523A00000000A56F0211CD6F021174
:10A35000000000000000891112239B322446AD57F3
:10A360003665BF74488CC19D5AAFD3BE6CCAE5DB5D
:10A370007EE9F7F88110080193331A22A5562C477D
:10A38000B7753E64C99C408DDBBF52AEEDDA64CB3D
:10A39000FFF976E802218B30100299132667AF7619
:10A3A0003444BD554AADC3BC588ED19F6EEBE7FA1D
:10A3B0007CC8F5D983310A2091121803A7772E663D
:10A3C000B5543C45CBBD42ACD99E508FEFFB66EAFD
:10A3D000FDD874C904428D5316619F702004A915DD
:10A3E0003227BB364CCEC5DF5EEDD7FC6888E199DD
:10A3F0007AABF3BA85520C4397711E60A1142805FD
:10A40000B3373A26CDDE44CFDFFD56ECE9986089BC
:10A41000FBBB72AA06638F7214409D512225AB3498
:10A420003006B9174EEFC7FE5CCCD5DD6AA9E3B89C
:10A43000788AF19B87730E6295501C41A3352A24BC
:10A44000B1163807CFFF46EEDDDC54CDEBB962A87C
:10A45000F99A708B088481951AA793B62CC2A5D35C
:10A460003EE1B7F04008C919522BDB3A644EED5F6C
:10A47000766DFF7C899400859BB712A6ADD224C36C
:10A48000BFF136E0C1184809D33B5A2AE55E6C4F4C
:10A49000F77D7E6C0AA583B4188691972EE3A7F208
:10A4A0003CC0B5D14229CB38500AD91B666FEF7E2C
:10A4B000744CFD5D8BB502A499961087AFF326E22C
:10A4C000BDD034C1C3394A28D11A580BE77F6E6E0C
:10A4D000F55C7C4D0CC685D71EE597F42880A191CC
:10A4E0003AA3B3B2444ACD5B5669DF78600CE91DEC
:10A4F000722FFB3E8DD604C79FF516E4A9902081EC
:10A50000BBB332A2C55A4C4BD7795E68E11C680DCB
:10A51000F33F7A2E0EE787F61CC495D52AA1A3B087
:10A520003882B193466BCF7A5448DD59622DEB3CAB
:10A53000700EF91F8FF706E69DD414C5ABB122A0AB
:10A54000B9923083C77B4E6AD5585C49E33D6A2C8B
:10A55000F11E780F000001CC01D8001401F0003C7E
:10A56000002801E401A0006C007801B40050019CB7
:10A5700001880044630000007C00000077000000B8
:10A580007B000000F20000006B0000006F00000084
:10A59000C50000003000000001000000670000005E
:10A5A0002B000000FE000000D7000000AB00000000
:10A5B00076000000CA00000082000000C900000010
:10A5C0007D000000FA000000590000004700000074
:10A5D000F0000000AD000000D4000000A200000068
:10A5E000AF0000009C000000A4000000720000000A
:10A5F000C0000000B7000000FD0000009300000054
:10A6000026000000360000003F000000F7000000B8
:10A61000CC00000034000000A5000000E5000000B0
:10A62000F100000071000000D800000031000000BF
:10A630001500000004000000C70000002300000017
:10A64000C300000018000000960000000500000094
:10A650009A000000070000001200000080000000C7
:10A66000E2000000EB00000027000000B200000044
:10A670007500000009000000830000002C000000AD
:10A680001A0000001B0000006E0000005A000000CD
:10A69000A0000000520000003B000000D6000000B7
:10A6A000B300000029000000E30000002F000000BC
:10A6B0008400000053000000D100000000000000F2
:10A6C000ED00000020000000FC000000B1000000D0
:10A6D0005B0000006A000000CB000000BE0000002C
:10A6E000390000004A0000004C0000005800000043
:10A6F000CF000000D0000000EF000000AA00000022
:10A70000FB000000430000004D000000330000008B
:10A710008500000045000000F90000000200000074
:10A720007F000000500000003C0000009F0000007F
:10A73000A800000051000000A3000000400000003D
:10A740008F000000920000009D0000003800000013
:10A75000F5000000BC000000B6000000DA000000B8
:10A760002100000010000000FF000000F3000000C6
:10A77000D2000000CD0000000C000000130000001B
:10A78000EC0000005F0000009700000044000000A3
:10A7900017000000C4000000A70000007E000000B9
:10A7A0003D000000640000005D0000001900000092
:10A7B0007300000060000000810000004F000000F6
:10A7C000DC000000220000002A00000090000000D1
:10A7D0008800000046000000EE000000B800000005
:10A7E00014000000DE0000005E0000000B0000000E
:10A7F000DB000000E0000000320000003A00000032
:10A800000A000000490000000600000024000000CB
:10A810005C000000C2000000D3000000AC0000009B
:10A82000620000009100000095000000E4000000BC
:10A8300079000000E7000000C800000037000000B9
:10A840006D0000008D000000D50000004E000000EB
:10A85000A90000006C00000056000000F400000099
:10A86000EA000000650000007A000000AE00000071
:10A8700008000000BA000000780000002500000079
:10A880002E0000001C000000A6000000B400000024
:10A89000C6000000E8000000DD00000074000000B9
:10A8A0001F0000004B000000BD0000008B000000F6
:10A8B0008A000000700000003E000000B5000000AB
:10A8C000660000004800000003000000F6000000E1
:10A8D0000E0000006100000035000000570000007D
:10A8E000B900000086000000C10000001D0000004B
:10A8F0009E000000E1000000F80000009800000049
:10A900001100000069000000D90000008E00000066
:10A91000940000009B0000001E0000008700000063
:10A92000E9000000CE0000005500000028000000F3
:10A93000DF0000008C000000A10000008900000082
:10A940000D000000BF000000E60000004200000013
:10A950006800000041000000990000002D00000088
:10A960000F000000B000000054000000BB00000019
:10A970001600000052000000090000006A000000FC
:10A98000D50000003000000036000000A5000000E7
:10A9900038000000BF00000040000000A3000000DD
:10A9A0009E00000081000000F3000000D7000000BE
:10A9B000FB0000007C000000E30000003900000004
:10A9C000820000009B0000002F000000FF0000003C
:10A9D00087000000340000008E00000043000000EB
:10A9E00044000000C4000000DE000000E900000098
:10A9F000CB000000540000007B0000009400000029
:10AA000032000000A6000000C20000002300000089
:10AA10003D000000EE0000004C000000950000002A
:10AA20000B00000042000000FA000000C30000001C
:10AA30004E000000080000002E000000A1000000F1
:10AA40006600000028000000D9000000240000007B
:10AA5000B2000000760000005B000000A2000000D1
:10AA6000490000006D0000008B000000D1000000D4
:10AA70002500000072000000F8000000F600000051
:10AA800064000000860000006800000098000000DC
:10AA900016000000D4000000A40000005C000000CC
:10AAA000CC0000005D00000065000000B600000062
:10AAB000920000006C0000007000000048000000E0
:10AAC00050000000FD000000ED000000B900000093
:10AAD000DA0000005E0000001500000046000000E3
:10AAE00057000000A70000008D0000009D0000003E
:10AAF0008400000090000000D8000000AB000000BF
:10AB0000000000008C000000BC000000D30000002A
:10AB10000A000000F7000000E400000058000000F8
:10AB200005000000B8000000B30000004500000070
:10AB300006000000D00000002C0000001E000000F5
:10AB40008F000000CA0000003F0000000F0000005E
:10AB500002000000C1000000AF000000BD000000C6
:10AB60000300000001000000130000008A00000044
:10AB70006B0000003A00000091000000110000008E
:10AB8000410000004F00000067000000DC000000F2
:10AB9000EA00000097000000F2000000CF00000073
:10ABA000CE000000F0000000B4000000E60000004D
:10ABB0007300000096000000AC000000740000006C
:10ABC00022000000E7000000AD000000350000009A
:10ABD00085000000E2000000F900000037000000DE
:10ABE000E80000001C00000075000000DF0000000D
:10ABF0006E00000047000000F10000001A00000095
:10AC0000710000001D00000029000000C5000000C8
:10AC1000890000006F000000B70000006200000023
:10AC20000E000000AA00000018000000BE00000096
:10AC30001B000000FC000000560000003E00000069
:10AC40004B000000C6000000D200000079000000A8
:10AC5000200000009A000000DB000000C00000009F
:10AC6000FE00000078000000CD0000005A00000047
:10AC7000F40000001F000000DD000000A80000003C
:10AC8000330000008800000007000000C70000003B
:10AC900031000000B10000001200000010000000B0
:10ACA000590000002700000080000000EC000000B8
:10ACB0005F00000060000000510000007F00000005
:10ACC000A900000019000000B50000004A000000C3
:10ACD0000D0000002D000000E50000007A000000DB
:10ACE0009F00000093000000C90000009C000000CD
:10ACF000EF000000A0000000E00000003B000000AA
:10AD00004D000000AE0000002A000000F500000029
:10AD1000B0000000C8000000EB000000BB00000015
:10AD20003C00000083000000530000009900000078
:10AD300061000000170000002B000000040000006C
:10AD40007E000000BA00000077000000D60000007E
:10AD500026000000E100000069000000140000006F
:10AD60006300000055000000210000000C000000FE
:10AD70007D0000000000000100000002000000044F
:10AD8000000000080000001000000020000000404B
:10AD9000000000800000001B0000003602000000E0
:10ADA000030000000100000001000000010000009D
:10ADB000020000000300000001000000010000008C
:10ADC000010000000200000003000000030000007A
:10ADD0000100000001000000020000000E00000061
:10ADE0000B0000000D000000090000000900000039
:10ADF0000E0000000B0000000D0000000D00000020
:10AE0000090000000E0000000B0000000B00000015
:10AE10000D000000090000000E0000000204030500
:10AE200006101112131415202122232F242526FE8B
:10AE3000FFB3FED4FED5FED6FED7FED8FE0000003E
:10AE40000200000031AE02116D790211417A021147
:10AE500000000000FB349B5F8000008000100000B9
:10AE600000000000A10A021159470211130B021140
:10AE7000A5470211CB0A021179470211ED0B02110D
:10AE8000D54802116D0C021149490211CB0B021178
:10AE900049490211290C021101490211ED0B02115D
:10AEA0008D480211850C0211FD49021100000000BD
:10AEB00000000000930B0211FD490211B90A0211B2
:10AEC00075470211001801180028012802280328DC
:10AED000002901290229032904290529002A012A18
:10AEE000022A032A042A052A06290729082900001C
:10AEF00000000000000000000000000000870101C9
:10AF00000201020101020102030304010301010124
:10AF10000101030302010300303132333435363787
:10AF200038394142434445464748494A4B4C4D4EC7
:10AF30004F505152535455565758595A000000001B
:10AF4000303132333435363738396162636465669F
:10AF50006768696A6B6C6D6E6F7071727374757609
:10AF60007778797A00000000636F6E6E65637420F5
:10AF700062795B2530327825303278253032782579
:10AF800030327825303278253032785D2068616E35
:10AF9000646C655B25645D20696E74657276616CB6
:10AFA0005B25645D206C6174656E63795B25645D0F
:10AFB0002074696D656F75745B25645D0A0000001F
:0CAFC00039305800393558003937580036
:020000041FFFDC
:1000000000000000DD4FFF1FF86BFF1F206CFF1F7B
:10001000706FFF1F000000000000000000000000E3
:1000200000000000000000000000000000000000D0
:1000300000000000000000000000000000000000C0
:1000400000000000000000000000000000000000B0
:1000500000000000000000000000000000000000A0
:100060000000000000000000000000000000000090
:100070000000000000000000000000000000000080
:100080000000000000000000000000000000000070
:100090000000000000000000000000000000000060
:1000A0000000000000000000000000000000000050
:1000B0000000000000000000000000000000000040
:1000C0000000000000000000000000000000000030
:1000D0000000000000000000000000000000000020
:1000E0000000000000000000000000000000000010
:1000F0000000000000000000000000000000000000
:1001000000000000000000000000000000000000EF
:1001100000000000000000000000000000000000DF
:1001200000000000000000000000000000000000CF
:1001300000000000000000000000000000000000BF
:1001400000000000000000000000000000000000AF
:10015000000000000000000000000000000000009F
:10016000000000000000000000000000000000008F
:10017000000000000000000000000000000000007F
:10018000000000000000000000000000000000006F
:10019000F542FF1F8D43FF1F3561FF1F0000000068
:1001A000000000000000000000000000000000004F
:1001B000000000000000000000000000000000003F
:1001C000000000000000000000000000000000002F
:1001D000000000000000000000000000000000001F
:1001E000000000000000000000000000000000000F
:1001F00000000000000000000000000000000000FF
:1002000000000000000000000000000000000000EE
:1002100000000000000000000000000000000000DE
:1002200000000000000000000000000000000000CE
:1002300000000000000000000000000000000000BE
:1002400000000000000000000000000000000000AE
:10025000000000000000000000000000000000009E
:10026000000000000000000000000000000000008E
:10027000000000000000000000000000000000007E
:10028000000000000000000000000000000000006E
:10029000000000000000000000000000000000005E
:1002A000000000000000000000000000000000004E
:1002B000000000000000000000000000000000003E
:1002C000000000000000000000000000000000002E
:1002D000000000000000000000000000000000001E
:1002E000000000000000000000000000000000000E
:1002F00000000000000000000000000000000000FE
:1003000000000000000000000000000000000000ED
:1003100000000000000000000000000000000000DD
:1003200000000000000000000000000000000000CD
:1003300000000000000000000000000000000000BD
:1003400000000000000000000000000000000000AD
:10035000000000000000000000000000000000009D
:10036000000000000000000000000000000000008D
:100370005918FF1F000000000000000000000000EE
:10038000000000000000000000000000000000006D
:10039000000000000000000000000000000000005D
:1003A0000000000000000000000000002722FF1FE6
:1003B000000000000000000000000000000000003D
:1003C000000000000000000000000000000000002D
:1003D000000000000000000000000000000000001D
:1003E000000000000000000000000000000000000D
:1003F00000000000000000000000000000000000FD
:0C04000001FF01FF01FF01FF41000000AF
:020000041FFFDC
:1018380028DAFF1F8918FF1F0448854600F028F999
:1018480000480047814EFF1FC046C04628DAFF1FE8
:1018580009484838694601600430F0C044464D469E
:1018680056465F46F0C030BCF0BCF0C0F0BCF0C0DB
:1018780044380249084700000004FF1FCD2DFF1F10
:101888000248804702480047FEE70000892CFF1FF6
:101898004118FF1F0549064A08685043054A801841
:1018A800086040087047014908607047A472FF1F2C
:1018B8006D4EC6413930000038B50446C06818215D
:1018C800401E4843A16840183C21484361684018BD
:1018D8003C2148432168451860690C214843216927
:1018E80040186921C900401A302100F00FF9114A47
:1018F80050434219084600921A2902DB0E49511832
:1019080000910C2100F002F90C4A5043009A80180B
:1019180000900B4806E0491E425C074B5A43009B67
:10192800D21800920029F6DC2146684600F03EF8FD
:10193800009838BD801F8607805101008033E1017F
:10194800216CFF1F10B5044605E00B780370401C9E
:10195800002B00D0491C521EF7D2204610BD03466A
:101968000A780270401C491C002AF9D118467047B1
:10197800034603220870000A491C521EFAD518466D
:10198800704770B5064601F0F1F9046805460A2269
:101998000021304600F044F82C6070BD10B50249B3
:1019A80000F004F810BD0000FCB1FF1F70B50C4634
:1019B80000683C2100F0B0F821603C2100F0ACF850
:1019C8006160182100F0A8F80546A1600721001DF4
:1019D80000F0A2F8A1610F48A90008180E4900F00C
:1019E8009BF80246443288086261E0613B2802D3D2
:1019F800910700D0401C0021084B0A462161995CE0
:101A0800814203D8401A521C2261F8E7401CE0606A
:101A1800204670BD6C0B0000B50500002D6CFF1F43
:101A2800F7B5009C0F4600262578641C002D05D0CC
:101A380000F078F80068405DC007F5D12B2D02D082
:101A48002D2D18D0641E39462046029A00F070F8F1
:101A5800002F04D03968A14201D10099396071057D
:101A6800022400290BDA4042002803DD01F07EF948
:101A78000460A007FEBD012080020643E3E70028BA
:101A8800F8DA01F073F904600048FEBDFFFFFF7F3C
:101A9800064C0125064E05E0E36807CC2B430C3CB9
:101AA80098471034B442F7D3FFF7CAFED46CFF1F2F
:101AB800246DFF1F70B58C180578401C6B075B0FF1
:101AC80001D10378401C2A1106D10278401C03E09A
:101AD80006780E70401C491C5B1EF9D12B0705D4F3
:101AE8000023521E0DD40B70491CFAE70378401CE2
:101AF800CB1A921C03E01D780D70491C5B1C521E0A
:101B0800F9D5A142D8D3002070BD000003B4014824
:101B1800019001BD350E000003B40148019001BDDC
:101B2800090E000003B40148019001BD0110000036
:101B380003B40148019001BD0910000003B4014835
:101B4800019001BDD94F010003B40148019001BDC6
:101B580075A9000003B40148019001BDF9A6000071
:101B680003B40148019001BDA1AF000003B40148CE
:101B7800019001BD9DA9000003B40148019001BD79
:101B8800E927000003B40148019001BD7511000068
:101B980003B40148019001BDDD3F000003B40148D2
:101BA800019001BD8944000003B40148019001BDC2
:101BB8002144000003B40148019001BD750F0000E5
:101BC80003B40148019001BD1130000003B401487D
:101BD800019001BD53B9000003B40148019001BD53
:101BE800C95C010003B40148019001BD1907010057
:101BF80003B40148019001BDBD0B010003B40148C5
:101C0800019001BDDD0C010003B40148019001BD44
:101C1800DD0A010003B40148019001BD013401004F
:101C280003B40148019001BD0934010003B401481F
:101C3800019001BD0534010003B40148019001BDC4
:101C4800F535010003B40148019001BDF9350100E3
:101C580003B40148019001BDE917010003B401482C
:101C6800019001BD6137010003B40148019001BD35
:101C780001D7000003B40148019001BD6DF60000D2
:101C880003B40148019001BD7912010003B4014871
:101C9800019001BD4DF9000003B40148019001BD58
:101CA800C1F7000003B40148019001BD618900003B
:101CB80003B40148019001BDA9D8000003B401484C
:101CC800019001BDB352010003B40148019001BD68
:101CD8000D52010003B40148019001BD8B5201006F
:101CE80003B40148019001BDC1A5000003B4014837
:101CF800019001BD9D6A000003B40148019001BD37
:101D0800116E000003B40148019001BD8D820000EE
:101D180003B40148019001BDE1AC000003B40148DF
:101D2800019001BDE53A010003B40148019001BDED
:101D3800496D010003B40148019001BD3D710100E6
:101D480003B40148019001BD0189000003B40148B2
:101D5800019001BD156B010003B40148019001BD5C
:101D68008933021103B40148019001BDB30E00008C
:101D780003B40148019001BDED4A010003B40148D4
:101D8800019001BDA54F010003B40148019001BDB8
:101D98008552010003B40148019001BD016C0100A6
:101DA80003B40148019001BDBD5C010003B40148C2
:101DB800019001BDCD4C010003B40148019001BD63
:101DC800E9A1000003B40148019001BD2D0F0000F6
:101DD80003B40148019001BDD70E000003B40148C7
:101DE800019001BDA96F010003B40148019001BD34
:101DF8009573010003B40148019001BD810E0000F4
:101E080003B40148019001BDF15A021103B401481D
:101E1800019001BDA159021103B40148019001BD0F
:101E280021A9000003B40148019001BDADAE000036
:101E380003B40148019001BDB54C010003B4014849
:101E4800019001BD4550000003B40148019001BD57
:101E5800C56D010003B40148019001BD915A0211FA
:101E680003B40148019001BD154D010003B40148B8
:101E7800019001BD810E000003B40148019001BD2D
:101E880051B8000003B40148019001BD85C10000AC
:101E980003B40148019001BDE9D4000003B401482E
:101EA800019001BDF9ED000003B40148019001BDA6
:101EB800E9F6000003B40148019001BD75F800007F
:101EC80003B40148019001BD19FA000003B40148A8
:101ED800019001BDE90B010003B40148019001BD67
:101EE8006D0B010003B40148019001BDC11501004B
:101EF80003B40148019001BDCD0C010003B40148B1
:101F0800019001BD71B0000003B40148019001BD0A
:101F1800D9B0000003B40148019001BD5976010011
:101F280003B40148019001BDE94C010003B4014824
:101F3800019001BDED6B010003B40148019001BDA2
:101F48008937010003B40148019001BDC9A9000007
:101F580003B40148019001BDE503021103B401482F
:101F6800019001BDEDA5000003B40148019001BD39
:101F7800A533021103B40148019001BDD9590211DA
:101F880003B40148019001BD355B021103B4014857
:101F9800019001BD3D4B010003B40148019001BD12
:101FA800B14E000003B40148019001BD3D18000086
:101FB80003B40148019001BD2146010003B4014862
:101FC800019001BD1125021103B40148019001BD22
:101FD8008127021103B40148019001BD01140211C7
:101FE80003B40148019001BD7D1E021103B40148EC
:101FF800019001BDB50E021103B40148019001BD65
:10200800ED17021103B40148019001BD55290211D1
:1020180003B40148019001BD2D11010003B401482A
:10202800019001BD2D6C010003B40148019001BD70
:10203800DD13010003B40148019001BDE91001005E
:1020480003B40148019001BD2114010003B4014803
:10205800019001BD19B3000003B40148019001BD0E
:10206800755A021103B40148019001BDE51201003F
:1020780003B40148019001BD7511010003B4014882
:10208800019001BDB912010003B40148019001BDDE
:10209800A512010003B40148019001BD8D7901002A
:1020A80003B40148019001BD8914010003B401483B
:1020B800019001BD8559021103B40148019001BD89
:1020C800D1A5000003B40148019001BDD544010029
:1020D80003B40148019001BD7997000003B4014899
:1020E800019001BD6911010003B40148019001BDCF
:1020F8008512010003B40148019001BD8D11010052
:1021080003B40148019001BDF90D010070B5514AB1
:102118008AB0012800D1504A4301504802AC1D182A
:10212800287E00280AD084208058C3B2002002E00C
:1021380016782654401C9842FADB04E0107D0123EF
:1021480010786A461072E869002807D06846017658
:1021580008A807940370E96906A888470AB070BD03
:10216800FEB5044642013D483A4D1318805C191DDE
:1021780000282AD0187E002827D0987E002824D04E
:102188000878022821D188884A888E68801A82B205
:10219800102A01D9102201E0002A02D0012C17D000
:1021A8001DE001200870002048808880D869002838
:1021B80006D02B4A6D4607CA07C5D96968468847BD
:1021C800002C03D0192002F0A9F8FEBD0820FAE778
:1021D800214D04E04888431C4B80305C2870104631
:1021E800521E92B20028F5D1FEBD1B488068000738
:1021F800000F062812D006DC02280AD004280DD1C8
:102208000121012082E7072805D00C2806D10221E8
:10221800F7E70120A4E710484030C06B70470D482D
:1022280080680007000F062812D006DC02280AD0B2
:1022380004280DD10121002068E7072805D00C28C3
:1022480006D10221F7E700208AE702484030C06B38
:10225800704700000040004000900040B893FF1F06
:10226800BC6BFF1F38B5274C2078072847D826486D
:102278000278012125480904002AC26B40D08A430C
:10228800C263252001F078FC2148202102680A4316
:1022980002604806026804235207002A08DB026825
:1022A8001A43026013221546521ED2B2002DFAD1EB
:1022B800C268520708D4C2681A43C2601322134680
:1022C800521ED2B2002BFAD1C2688A43C2601322CE
:1022D8001346521ED2B2002BFAD1C2680A43C2601A
:1022E80013200146401EC0B20029FAD10948017DD9
:1022F8000091217841601D2101707621C16038BDAF
:102308000A43BDE7306DFF1F246DFF1F00F000403A
:102318003C6DFF1F0020004010B50D497620C860B5
:10232800FFF70CFC10BD0446FFF70EFC0949C8690D
:1023380040229043C8612046FFF70CFC01F04CFF97
:1023480004490420C03108600120FFF709FCFEE7BA
:102358000020004000F0004010B5FFF7F5FB0A48E8
:102368000468094A41178032116008490160FFF783
:10237800FDFB204610BD10B50446FFF7E5FB0248FB
:102388000460FFF7F3FB10BD00E100E0100010004F
:1023980010B5FFF7F1FB022805D0072805D0122851
:1023A80000D1022010BD142010BD224904200A6B60
:1023B800521C0A6310BDF8B500260C460D460746A8
:1023C80040341FE0607CC1004A1953686A5C0028E9
:1023D80001D0012100E000213846FFF7D9FF00288D
:1023E80002D001212176F8BD607CC000401946600A
:1023F800607C401C6074207C401E20740D48016A7B
:10240800491C0162207C0028DCD166742676F8BD60
:10241800084A5C2141435C3A10B589185822525C3D
:10242800012A05D1FFF7C7FF0248816A491C81626A
:1024380010BD0000B8B1FF1F30B510498868020709
:10244800120F0F48042A03D0072A12D00C2A13D1DE
:102458000C4A00230C7DE4070ED00C7845685455CF
:1024680044681F2C03D04468641C4460F2E743604E
:10247800F0E702484030C06B30BD0000004000402B
:10248800A871FF1F84B0FF1F38B5044600F09EF9FD
:102498000146684601704470210A81706A4603212A
:1024A8000248FFF76FFB002038BD00001B2000002A
:1024B80038B5044600F0B0F901466846017044702A
:1024C800210A81706A4603210248FFF75BFB00205E
:1024D80038BD00001A20000070B50124A407A368C5
:1024E80010252B43A360FFF753FBA068A843A06007
:1024F80070BD0000FFB5064601208007816881B0E5
:102508001D46102211438160554F00203860304627
:10251800D730FFF743FB9D20800034468059FF36B3
:10252800CA3401360028306822462CD00121FFF732
:102538003BFB4B4F2078F863641C2046FFF73AFBBF
:1025480000BA000AE17800020843B863241D204657
:10255800FFF730FB00BA000AE1780002084378630D
:10256800241D2046FFF726FB00BA000AE178000286
:10257800084338630398029900020843F860039FF0
:1025880000243F1D0EE00021D1E72819401CFFF769
:1025980011FB0102285D0143324820180160241D07
:1025A800A4B23F1F042FF0DA032F04D0022F08D063
:1025B800012F0CD011E02819FFF7FCFA0102090AD3
:1025C80006E0291948780A780102114300E0295DDC
:1025D800244820180160241DA4B20021214F02E0E4
:1025E800E0190160241DFF2CFADD1D481E4A4260D7
:1025F8000F220261012202604269002AFCD042696E
:10260800930701D4520708D401208007826810215B
:102618008A438260002005B0F0BD01600020039A63
:1026280011E0C11909682954401C80B20B0A2B54C7
:10263800401C0B0C80B22B54401C80B2090E29544C
:10264800401C80B2121F002AEBDC3068401C30604E
:1026580001208007826810218A4382600120DAE71E
:102668000000044000010440080F0000FFB50546C3
:1026780001208007816881B01E46102211438160C5
:10268800504F002038602846D730FFF787FA9D2042
:1026980080002C464059CA3480350028E86F22460D
:1026A8002BD00021FFF780FA464F2078F863641C8E
:1026B8002046FFF77FFA00BA000AE17800020843D3
:1026C800B863241D2046FFF775FA00BA000AE178BE
:1026D800000208437863241D2046FFF76BFA00BA0E
:1026E800000AE1780002084338630398029900025F
:1026F8000843F8600024039F0EE00121D2E7301957
:10270800401CFFF757FA0102305D01432E4820189C
:102718000160241DA4B23F1F042FF0DA032F04D058
:10272800022F08D0012F0FD014E03019FFF742FA1A
:102738000102090A09E031194878097800020843BA
:1027480021496118086003E0315D1F4820180160C5
:10275800241DA4B200211C4B02E0E0180160241DD6
:10276800FF2CFADD0F221748120242600F22026185
:10277800012202604269002AFCD00160039A00200D
:10278800121D11E0C11809683154401C80B20C0AAE
:102798003454401C0C0C80B23454401C80B2090ED6
:1027A8003154401C80B2121F002AEBDCE86F401C39
:1027B800E86701208007826810218A43826005B09B
:1027C800F0BD0000000004400001044010B5114AAB
:1027D800A1218900126841438C189D21890009595B
:1027E800012901D00C2010BDFFF7EAF90028FAD121
:1027F800E01DF93002790621012A06D041710D2128
:102808002046FFF7E3F9002010BDFF2021300155D5
:102818000221F5E73409FF1F70B50D46134AA121BF
:102828008900126841438C189D21890009590129A2
:1028380001D00C2070BD002D16D0FFF7C1F900287B
:10284800F8D110210B1A2A5C1B19E033401CC0B2C6
:102858009A711028F6D30121F82001550521204648
:10286800FFF7B4F9002070BD122070BD3409FF1FB6
:10287800F8B5FFF7B1F9564908600420FFF7B2F937
:10288800FFF7B6F90646C00715D052490020086080
:1028980051480078012811D0032813D0042815D0F6
:1028A800022817D0052819D0FFF7A8F94B4F04467E
:1028B80001281AD01EE0FFF7A7F9F8BD3046FFF748
:1028C800A9F90EE03046FFF7ABF90AE03046FFF70A
:1028D800ADF906E03046FFF7AFF902E03046FFF702
:1028E800B1F940B20128E8D04FE0387805280BD07C
:1028F800062809D03A483B4D0078022808D0052818
:1029080006D0022C0ED005E0304602F055FA3CE025
:10291800022C02D0012C11D014E0A87B002805D08D
:10292800022803D03878052804D00BE0304602F09E
:102938005BFA15E0304602F04BFA11E0012807D0A7
:10294800062809D03046FFF783F9022C08D01CE08E
:10295800304602F061FA18E0304602F051FA14E00D
:102968003878012811D170050FD4687BC10701D0D0
:10297800252004E0800701D5262000E02720297DB6
:10298800814202D93220FFF769F9154C20780428D2
:1029980004D003280ED0072811D014E0FFF764F9FB
:1029A800002810D0FFF766F95820FFF769F90220D0
:1029B800207008E00C48807CFFF768F903E00B48BA
:1029C800807BFFF769F90320FFF70CF9F8BD0000D9
:1029D8009C09FF1F9809FF1F9009FF1F1C09FF1F73
:1029E8002309FF1FA60BFF1FBC0BFF1FD40BFF1FE4
:1029F800F8B56E4D0028AB7916D0012B01D0032B0A
:102A080012D16B490A78FF2A0ED14A78FF2A0BD1D6
:102A18008A78FF2A08D1CA78FF2A05D10A79FF2ABD
:102A280002D14979FF2937D062490A78012A1DD095
:102A38000027614C0F702278092A76D00A2A74D0B0
:102A48000B2A72D00C2A70D00D2A6ED0052A6CD0B1
:102A5800062A6AD0A97B00290AD0012908D00329AF
:102A680006D0022904D0042916D101E00C20F8BDB3
:102A7800002B05D0012B03D0022B01D0032B0BD147
:102A8800032901D0022902D16B88202B04D34B4E95
:102A9800002869D0012801D01220F8BDA888012893
:102AA80043D0002A17D10B00FFF7FCF805040810E3
:102AB8000C082400012020701F200AE0022020704A
:102AC800202006E004202070222002E0032020704D
:102AD8002120FFF787F82078282201280CD0022827
:102AE8000AD0042808D0032806D007280DD00828C3
:102AF8000BD01AE01E20ECE7314807602A75FFF773
:102B0800D7F800281FD0AF800FE02E484068808D8E
:102B180080060AD52C480178002906D1A97B03290B
:102B280005D0022903D0002901D02120F8BD0221B7
:102B380001702A750C0321463078FFF7BFF821464B
:102B48003078FFF7C1F80120A880204800780028D5
:102B58002AD01F48012102887D20C0004243C903B2
:102B68003078FFF7B7F81FE0FEF7EEFFAF80207868
:102B7800072808D0082806D027701648FFF7B0F8AD
:102B88001E20FFF72FF810480178002905D007709C
:102B9800012149033078FFF791F8FEF7E7FF01219B
:102BA800C9033078FFF78AF80020F8BDA60BFF1F8D
:102BB8006B09FF1F1A09FF1F1C09FF1F1B09FF1FB5
:102BC8004809FF1F8471FF1F2309FF1F2109FF1FE9
:102BD8002C09FF1F00100040F0B585B014468C4644
:102BE80086460AAD87CD0D4E357803976F4607C7E1
:102BF800224661467046FFF779F83570012C01D0FE
:102C0800042C08D1064980240978CA0105498B8813
:102C1800A3431A438A8005B0F0BD00001C09FF1FBA
:102C28007809FF1F6C11FF1F10B5FB2908D8084B46
:102C38009A4205D81B2903D3FF2349339A4201D26C
:102C4800302010BD034B19825A82FFF755F810BD8A
:102C5800480800008410FF1F10B5FFF753F8024919
:102C68000020488010BD00008471FF1FC106C90EF6
:102C780001208840014908607047000000E100E039
:102C8800024901480860704740787D018071FF1F44
:102C980030B5084CE16A8A0807498A1A8D1AE36A2E
:102CA8009B08CB1A934201D39B1A00E0EB1883428E
:102CB800F5D930BD00100040FFFF3F000FB410B53C
:102CC80004A9074B02AA039800F070F9044602A968
:102CD800002000F055FB204610BC08BC04B0184783
:102CE8008933FF1F8307FF22DB0E9A408907090EED
:102CF8009940002808DB830809489B001B181868BE
:102D080090430843186070470007000F083883088D
:102D180004489B001B18D86990430843D861704742
:102D280000E400E000ED00E08307FF22DB0E9A409C
:102D38008907090E9940002808DB830809489B0089
:102D48001B18186890430843186070470007000F65
:102D58000838830804489B001B18D8699043084327
:102D6800D861704700E400E000ED00E000487047DB
:102D7800A872FF1F02E008C8121F08C1002AFAD172
:102D880070477047002001E001C1121F002AFBD1E3
:102D9800704700000248C069002800D0004770470B
:102DA8004003FF1F1CB569460120FEF7B1FF012053
:102DB80000900348019000F093FD01201CBD000025
:102DC800BB0B0000044629A0FEF7A8FF2DA0616AEE
:102DD800FEF7A4FF2FA0A16AFEF7A0FF31A0E16AC9
:102DE800FEF79CFF33A0216BFEF798FF35A06168C2
:102DF800FEF794FF37A0A168FEF790FF39A0E168BD
:102E0800FEF78CFF3BA02169FEF788FF3DA06169B2
:102E1800FEF784FF3FA0A169FEF780FF41A0E169AA
:102E2800FEF77CFF43A0216AFEF778FF45A0616B9F
:102E3800FEF774FF47A02168FEF770FF49A0A16B59
:102E4800FEF76CFF4BA0E16BFEF768FF4DA0216C0D
:102E5800FEF764FF4F4841684FA0FEF75FFF5248F6
:102E68000068002800D08047FEE700005B486172D8
:102E780064206661756C742068616E646C65725D4F
:102E88000A00000052302020203D203078253038BC
:102E9800780A000052312020203D20307825303833
:102EA800780A000052322020203D20307825303822
:102EB800780A000052332020203D20307825303811
:102EC800780A000052342020203D20307825303800
:102ED800780A000052352020203D203078253038EF
:102EE800780A000052362020203D203078253038DE
:102EF800780A000052372020203D203078253038CD
:102F0800780A000052382020203D203078253038BB
:102F1800780A000052392020203D203078253038AA
:102F2800780A000052313020203D20307825303892
:102F3800780A000052313120203D20307825303881
:102F4800780A000052313220203D20307825303870
:102F5800780A000053502020203D20307825303852
:102F6800780A00004C522020203D20307825303847
:102F7800780A000050432020203D20307825303842
:102F8800780A000050535220203D203078253038F0
:102F9800780A000000ED00E049435352203D2030FC
:102FA80078253038780A0000286DFF1FFFB58FB0EC
:102FB8000546002606E025280AD0129A119990475E
:102FC8006D1C761C28780028F5D1304613B0F0BD6A
:102FD800002402940121B54A009400E004436D1CCA
:102FE8002B780846203B98401042F7D128782A28A9
:102FF8000ED00222287801463039092916D80299BC
:103008000A2359433039401814436D1C0290F1E7E4
:10301800109802C802911090002904DA0120400398
:10302800044348420290022004436D1C28782E284D
:1030380017D10420044368786D1C2A280CD11098F5
:103048006D1C02C8009110900BE000990A225143B0
:10305800303940186D1C009028780146303909290C
:10306800F3D928786C2810D006DC4C281AD06828A8
:103078000ED06A2817D104E0742813D07A2812D108
:1030880010E00120400504430CE00121090501E09E
:10309800032109050C436978814203D10120000509
:1030A80024186D1C6D1C2878692874D006DC00284B
:1030B8008BD0632827D0642806D16CE06E2808D00E
:1030C80073282CD0752878D0129A11999047761CBD
:1030D8005FE06002400F022809D003280DD00428C1
:1030E800109801680DD00E60001D109051E01098E6
:1030F800F21701680E604A60F6E7109801680E80C2
:10310800F2E70E70F0E710986A4601781173001D17
:1031180010900020507303A80190012005E010983A
:1031280002C8019110900020C04361070CD5002708
:1031380000E07F1C00998F420FDA8742F9DB019982
:10314800C95D0029F5D108E0002700E07F1C87420F
:10315800FCDB0199C95D0029F8D102982146C01B02
:103168000290129B119A00F0B3F88019C61907E073
:10317800019801990078491C0191129A1199904778
:103188007F1EF5D22146129B119A029800F090F802
:1031980086196D1C16E70A200190109901C9109133
:1031A8006102490F032900D100B2042900D140B2BD
:1031B800002803DA40422D2103E00DE0210504D563
:1031C8002B216A461173012103E0E10711D0202168
:1031D800F7E70CAF0C9114E00A200190109901C98F
:1031E80010916102490F032900D180B2042900D14E
:1031F800C0B20021EDE70199FEF78EFC30317F1E49
:1032080039700028F7D104A8C01B2030019060074E
:1032180004D5012000048443009801E001200090B7
:103228000199884201DD401A00E000204118009011
:103238000C9809180298401A0290E00306D4214617
:10324800129B119A029800F043F8861900200D90FD
:1032580008E003A9085C129A119990470D98401C40
:10326800761C0D900C998842F3DBE0030CD52146BF
:10327800129B119A029800F02BF8861904E0129A12
:10328800302011999047761C0099481E009000291B
:10329800F5DC05E03878129A7F1C11999047761C66
:1032A8000199481E01900029F4DC6BE70928010008
:1032B800F8B5044600251E461746880404D405E0E0
:1032C80039462020B0476D1C641EF9D52846F8BD44
:1032D800FFB50446002581B01E46C80301D5302736
:1032E80000E02027880404D505E038460399B04754
:1032F8006D1C641EF9D5284605B0F0BD10B500F068
:10330800E3FAFFF74FFD002802D00248804710BDBE
:10331800FEE70000E1A20000F0B585B00546029185
:10332800002927D0154F0024144E803F0023009415
:103338000222194605200194FEF7F6FC3069800741
:10334800FCD420200090411E009101D30846FAE7E2
:1033580038680028FCDA012103A8FEF7EBFC684670
:10336800007B284007D00520FEF7EAFC0298401EA3
:103378000290DBD1112005B0F0BD000080C80040EC
:103388000A68531C0B6010707047000038B5164D62
:103398000446A98828684904C00B08430090FEF732
:1033A800D5FCA968814204D90099FF31FF31023167
:1033B80000910099C00B401800906846FEF7EEFA9D
:1033C800017C0A4A491CA170818A89182170090A5E
:1033D8006170017BE170017A217101796171007876
:1033E800A071002038BD00001096FF1F6C07000078
:1033F80070B50446FEF7AAFC06462046FEF75CFABE
:103408000446002521460BA0FEF7A6FC620CE90342
:103418001143E203901B084AA94143C207A0FEF7E3
:103428009BFC1021044801F009FE0CA0FEF794FC57
:1034380070BD0000257800001096FF1F6170705F56
:103448006461746574696D655F61646A7573745FDE
:10345800626173656C696E653A0A00000A000000D3
:1034680000B58FB003A800F0BBFA03AB07CB0290FE
:103478000191009206490898079A411805A0521C24
:10348800069BFEF769FC03A8FFF7B2FF0FB000BD6B
:103498006C070000636865636B5F64656661756CE3
:1034A800745F6461746574696D650A54696D65203B
:1034B80069732025642D25642D25642C2025643A04
:1034C80025643A2564000000F3B591B02C2103A8C7
:1034D800FEF748FC10A880790E90401E079010A8AF
:1034E80080880F490F904018089010A8C679069652
:1034F800047A0594457A0495877A0AA00397FEF71B
:103508002BFC6846B0C033460BA00E9A0F99FEF705
:1035180023FC03A8FFF76CFF002013B0F0BD0000E8
:1035280094F8FFFF0A6170705F6461746574696D77
:10353800655F7365743A0A0054696D652069732084
:1035480025642D25642D25642C2025643A25643AAC
:1035580025640A0030B585B0FEF7F8FB0F4A91687C
:10356800814208D9012513682D0651685B1900248A
:10357800614113605160906003A8FFF707FF684638
:10358800827C417C007C6B4607C36846C37B827B98
:10359800818903A0FEF7E0FB05B030BD1096FF1F40
:1035A80054696D652069732025642D25642D256473
:1035B8002C2025643A25643A25640A0010B5FEF7E4
:1035C800D7FB0120FEF7DAFBFEF7DEFB002010BD7B
:1035D800F8B54D484068C043000603D53C20FEF7C7
:1035E800AFFBF8BDFEF7B2FB474D0746803D2868A4
:1035F8000121890408432860E869444908402830C3
:10360800E8610320FEF79CFB686AC603F60B0320FB
:10361800FEF796FB686AC403E40B0320FEF790FBF1
:10362800686AC503ED0BA64201D3204600E0304688
:10363800A84200D32846A64201D3314600E02146DD
:10364800A94200D22946324AB218C32A26D2304AA1
:10365800D243944222D92F4B9C421FD295421DD966
:103668009D421BD2081A132818D2274841680C22F9
:10367800914341604168FF22120291434160142046
:10368800FEF75EFB20488038416AC269C903C90B4E
:1036980008239A43C26120480161F8BD26462C469A
:1036A8000320FEF74DFB18488038406AC503ED0B30
:1036B800FEF74CFBB84201D3C01B01E0C01B401E03
:1036C80016498842AFD310484168090A00914268F8
:1036D800FF2109028A430099491C0906090C0A437B
:1036E800426041680C229143091D41600020FEF7A9
:1036F80051FB0B48009988400A49884200DB08467C
:10370800FEF711FE8FE70000C0F0004000FEFEFF4C
:1037180091FCFFFF320400008471FF1FE40C0000DD
:10372800E880000060361E00F8B53D4840683C4C13
:103738000006803C8021002806DB60680843606042
:103748000320FEF7FDFAF8BD364D0020A861206879
:103758000122920410432060334F6068802108439F
:1037680060600320FEF7ECFAA869401CA861606855
:1037780001210904084360600026E0692B493840AC
:103788004018E0610320FEF7DBFA606AE169C003D4
:10379800C00B08229143E161296906225143814205
:1037A80001D3091A00E0411A3C2909D2E269012132
:1037B80009048A43E26162688A4362606861F8BD0D
:1037C800761CF6B2052ED8D3E169012000048143A6
:1037D800E161616881436160A8692E46052807D3C5
:1037E800BFF34F8F13491248C860BFF34F8FFEE7EE
:1037F80060688021884360600320FEF7A1FAE069D1
:1038080038402830E0610320FEF79AFA606AC00366
:10381800C00B3061E16908208143E1619DE7000048
:10382800C0F000408471FF1F00FEFEFF2800010069
:103838000400FA0500ED00E0F8B504460120FEF7A3
:103848007FFAFEF7ADFA1849184A0860966A184BCD
:103858001E60184BDF6A184D2D68AF4202D2DB6A32
:10386800EB1A00E00023154D2B603319D362536A1D
:103878002924E40323435362114A1278002A0FD003
:10388800104A1378022B07D01378012B06D0127830
:10389800032A06D0C01E02E00F3800E0083808608E
:1038A800F8BD401FFBE70000E408FF1F00F00040E0
:1038B800340AFF1F00100040180AFF1F1C0AFF1FD0
:1038C8001C09FF1F4A0AFF1F0349002048610349DA
:1038D800086048607047000040F0004040F1004038
:1038E80070B58AB000241E4D0494059428780128E8
:1038F80006D004A90120FEF70BFA002802D0002008
:103908000AB070BD04980090059801901548816828
:103918000291C0681349039006AA10316846FEF761
:1039280037F9104E10222036314606A8FEF73EFA27
:10393800002811D0012028700B4A31466846FEF74E
:1039480027F904940020694605948200401C8C5095
:103958000428FADB0120D3E7FF202870CFE7000016
:103968008C72FF1F002900113CB1FF1FF7B58AB008
:103978000D46002104916A4605910346CB40DB07BA
:10398800DB0F5354491CC9B20929F6D3002423E09C
:10399800002204AB68464679007898543146414085
:1039A80068464778077087784770C77887700779BF
:1039B800C770067186794671C6798671067A521C77
:1039C800C671D2B20172082AE4D30C9801191846BC
:1039D800FEF7F2F9641CE4B2AC42D9DB0DB0F0BDDD
:1039E800F0B5054687B029A0FEF7B6F92AA0FEF77C
:1039F800B3F926A16846FDF7B2FF2AA16846FEF78B
:103A0800E1F9294E0024A00031586846FEF7E0F994
:103A1800002836D0641C0C2CF5DB22A10020FEF710
:103A2800D1F9FDF7AEFFC1B206911EA10020FEF745
:103A3800C9F9FDF7A6FF87B217A16846FDF78FFF02
:103A48001AA16846FEF7BEF9FDF79BFFC6B217A19B
:103A58000020FEF7B7F9FDF794FFC4B213A10020C8
:103A6800FEF7B0F9FDF78DFF6946897DC0B2491EA2
:103A780029610F49791869610699E96051C507B04C
:103A8800F0BD6846641C8475C7E700005365702064
:103A9800203820323032360031313A35383A353133
:103AA8000000000020000000C86BFF1F3A00000063
:103AB80094F8FFFF0648006AC00708D00448103091
:103AC800C06804480168002901D0052008477047EC
:103AD800401000402C6DFF1F0648406BC00708D0FF
:103AE80004482430C06804480168002901D0062031
:103AF80008477047401000402C6DFF1F38B5FEF78F
:103B080023F801229207936A08240094002B01D11C
:103B1800012090620A480221016000994D1E00951B
:103B2800FBD2032101600094641E0094FCD20021A2
:103B38000160002B00D19162FEF718F838BD000033
:103B480000C00040012189070122202804D28B6887
:103B5800824093438B607047402805D24B692038D8
:103B6800824093434B6170476028FCD20B6A40380F
:103B7800824093430B62704701229207012120285B
:103B880004D2936881400B4393607047402805D264
:103B98005369203881400B43536170476028FCD239
:103BA800136A403881400B4313627047012110B5F6
:103BB80089070122202813D20346153B012B07D879
:103BC8000A68202082430A600A6802430A6010BD1E
:103BD8000B68824093430B6008681043086010BD6F
:103BE800402814D20346353B032B07D8CA68102057
:103BF8008243CA60CA680243CA6010BDCB682038D5
:103C080082409343CB60C8681043C86010BD6028E9
:103C1800FCD24B6A4224201A824093434B62486A82
:103C28001043486210BD0000F1B584B0FEF794FB64
:103C38000124A4070190A76AFDF786FF2549022001
:103C4800086060620120A062FDF790FF224D28699C
:103C58008007FCD420200090411E009101D3084623
:103C6800FAE71D4E803E30680028FCDA1B49012027
:103C7800FFF752FB002817D10498FEF7AFF8C0B23F
:103C8800029028698007FCD420200090411E0091F2
:103C980001D30846FAE730680028FCDA0F49032008
:103CA800FFF73AFB002802D0112005B0F0BDFDF760
:103CB8004BFF08490020086003216162A062FDF7FC
:103CC80055FF002F01D1FFF719FF0198FEF753FBAD
:103CD8000298EAE700C0004080C80040FFFFFF07E5
:103CE800F7B582B00446FEF737FB00906003112158
:103CF800400B090647188D01AE6A22488168E81210
:103D0800814209D91F20C004044005D01E484462DE
:103D18000168AA1311430160002E09D1FDF714FFB1
:103D28001A490220086068620120A862FDF71EFF98
:103D3800002003E03A5C03990A54401C0499884225
:103D4800F8D30027002E08D1FDF7FEFE0F480760C4
:103D580003206862AF62FDF709FF0A488168012005
:103D6800C004814208D9002C06D00748476202687F
:103D7800012109048A4302600098FEF7FCFA00203A
:103D880005B0F0BD686DFF1F00C8004000C00040CE
:103D9800F7B584B0FEF7E0FA0190FDF7D5FE244FA1
:103DA80002203860440760620120A062FDF7DEFE51
:103DB800204D28698007FCD420200090411E0091E6
:103DC80001D30846FAE71B4E803E30680028FCDA2B
:103DD80019490120FFF7A0FA002818D104AB07CB36
:103DE800FEF702F8C0B2029028698007FCD42020B0
:103DF8000090411E009101D30846FAE73068002878
:103E0800FCDA0D490120FFF787FA002802D01120BB
:103E180007B0F0BDFDF798FE00203860032161620D
:103E2800A062FDF7A3FE0198FEF7A5FA0298EFE756
:103E380000C0004080C80040FFFFFF07F0B52E4CCF
:103E480089B02078012818D0FEF786FA2B4D079004
:103E580028698007FCD4202700970098411E00910C
:103E6800FBD2264E803E30680028FCDA2449012027
:103E7800FFF752FA002821D102E0002009B0F0BD76
:103E88000020009003460146019003229F20FDF781
:103E98004BFF032102A8FDF74DFF28698007FCD4DA
:103EA80000970098411E0091FBD230680028FCDA88
:103EB80013490120FFF730FA002801D01120DDE76F
:103EC8000798FEF758FA6A46917A527A080412025D
:103ED80010436A46127A0B4B10436060084611384B
:103EE8000122052802D81046884001E00120C004BC
:103EF800A06098612270C0E7686DFF1F80C800400D
:103F0800FFFFFF078008FF1F30B58DB0302217492B
:103F18006846FDF76FFF00246D4660004119497837
:103F2800285CFDF76DFF641CE4B2172CF5D310482C
:103F38004169C2009143052212048918416141690F
:103F480001225206114341614169032252059143FE
:103F58000122520589184161072000F031F900F06B
:103F680045F900F02BF90DB030BD00008C6BFF1F38
:103F780000F00040F7B51C4882B00078002820D037
:103F88006846047A1848401C0090215C6846857A87
:103F9800C689078A012916D0037BC27A294620469A
:103FA80000F050F83A463146204600F0B7F8684627
:103FB800417A204600F09AF800980121215400F037
:103FC800C9F805B0F0BD3A463146204600F0A6F8DB
:103FD8000C204443054820184168072212039143E6
:103FE8002A0311434160ECE79C95FF1F00E0004065
:103FF8000C2148431249401841684908490041606A
:10400800416801221204914341604168490049080E
:104018004160416807221203914341604168FF22D1
:1040280001329143416041681022914341608168A7
:10403800090C09048160816889B2816070470000B9
:1040480000E00040F8B507461C4615460E4612200B
:10405800FFF792FD0C204743124838184168490879
:10406800490041604168072212039143320311431A
:1040780041604168FF22013291432A0211434160A5
:104088004168102291432201114341604168012295
:10409800D2071143416000221146122000F008F9AE
:1040A800F8BD000000E0004070B50F4D00232878EF
:1040B800012817D0012000242870FF26E8180A21BB
:1040C80044705943D8B2491908724E728C72CC7236
:1040D8000C73CC810C82FFF78BFF5B1C062BEDDB8E
:1040E80000F050F870BD00009C95FF1F70B50446A5
:1040F8000D460A30C1B22846FDF788FE0C20054956
:104108006043401841680122114341600248055547
:1041180070BD000000E00040506DFF1F10B59142D7
:1041280015D80C2358430A4BC018446801231B04B4
:104138009C43446084680904A4B20C438460816889
:10414800090C09041143816041681943416010BD9D
:1041580000E0004010B5094C206800280CD112205E
:1041680000F07AF80648026801210A4302600268F2
:1041780010231A430260216010BD00004C6DFF1F20
:1041880000E0004010B50B4C2068012810D1122027
:1041980000F0C4F80848016849084900016001684E
:1041A800102291430160002020601220FFF7CAFC12
:1041B80010BD00004C6DFF1F00E000400F2070474D
:1041C8000449420903D00020C86006207047C8602F
:1041D80000207047346DFF1F0348C1691F22520435
:1041E8009143C1610020704700F000400548C16953
:1041F8001F2252049143044A928952041143C16117
:104208000020704700F00040346DFF1F10B5782182
:104218000C48FDF7A7FD0C480078012803D00228B8
:1042280004D0042804D1FDF7F7FD01E0FDF7FAFDFD
:1042380006480078C00702D00649054808630020F0
:1042480010BD00002495FF1F346DFF1F00200040A3
:104258002123FF1FC000FF1F70B505461248122416
:104268000078012815D0042813D0FDF76DFC0F48FD
:1042780000210C224A43825C002A11D0AA420CD1A8
:104288000C235943012208184270FDF7C5FD00248C
:1042980006E0FDF7C1FD002070BD491C0A29E8DBD6
:1042A800FDF764FC204670BD346DFF1F2495FF1F89
:1042B80030B50D4C00230C255D43655D854201D169
:1042C800072030BD002D04D05B1C0A2BF3DB032034
:1042D80030BD0C256B431B19F9D000245C70187095
:1042E8009A602046596030BD2495FF1F70B5FFF7CE
:1042F8007DFF094D002420460C214843295C0029F4
:1043080007D040194068002800D08047641C0A2C58
:10431800F1DB002070BD00002495FF1F70B5054635
:10432800164800240078012811D004280FD0FDF782
:104338000BFC0021124A0B4608460C267043165CFB
:10434800002E0FD0AE4205D18018437007E0FDF76C
:1043580063FD0DE080184078002800D0641C491CDB
:104368000A29E9DB002C05D0FDF756FDFDF7FEFB19
:10437800002070BDFDF756FDF8E70000346DFF1F03
:104388002495FF1F70B519480121890742688A6082
:10439800826801231A434A6115490A6B0261496B15
:1043A800416100210420FEF7BFFC01211420FEF723
:1043B800BBFC01211520FEF7B7FC01211720FEF7F1
:1043C800B3FC0C4D002420460C214843295C0029ED
:1043D80009D040198068002800D08047641C0A2C46
:1043E800F1DB002070BD122070BD0000346DFF1F8E
:1043F80080F000402495FF1F1CB51A491F20087043
:104408001948012404701949002008701848C16B24
:10441800490949010931C163C16B602291432031C7
:10442800C16300F02DF800210420FEF75BFC012198
:104438001420FEF757FC01211520FEF753FC01213B
:104448001720FEF74FFC052189020A48FDF7F0FC0A
:104458000320034600900122074901940748FDF70D
:10446800EDFC1CBD480AFF1F490AFF1F680AFF1F11
:1044780080F00040B87FFF1FBC72FF1F347DFF1F14
:1044880010B5FEF73BFF10BD70B540251C4C012848
:1044980002D0002811D027E06069052140014009B9
:1044A800C90640186061E069164908401649401875
:1044B800E061E0692843E06116E000210A20FDF789
:1044C8009FFC00210B20FDF79BFCE06903210902FA
:1044D8000843E061E069A843E06160690B2140019D
:1044E800400909074018606160690121090708430C
:1044F8006061A069032149048843A06170BD000080
:1045080000F000407F00FEFF80FD010010B5064A64
:10451800D160906000F086F8044A00211320FFF76C
:10452800C7FE002010BD0000586DFF1F2D46FF1F5D
:1045380072B606480168491C0160054904200860F4
:104548000020012189074860FEE700007808FF1F66
:10455800C0F00040FFB581B00A9F144D7E01A85DF0
:10456800002802D0112005B0F0BD6846407B002825
:1045780001D00520F7E7741920212046FDF7F2FB4A
:1045880001A80FC810340FC4384602F09FF8012064
:10459800A855002F06D0064A00211920FFF788FEEB
:1045A8000020E0E70021034A0820F7E7B893FF1F3F
:1045B8003768FF1F2D68FF1F10B5064C43011B19F4
:1045C8009B7E002B02D001F0E3FF10BD01F0AAFF93
:1045D80010BD0000B893FF1F38B50F4A012800D15D
:1045E8000E4A00240E4B009404E00098451C0095E8
:1045F80098420ADC107D8006F7D51170009406E019
:104608000098411C0091984201DD0D2038BD107DB5
:104618004006F5D5002038BD00400040009000401D
:1046280010270000F8B50025184800954268007862
:104638002B460121FDF708FC16491548886301201F
:10464800154980040860BFF34F8FBFF36F8F13487D
:104658000168FF22120402269143B205114301604A
:10466800642000904120FFF787FA4020FFF784FA82
:10467800740766620098411E0091FBD203206062B5
:10468800FFF73CFAA562FFF7D9FBF8BD606DFF1F85
:10469800050001FF00C8004080E100E010E400E0F0
:1046A800022803D8FF220132914201D9062070471F
:1046B800024A400011520020704700007C6DFF1F25
:1046C800F8B5002808D0002906D0144A05465060DD
:1046D80011800C4600260BE00620F8BDAF5D0021D6
:1046E8003846FDF7B7FB02213846FDF789FB761CF3
:1046F800A642F3DB094900200831088048808880F9
:1047080001460C220648FDF7ABFB0548FF218180D6
:104718006421C18000F006F80020F8BD746DFF1F09
:10472800E095FF1F70B5FFF7BFFC00200C4BFF247E
:104738000246651C0A2141435854C9184C708A70B6
:10474800CA700A71CA80401C0D810328F2D305483B
:104758004068017859704178D9728078587570BD71
:10476800EC95FF1F746DFF1F0EB5124812490288A1
:10477800CA8042880A82808848830A226846FDF7F0
:1047880075FB6B4607CBFFF7F5FB0B490A220A318D
:104798006846FDF76BFB6B4607CBFFF7EBFB06495B
:1047A8000A2214316846FDF761FB6B4607CBFFF719
:1047B800E1FB0EBD7C6DFF1FEC95FF1F70B50D4E24
:1047C8007068FF300130056AFDF7BEF900F094FC0F
:1047D80071680024FF310131496A4919814204D2C4
:1047E80005490968002900D1441BFDF7BFF9204697
:1047F80070BD00008471FF1F9809FF1F70B50D463A
:104808000446282910D1A420005BE188401A0B49EE
:1048180080B2884208D321466A3105220E46481FD5
:10482800FDF7C4FA002804D029462046FDF724FBEA
:1048380070BD31462046FDF725FB70BDFF7F0000A7
:1048480010B5002901D0FDF723FB10BD70B5002479
:10485800FDF77AF90D484068FF30193060C800F05C
:104868004BFCA919814203D20948006800280AD0E4
:1048780008490420087008488169491C8161FDF7CE
:1048880075F9204670BD0124F9E700008471FF1F07
:104898009809FF1F2309FF1FFC0FFF1F10B5FDF725
:1048A800FDFA0649A122897892005143044A126808
:1048B8008918044A498C518010BD0000300DFF1F33
:1048C8003409FF1F8471FF1F70B51F48012201784A
:1048D8001E4D002915D01E48A12180788900484323
:1048E8001C491D4C096822704618207800F086FD86
:1048F800A87B00281AD003281BD002281CD000202F
:1049080070BDA97B002904D0032904D0022904D052
:1049180005E0027003E0042100E003210170FDF7C7
:10492800C7F90E4900200870012070BDFDF7BCFAD8
:1049380004E0FDF7BFFA01E0FDF7C2FAFF36FF36E3
:104948000236317B217070BD1C09FF1FA60BFF1FAB
:10495800300DFF1F3409FF1F490AFF1F2309FF1FDE
:1049680070B5264D264E2868002804D0FDF7AEFA0B
:104978002978C84004E0FDF7A9FA3168FDF7CCF8BA
:1049880004462868002804D0FDF7A6FA2978C8400C
:1049980004E0FDF7A1FA3168FDF7BEF81949A12234
:1049A800897892005143184A184B126889180D7873
:1049B800174A002D17D0FF31FF3102314C6C1548D2
:1049C800641C4C6400689968884201D3401A02E06C
:1049D800114B591A0818D2381060012C02D1FF3037
:1049E800F530106070BDFF31FF31002502314D6494
:1049F8005968201AC9684018F3E700001C08FF1F0F
:104A08001808FF1F300DFF1F3409FF1F8471FF1F97
:104A1800A009FF1F9C09FF1FFFFF3F00F3B50646D3
:104A28006548A121807889004843644983B00968B2
:104A3800A12244182046FF3021305F490090897830
:104A4800920051435D4A407D126800258F18FF3758
:104A5800813732281DD022281BD0F86A0168002926
:104A680009D08188001D090A891CFDF73BFAF96AFB
:104A7800002001250860FDF73BFA04992746FF3717
:104A88000880C137387C002821D0B0421FDC0020C4
:104A980014E04B49012008600020F96A01250860EC
:104AA800E9E780000019FF308130006B8188001D24
:104AB800090A891CFDF716FA0198401C0190397CF7
:104AC8008142EEDCC8B2361A4519002038743D49D7
:104AD8000020C870FF20AD3000590168002903D0BC
:104AE8000079C04380071ED00098C07D00281AD0E6
:104AF8000098807D002816D1387CB04213DAFF2058
:104B08004930005B010A2046FF304930891CFDF717
:104B1800E9F900990020C875009801218175294894
:104B28006D1CC170761E387C002802D0284605B05E
:104B3800F0BD2046FDF7E2F90090002821DD002EA7
:104B48001FDD002718E02046FDF7DEF98000001978
:104B5800FF300130C06E8188001D090A891CFDF7ED
:104B6800C1F92046FDF7D6F9E01DFF30FA30016A99
:104B78006D1C491C7F1C01620098874201DAB7420C
:104B8800E1DB092080012018817E002911D0017DF8
:104B980000290ED0428E002A0BD0817F914202D28A
:104BA800491C817705E0002181771A212046FDF70D
:104BB8000DF8A8B2BBE70000300DFF1F3409FF1F36
:104BC80000140340E010FF1FF8B5504800680128A2
:104BD80003D14F48816D491C8165FCF7FDFF4D4CA1
:104BE8004D49A0604D4841610125C56005602078A8
:104BF800002806D006224A494A48FDF791F90020C4
:104C080020704949486B494AC0B21278002A17D126
:104C1800474A0023D356002B464BD35606DB1B04CA
:104C28000026965732029A18121808E0FF331B0420
:104C38000026965732029A183F4B1218D2184A6328
:104C4800022801D2022002E0502800D950203B4A15
:104C58001278022A11D03A4A16783A4B1F78BE4287
:104C68000FD916781B78F31A801E4010434310782A
:104C78004001C01A1030401104E0334A1678334B13
:104C8800ECE710784A69120A120210434861FCF7EF
:104C9800B5FF0646052801D0042E1ED12C48007801
:104CA800002806D02B480078002802D00020FDF705
:104CB8003DF92948A1218078890048432749096896
:104CC8004018FF30FF300230007B042801D0032851
:104CD80003D1FF205F30FCF7D3FF022E0ED120480E
:104CE8000078012807D0032805D0022803D01D48E2
:104CF8000078022802D16C20FCF7C2FF1A48C5824E
:104D0800094840380068E060F8BD00009809FF1FB6
:104D1800FC0FFF1F8471FF1FFF3F000000100340BE
:104D2800D50BFF1F7211FF1F800003408C09FF1F66
:104D3800680AFF1F00000000FFFE0000490AFF1F6D
:104D4800440AFF1F450AFF1F460AFF1F470AFF1FA5
:104D5800F908FF1F2209FF1F300DFF1F3409FF1F2D
:104D68001C09FF1F2309FF1FBC0BFF1F0A48094925
:104D780001600B49094A4A630A4A0A630A4A82607F
:104D88000A4A8A63064A0A49803251610949C1625E
:104D980070470000E12BFF1F4000FF1FC547FF1FA2
:104DA800C001FF1F5548FF1FF929FF1FD148FF1FEA
:104DB800394EFF1FA548FF1F10B50449096800298F
:104DC80001D0884710BDFCF743FF10BD8002FF1FCC
:104DD80010B504498968002901D0884710BDFCF73F
:104DE80037FF10BD8002FF1F10B50449496800292C
:104DF80001D0884710BDFCF72BFF10BD8002FF1FB4
:104E080010B504490969002901D0884710BDFCF78D
:104E18001FFF10BD8002FF1F10B50449C968002993
:104E280001D0884710BDFCF713FF10BD8002FF1F9B
:104E380010B50D49A1228978920051430B4A126896
:104E480089182422535C0A4A5288934209D2D21AFA
:104E5800084BC9695A435143421C02D0C82800D0A4
:104E68004018FDF769F810BD300DFF1F3409FF1F0A
:104E78008471FF1F710200007CB5042001F06AFEF6
:104E8800274D04202870274C01202070FDF75AF880
:104E9800FDF75EF8FFF76AFFFFF7AEFAFFF734F8A1
:104EA8002878FDF75BF82078FFF7EEFAFFF7AEF900
:104EB8001D4903C9FFF72AFBFDF756F8FDF75AF815
:104EC8000D20FDF75DF8002801D000F0EBFA174936
:104ED80017A0FCF741FF1C4909781C48007801918C
:104EE80000902B7822781A4801781AA0FCF734FF32
:104EF800244C0821224624A0FCF72EFF0523A122DA
:104F08009B02920021462C48FCF726FF2B4801689B
:104F18002BA0FCF721FFFEF751FB00207CBD000011
:104F28004A0AFF1F246DFF1F846BFF1F0101030046
:104F380053444B2056657273696F6E20494420258F
:104F4800303878200A000000450AFF1F440AFF1F76
:104F58004B0AFF1F7266436C6B2025642072634303
:104F68006C6B20256420737973436C6B2025642057
:104F780074704361705B2530327820253032785D5B
:104F88000A000000780A000073697A656F66287362
:104F98007472756374206C6C5F706B745F64657396
:104FA8006329203D2025642C206275662073697A68
:104FB80065203D2025640A003C6CFF1F800AFF1F06
:104FC8005B524553542043415553455D2025640A9F
:104FD8002000000070B500241420FCF7D7FF164904
:104FE800142208600021FCF73BFF20460124FCF74F
:104FF800D3FF02252046FCF7D5FF2846FCF7D8FF4B
:1050080003200425FCF7DAFF05242846FCF7DCFF1B
:1050180006252046FCF7DEFF07242846FCF7E0FFBC
:1050280008252046FCF7E2FF09242846FCF7E4FFA0
:105038002046FCF7E7FF70BD706FFF1F70B50024B6
:1050480005464E1E07E007A0FCF786FE07A0FCF702
:1050580083FE641CA4B2295DB442F4DB04A0FCF70F
:105068007BFE70BD25303258000000002000000093
:10507800253032580A000000F8B51E484168090674
:1050880001D50020F8BD4168802211434160194DC7
:105098000A260027803DE86940084000E8610620AC
:1050A800FCF74EFE134CC03CA06980210843A06168
:1050B800E86901210843E86102E00820FCF740FEA6
:1050C800A86A800504D43046761EF6B20028F4D1CA
:1050D800002E07D0286A7E21C70BA0690F4088439D
:1050E8003843A061A16980208143A1613806400E40
:1050F800F8BD0000C0F0004010B5FCF76DFD074892
:105108004068062807D3064909680122120511429A
:1051180001D1800810BD002010BD00000010004023
:1051280000E200E010B501F049F9044A01215820D5
:1051380001F054F8FFF7A0FF10BD0000600AFF1F40
:1051480030B5384801680122920411430160416872
:10515800032212069143344A13781B06194341600F
:105168004368032189058B4330490C78A405234300
:10517800436043686024234343601378022B08D0BC
:105188001378012B05D00B78022B02D00B78012B5A
:1051980004D14368FF240134234343601278032A6F
:1051A80002D00A78032A03D1426880231A43426056
:1051B800426803239B041A4342600B780122D205FC
:1051C8001B48002B03D11B4B1B78032B19D0C3683A
:1051D8009343C360164A184B4032D360FF2581358C
:1051E8001561164C5461164B9361114B80335D6009
:1051F8009C60144CDC60144B03600978002903D0D0
:1052080006E0C3681343E4E701680123194301601A
:105218000E4909780E4BC906C90BC91881630D4898
:10522800D06130BD40F000404C0AFF1F4B0AFF1F01
:10523800800003404A0AFF1FC00B00207A3E6A071D
:105248000000890400808904CC240000480AFF1F5C
:10525800250800002FFCA601F8B505004A484B4B6D
:105268004B4C4C4A4C4934D0022D32D0861557103D
:10527800066286699E43B31883612078002833D07C
:105288000F614648086346480078012212038018D7
:105298004861414E404C434B803E403C002D27D056
:1052A8006521414AC9024148012D2ED0022D31D035
:1052B800032D5AD0042D58D03D49691831603D4915
:1052C800A1602360E06002210846FCF7A1FE3A488D
:1052D8002BE08026066286699E430123DB04F618CC
:1052E80086612078002801D00A61CAE70B61C8E707
:1052F800324830600020A06023603148E06003211C
:105308000846FCF785FE2F480FE02F4B3360A2605C
:105318002160D7E72C4B5B1C3360A2602160E06002
:1053280002210846FCF774FE28482061F068FF2136
:105338000843F060264860612648A0612648E0617D
:1053480026482062264860622648A0622648E06215
:105358002648206326486063E020012D0DD021688F
:10536800022D0ED081432160F8BD224BEB1833602B
:10537800214B73602160A260A4E72168814320313A
:10538800F1E781434031EEE7C000034000001C0014
:105398004B0AFF1F000004008000034003000001C7
:1053A800440AFF1F00280B0055555537D6BE898E75
:1053B8000080064255555500805508220080067821
:1053C80007EE7536806608220180063D8045082272
:1053D800A49C5C544C44434241524C46403A342EBF
:1053E80028007F554F49433D37312B4C46403A34CE
:1053F8002E28221C00800698545A9850F0B5224B4B
:10540800214D21498026204A0727BF04403BC03D43
:10541800E024803902281662966914D0BE43012719
:10542800BF04F6199661194A1278002A1ED07A101C
:105438001A6101281ED0164A80182860154808618C
:105448000868A04314E00120BE43C00436189661E2
:105458000E4A1278002A00D0401018610E482860C1
:105468000E4808610868A043403001E01F61E0E78A
:105478000860F0BD0848401E2860094808610868AF
:10548800A0432030F4E70000C00003404B0AFF1F90
:1054980000800698805508220280063D8045082233
:1054A8008066082286B0FCF75FFD9CA0FCF754FCE0
:1054B800A249A148C862A2A0FCF74EFCA7A0FCF72D
:1054C8004BFCADA0FCF748FCB2A0FCF745FC012062
:1054D800B749C0020860B7484168012211434160DA
:1054E800B549B648FCF79AFD0120B14980058031DD
:1054F8000860B34E00257560B24FB34C706802283F
:10550800FCD3B248B24902780A7040784870756096
:1055180000F0BCF9387800F0A3FB00F017FC2580F8
:1055280000200090EBE03878022806D03878082868
:105538004AD038788A28F5D146E0502208216420DC
:10554800FCF772FDFCF748FBA24909688842A149AB
:1055580002D30968401A03E00A689749891A0818AB
:105568000490FCF745FBC0070CD09B480078002846
:1055780008D10098002805D1FCF746FB01200090CF
:105588009648C5619649049809888842CAD39248C2
:105598000078002804D0FCF74DFDFCF751FD03E02E
:1055A800FCF74EFD002000908A4802688C49098863
:1055B80051180160026880498A4204D901687E4A0C
:1055C8005242891801609AE03078000705D585486D
:1055D80001694909490110310161834881693F2204
:1055E800520211438161FCF703FBC0077ED0FCF730
:1055F800FFFA400508D52088401C208002AA03A98C
:1056080001A800F07BFD16E0FCF7F2FA800701D54F
:10561800764804E0FCF7ECFA400704D574480188A2
:10562800491C018007E020887249884201D1002086
:1056380000E02088208038788A2836D1FCF7CCFA18
:10564800644909688842634902D30968401A03E03B
:105658000A685949891A081867490968884224D983
:105668000A2000F0FDFAFF20F530FDF711FB82203B
:1056780000F0F6FAFF20F530FDF70AFB862000F06F
:10568800EFFAFF20F530FDF703FB882000F0E8FA79
:10569800FF20F530FDF7FCFA258054480580544872
:1056A8000580FCF799FA4B490860FCF7ADFAFCF75E
:1056B800C7FC2088002822D02088012824D04F4801
:1056C800007869460979401840084C4908702088D4
:1056D80001281CD04A480088694689894018400832
:1056E800474908802088012814D000E007E0454891
:1056F80000786946097A401840084249087070687D
:10570800022800D3FAE60EE768460079DDE7684626
:105718008089E5E76846007AEFE700000A3D3D3DED
:1057280052465F5048595F44544D2056312E312E11
:10573800323D3D3D0A0000004124FF1F8003FF1F4A
:105748003D3D3D20535550504F525420424C45202A
:10575800314D20203D3D3D0A000000003D3D3D20EB
:10576800535550504F525420424C4520324D202022
:105778003D3D3D0A000000003D3D3D205355505041
:105788004F525420424C52203530304B3D3D3D0A5B
:10579800000000003D3D3D20535550504F525420CD
:1057A800424C52203132354B3D3D3D0A000000004D
:1057B80000E100E000400040FFFF3F0028100040EB
:1057C800A871FF1F4D0AFF1F560AFF1F84B0FF1F55
:1057D800690AFF1F640AFF1F490AFF1F40100340A0
:1057E800540AFF1F4000034000F00040580AFF1F02
:1057F8005A0AFF1FFFFF0000740AFF1F520AFF1F0B
:105808005E0AFF1F530AFF1F10B51C4CC0B020785A
:10581800694648701A4802780A7002780021012AFD
:1058280006D00278022A05D00278032A04D007E0BD
:105838000F2105E0552103E0FF2104226B461A7071
:1058480000786A46002801D0002009E021780D4838
:10585800921CFEF78BF806E01318401C9970C0B232
:1058680023789842F8D30320074900040860217878
:105878006846891CFCF736FB40B010BD4E0AFF1F76
:10588800500AFF1FFF01000040000340F8B5E14B3C
:105898001878E14D800928702878E0490424E04E02
:1058A80000281BD02878032818D02878012802D08F
:1058B8002878022857D118788206DA48920E0270A2
:1058C8005878D94A8008107058788207D748920FBC
:1058D8000270D74A1288032A6FD094E11878D54A03
:1058E8008006800E107058788708D34807702D7886
:1058F800002D03D01378002B70D04CE11578002DC3
:1059080002D10578002D07D01578012D06D017781B
:105918000125022F09D00BE0002037E10C220A7084
:105928000078C6498007800F30E10778012F03D03F
:105938001778022F02D004E0102029E00778022F00
:1059480003D01778022F04D006E012200870022036
:1059580014E00778032F03D01778022F04D006E04D
:10596800162008703470F8BD0778042F03D0177814
:10597800022F05D007E01420087003203070F8BD0E
:105988000778202F03D01678032E04D006E01820BD
:1059980008703570F8BD0678002E03D01678032EEF
:1059A80002D004E02020F1E00678012E03D016781A
:1059B800042E03D005E02220E8E01DE10678002E41
:1059C80003D01678052E02D004E02420DEE0067805
:1059D800002E04D01678052E03D005E0D8E0262046
:1059E800D4E00678012E03D01678052E02D004E004
:1059F8002820CBE00678022E03D01678052E02D098
:105A080004E02A20C2E00678032E26D01678342E29
:105A180025D01678352E41D01778894E362F4FD09D
:105A28001778372F53D01778382F59D01778392F40
:105A38005FD01678834B3A2E65D016783B2E6DD002
:105A480015783C2D7DD015783D2D7BD013783E2BD5
:105A580079D012783F2A77D0CAE02C2096E00078D7
:105A6800C507ED0F00240BE0022C12D0032C10D038
:105A7800052C09D0062C07D00A2C05D00B2C03D0F6
:105A880029462046FCF7E2FA641CE4B2172CEBD353
:105A9800F8BD29462046FCF7DFFAF1E701780078DF
:105AA8004D09C406E40E022C01D0032C03D129466B
:105AB8002046FCF7D1FA29462046FCF7C7FAF8BD7C
:105AC8007220087030685978000A000218E07420C3
:105AD80008703068FF2109028843597809020FE0ED
:105AE800762008703068FF21090488435978090432
:105AF80006E078200870306859780002000A090624
:105B080008433060F8BD7A220A701978C907F9D0BD
:105B180000780A38810040184B4937E07C220A7027
:105B280002784A49002A10D000220A700078410001
:105B38004748017000780121090340184549486128
:105B4800F8BD04E012E019E01AE00D70F8E77E22D3
:105B58000A7019784907F3D53F49CA6B007852098A
:105B68005201C006C00E0243CA63E9E780220A70E8
:105B780019788907E4D50078384907E00C7001E006
:105B880006220A70017827480170D9E70870D7E71C
:105B98000378002B03D013783F2B02D004E00A20AF
:105BA800F4E70378002B03D013783F2B02D004E0EE
:105BB8008220EBE70378012B03D013783F2B02D028
:105BC80004E08420E2E70378022B03D013783F2B0C
:105BD80002D004E08620D9E70378032B03D012789B
:105BE8003F2A02D004E08820D0E70078042801D0BA
:105BF800FE20CBE78A20C9E73278042A02D032781F
:105C0800032A00D104702878012801D00220BDE7BA
:105C18000820BBE7690AFF1F6D0AFF1F4D0AFF1F17
:105C2800490AFF1F6E0AFF1F4E0AFF1F500AFF1F77
:105C3800560AFF1F6F0AFF1F700AFF1F4F0AFF1F38
:105C4800780AFF1FA871FF1F680AFF1F730AFF1F4A
:105C5800440AFF1F8000034080F00040510AFF1FE4
:105C6800F8B5304C0021217061702F4B2F4D304A10
:105C7800FE281BD080260A281CD082281ED0842803
:105C880021D0862823D0882826D0242828D0362634
:105C980026283FD0A9273F0128283FD02A2839D0D5
:105CA8002C283BD019702970224813E01970012064
:105CB800287019E01E7029701F4802E01E702970B4
:105CC8001E4800880FE01E7029701D4802E01E70F3
:105CD80029701C48007806E01E7029701A48F9E7F8
:105CE800197029700C201080207811881B78090AF7
:105CF800194308432070617810882A7810430143BB
:105D0800617021780020FEF767FC61780020FEF7BB
:105D180063FCF8BD197029701680E5E719702970C1
:105D28001780E1E76B0AFF1F710AFF1F720AFF1F46
:105D38005C0AFF1F4D0AFF1F560AFF1F5E0AFF1F5E
:105D4800440AFF1F520AFF1F530AFF1FF8B5AB484A
:105D58000078AB4D800129788906890E08432870A0
:105D6800A8480178A84C4900891CCEB2217801299D
:105D78001FD02178022920D02178032921D0217829
:105D8800042923D0297800784A0181004018401D51
:105D9800C6B2C0329D489D49F8301018FBF7B6FED0
:105DA8009A4948439A4908809A4800788A2813D023
:105DB8001DE02878C2005032ECE7287882002C32A7
:105DC800E8E728780201FF32CF32E3E728782D216F
:105DD800800109014218DDE78D4800887D21C9004E
:105DE80048438D490860FBF7F7FE8C49086003219A
:105DF8008B48090401608A4F0E2040373862B81575
:105E08007862002038628749F96082490A78002A56
:105E180035D008460078022851D008460178042970
:105E28004DD0017806294AD00178082902D0007897
:105E38008A2843D1FFF784F97B4A0121022000F028
:105E4800CDF900F073F92078FCF70CF97048028856
:105E58007649643A4A6200886438886274487549A9
:105E6800320770D0C2698A43C26173480021415623
:105E780000297249415667DB0804801999E0704986
:105E88000880704908805D4908702870604908805A
:105E98006D490A786D490A706D4908806D49087026
:105EA8006D490870012121706C4908706C4841697E
:105EB800C20091430522120489184161F8BD69485E
:105EC8000078002805D0FFF73BF90421304600F0A0
:105ED80015FA00F02BF95D48007800F045F92078B4
:105EE800FCF7C0F85448002141560029534941564F
:105EF80002DB0802801903E008025B498019401898
:105F080078632078594A002806D045485849816066
:105F180058490968C160026000214148C94341608D
:105F28003C4D297806290BD0FF2141317962297827
:105F380002290AD02178002914D04C49203116E0D2
:105F4800FF210131F2E728E02FE02078002804D073
:105F5800FCF770F8FFF758FC0AE0FCF76BF800F064
:105F680091F805E0444901602D48444940380160F2
:105F78000020FCF77DF8FCF781F8FBF745FE287850
:105F8800022807D12078FCF75BF8FBF725FE2349A8
:105F98000860F8BDFCF754F8F8BD7E63C2698A430F
:105FA800032109025118C16104E008043449801929
:105FB800401878632078002808D000211848C94381
:105FC80041602B4981602B490968C1602878C01C51
:105FD800FF2801D9FF2006E02878282801D22820A8
:105FE80001E02878C01C0E494039C8600020FCF741
:105FF8003FF8FCF749F8FBF707FECBE74F0AFF1F0E
:106008004E0AFF1F6E0AFF1F490AFF1F7102000098
:10601800540AFF1F4D0AFF1F740AFF1F640AFF1F5F
:106028004000034040401000600AFF1F001003407A
:1060380000010340000F0000680AFF1F0000000075
:10604800560AFF1F5C0AFF1F480AFF1F510AFF1F5D
:106058005E0AFF1F520AFF1F530AFF1F500AFF1F45
:1060680000F00040730AFF1FFFFE0000100003004D
:1060780055555500780AFF1F33000B00028006783B
:10608800FFFFFE0030B5A5B00020009001900290FF
:10609800039018A00068184D0490297800206A46DB
:1060A800117505AC612208E0215CCB0149080B435E
:1060B80053402118401C4B70C0B22978491E8842B1
:1060C800F2DB297804AB6A46601C891EFBF7E2FF05
:1060D8006846017C287820182038C1776846407CBB
:1060E80029786054297805A8491CFBF7FBFE25B0E0
:1060F80030BD0000FFFF00004E0AFF1F70B50A4BBD
:106108005C6A9D6AA30501269B0D7602B34201D9FC
:106118009B1B02E0FF33FF3302330B80290E017013
:10612800200E107070BD0000C000034010B50A4971
:1061380000200870094902200870FFF701F8084894
:10614800007800F011F8074C2078FFF785F82078E0
:10615800FBF7A6FF10BD00004B0AFF1F4C0AFF1FEC
:10616800480AFF1F490AFF1FF0B51A4A03230725EB
:10617800D60019499B026024ED0157693F281AD0BF
:10618800B74305263604BE195661CA689A43CB142C
:10619800D218CA60CA69A2432032CA61CA69AA432E
:1061A800CA610D4940398A6BC0061205120DC00B31
:1061B80002438A63F0BDB7430126B604BE1956618F
:1061C800CA689A43CA60CA69A243CA61CA69AA432B
:1061D8008032E5E700F00040C0000340F8B53A4BD4
:1061E8005D6A9C6A00265E629E62384B58630E2088
:1061F80018629E155E62402098625020D862FF2087
:106208002B30586231484030012915D08021016275
:106218002F49FF232D48A533403083602D4B436021
:106228002A4B2D48403B18617D20C0000090471E36
:10623800009705D33846FAE7066225498331E8E72F
:10624800264889050F18214840388763234B5B1C73
:10625800C918816322480090224800780300FBF7A0
:1062680021FD05040408060D08001F4800E01F482A
:1062780000901F4810601548403005E01D48F7E7BA
:10628800C16AC943890F14D000994B1E0093F7D2F5
:106298000E4940398F630D4900228A62CA628260C2
:1062A8004E620A62FF2041304862074845628462B4
:1062B800F8BDC16A104B1940116011680122090C20
:1062C800120489184160E3E700100340800003408E
:1062D800CA0200002020000080560C2064652100BE
:1062E800102700004A0AFF1F204E000030750000EA
:1062F80000002020409C0000FFFF3F3FFCB50D46FA
:10630800074600206946087088802A490A780124CF
:10631800294EAC40012A0BD00A78032A08D00A7803
:10632800042A05D009780229694625D0087036E084
:10633800694608700CE00021384600F065F801460F
:10634800684680880918684681800178491C017070
:10635800684600788442EEDC68468088E840083069
:1063680025E00121384600F04FF869468988401831
:10637800694688800878401C087008788442F0DCF8
:10638800084611E00121384600F03EF8014668460B
:1063980080880918684681800178491C0170684620
:1063A80000788442EEDC68468088E840001D307042
:1063B800FCBD0000490AFF1F440AFF1F00B5002169
:1063C800022000F021F80C49801C087000214220AE
:1063D80000F01AF80949801C08700121022000F019
:1063E80013F80749801C08700121422000F00CF8BE
:1063F8000449801C087000BD440AFF1F450AFF1F9E
:10640800460AFF1F470AFF1FF8B53B4C394A22606E
:10641800394D394A07239B04803540320129A9693F
:106428000ED0994301239B04C918A9613349D1604F
:1064380033490B780121C905324E002B07D009E0FA
:1064480099430123DB04C918A9612F49EFE7337881
:10645800032B14D0D3688B43D36050630E20106293
:1064680000275762FF201530506228480090307886
:106478000300FBF717FC0507070D090B0D00D36890
:106488000B43E9E7224802E0224800E02248009056
:106498000098431E0093FBD2686B57620002000EFF
:1064A80017621E4BD360FF23413353626523DB021F
:1064B80023601B4D2F78E023012F0AD02D78022D61
:1064C80025680AD09D4325600D4B1B78002B07D00B
:1064D80009E025689D432035F5E79D434035F2E7FF
:1064E8003378032B03D0D3688B43D360F8BDD368CC
:1064F8000B43FAE710000300400003407F4073009D
:106508004B0AFF1F4A0AFF1F7F4053001027000055
:10651800204E000030750000409C000040401000F4
:10652800490AFF1F78B5174B012800D1164B0024E4
:106538001648009404E0009D6E1C009685421ADC03
:10654800DD6FED07F7D10AE0009D6E1C00968542CD
:1065580011DC1D7DAD06F7D50D781D70491C15465B
:10656800521E92B2002D0094F3D106E000994A1C05
:106578000092814201DD0D2078BD197D4906F5D5CF
:10658800002078BD0040004000900040A086010037
:10659800F7B507462A49400144182A4E241D1546D6
:1065A800002A10D0019800280DD02178002908D0A1
:1065B800E088A84205D3012916D0A188491981424B
:1065C80003D90320FEBD0620FEBDFBF7BDFAA18856
:1065D800A0682A4640180199FBF748FCA088401992
:1065E800A080FBF7C3FA27E0A0680199FBF73EFCFF
:1065F800A5800020608002202070A168102D00D99D
:106608001025012F00D1104E72680220824372605B
:1066180004E06088421C6280085C307028466D1E69
:10662800ADB20028F5D1002F08D01920FDF714FECF
:1066380070680221084370600020FEBD0820F5E75D
:10664800B893FF1F0040004000900040F8B5064690
:1066580008270B20184C012E02D11927174C11209E
:106668000121814016480160BFF34F8FBFF36F8F40
:10667800144871010D18287C0021FBF717FD687C70
:106688000021FBF713FD802020730025257125705C
:106698002573257265603846FDF788FA3846FDF798
:1066A80051FA002E03D0084845600020F8BD06487E
:1066B8004038C562F9E70000004000400090004003
:1066C80080E100E0B893FF1FC003FF1FF0B587B05B
:1066D8000746FBF7F1FC0690082001900420009083
:1066E80005200390464C0B263846FFF7AFFF012FD5
:1066F80007D119200190082011260090414C09204B
:106708000390414879010D18287CFF2802D1687C44
:10671800FF282CD010350198FDF72EFA0198FDF7C7
:1067280045FA28780221FBF76BFB68780221FBF712
:1067380067FB28780099FBF769FB68780399FBF7F2
:1067480065FB002020730698696800114A088018C4
:10675800FBF7E2F9014600202061802020730A0A35
:1067680022712170E97A002904D01B2103E0062058
:1067780007B0F0BD03212173297A002900D08721B1
:106788002172012161602A7A002A02D062680243DC
:106798006260AA7A002A03D0626802231A43626000
:1067A800002F12D01A4B194A5A60FF22002E11DB13
:1067B800B408184BA400E4182368B507ED0EAA40E6
:1067C8009343A8400343236013E0114B124A403B14
:1067D800DA62EAE733071B0F083B9C080F4BA4005B
:1067E800E418E369B507ED0EAA409343A8400343B4
:1067F800E361002E02DB0A48B14001600020B7E7E0
:106808000040004000900040B893FF1FF321FF1F95
:10681800C003FF1F00E400E02722FF1F00ED00E097
:1068280000E100E010B50020FFF750FF10BD10B5E3
:106838000120FFF74BFF10BDF8B5614C6068803050
:10684800806880F30888FBF77DFB5E485E49006836
:106858000225884206D00020FBF79CFA68070169E8
:10686800A943016100F0D6F858480078FBF718FCF6
:10687800574E0020F061F561564D75610120FBF718
:106888005FFA0320F061FBF761FA0746FBF7A4F90A
:106898000646FBF75BFA50490860FFF747FC4F488C
:1068A8000068874201D9381A01E0381A401E4C495D
:1068B800884200D9084061688A8DD20709D0494AC0
:1068C800030C126880B2534350431B02000A181885
:1068D8000BE0C2018300D21A4300D21AC300181871
:1068E800921C80309208400A10182062FF313E48FE
:1068F80001314968006809183C480068081A4119BC
:106908008B083B488A073B4903600D68920F521970
:106918000A60042A04D95B1C9207920F03600A607C
:10692800216A354FC8183946FBF7F6F8024633484E
:10693800334D0368D31803602A688A182A60BA425C
:1069480006D95B1C036039461046FBF7E5F8296059
:10695800FBF7B8FB2B480078002810D0FBF73CF970
:10696800294A216A801B12680B18934202D2511AD5
:10697800091A01E07D21C9001548FBF74FFB234D9B
:10698800287A002811D0FBF727F9811B236A1048C1
:10699800EA685C183C30A24202D9D21A511A00E0C7
:1069A8001B49FBF73BFB00202872FBF791FB0220F9
:1069B800FBF718F90020FBF7EDF9FBF7E5F9F8BD4F
:1069C8008471FF1F0C0AFF1FB6412103490AFF1FEC
:1069D80000100040C4090000100AFF1F340AFF1FFE
:1069E800FFFF3F00380AFF1F1C0AFF1F200AFF1F76
:1069F800240AFF1F280AFF1F710200006008FF1FFA
:106A08002C0AFF1F1C09FF1FE408FF1F740BFF1F40
:106A1800DC050000F8B5FCF757FFFCF7BBF90120CF
:106A2800404E00903078404C022810D0FBF78EF989
:106A380005463220FBF784F9FCF7CAFD0F20FBF767
:106A48007FF93078012808D0FCF76EFE1AE0374845
:106A58004068006AFBF774F924E033484038C06B9B
:106A68004007400F012802D10020FBF777FA606841
:106A7800FF270137B84360600220FBF761F96068BF
:106A880038436060FBF762F9A84201D3401B01E07C
:106A9800401B401E25491E22C8615043244A4968AC
:106AA8008018C86124492348086023482349803056
:106AB800C163FF21413141623078FBF74FFA204929
:106AC8002048FBF7ABFA1F481F491430FBF7A6FA1A
:106AD8000420FCF7CBF81420FCF7C8F81520FCF7C5
:106AE800C5F81720FCF7C2F8FF20FBF71FFA0120B2
:106AF800FBF7F4FAFF20F530FBF7F6FA5820FBF71E
:106B0800BFF81248FBF7F6FA0098FBF7ABFA072034
:106B1800FBF7F6FAE0690E490840FF300930E061FA
:106B2800F8BD00004A0AFF1F40F000408471FF1FB3
:106B3800720600000180063D000003403408000092
:106B48007102000014100040FFFF3F003075000084
:106B580000FEFEFF10B5072801D9062010BD044924
:106B68000870FBF77FFB04490248C861002010BD8C
:106B7800306DFF1F6D22FF1F4003FF1F0000000044
:106B88003B00010802000300050206020703080390
:106B980009030A000C030D030003010304030B009F
:106BA8000E030F031003110312031302140315033A
:106BB80016030000030000000000000000000000B1
:106BC800A06CFF1F906CFF1FAC6CFF1FB06CFF1F09
:106BD800BC6CFF1FA46CFF1F9C6CFF1F986CFF1FF1
:106BE800A86CFF1FB46CFF1FB86CFF1F946CFF1FCD
:106BF800F1590000FD240000414601008D250211D5
:106C0800A527021169150211111F0211F90E0211AF
:106C180049190211092B02110A1F1C1F1E1F1E1FD2
:106C28001F1E1F1E1F1F1D1F1E1F1E1F1F1E1F1E74
:106C38001F00000073697A656F6628675F70436F8D
:106C48006E6E656374696F6E42756666657229203B
:106C58003D2025642C2073697A656F662870436F20
:106C68006E6E436F6E7465787429203D2025642C00
:106C78002073697A656F66286C617267654865611B
:106C880070293D2564200A0046656200446563005A
:106C9800417567004A756C004A616E004A756E005E
:106CA800536570004D617200417072004F6374004B
:106CB8004E6F76004D6179005048592B363258583E
:106CC800504C55533035303400000000246DFF1F00
:106CD800BC72FF1FE80100007C2DFF1FBC72FF1F64
:106CE800246DFF1F98050000BC1AFF1F0004FF1F3A
:106CF800BC72FF1F0C0000007C2DFF1FBC72FF1F21
:106D08000004FF1F00040000BC1AFF1F0C6FFF1FC8
:106D1800BC72FF1F6C6700008C2DFF1FC132FF3251
:106D280001148821082C5902E00BD13AFF01A13245
:106D380004123BA30108990B711E40AF02111804FD
:106D4800811A0F022134E803022DC8AE0211652D05
:106D5800D0A20211105ACE102D0C6EFF1F105ADC53
:106D6800104B20961069205A0D205ADE10CB8C6DDE
:106D7800205A0E205AE4102A94201A0212A2076BF5
:106D88003075CA12062B800C920124041F020106DA
:106D9800595509184299F8DAE4F85AD4B81AE6109D
:106DA800A9301AD410299F1A8C200A1D2054CB38D8
:106DB800A35436686FFF1F105A08181A6910A920C3
:106DC8005A6A201A182029105A6B2069745AE094BC
:106DD80069305A6C305A28501A6D1012081210A2D5
:106DE8000429273147070C04393558E80C05710286
:106DF80011357202111209460114051218122013D6
:106E0800020A061002010611077304FF5F4D58209D
:106E18002D2D204F01314D398702119AC80F0203D9
:106E28000405060708090A0B0C0D0E0FB0011E36E3
:106E3800C0AF0211E05AC4085AC8080243152A0212
:106E4800502CAE0211891A400829105ACE102D78FC
:106E580071FF1F101A331032034B68AB1069205AA8
:106E680079205A3520CB67AC205A7A205A37204BE4
:106E780066AD105AD410CB9870305A7B305A3920EE
:106E8800CB65AE205A7C205A3B20CB64AF502AA059
:106E9800502D08220412CC2B787D330115A91972C4
:106EA800FF12F71205DA0B146122B42A28021430F3
:106EB80075A049021112081508E001F09A10023A6B
:106EC8005002290A63D0071A0F6812051C3075078B
:106ED800141201CA81550111E91F1E453A0211D544
:106EE80004ADB54402111CBAFFBE0112400D099A47
:106EF8000211618D02117D8C0211CDC06CFF1FF251
:046F08000122000062
:040000051FFF184180
:00000001FF
