:020000041101E8
:1000000003B40148019001BDADAE000003B4014846
:10001000019001BD456B010003B40148019001BD91
:100020000189000003B40148019001BDC53F0000F3
:1000300003B40148019001BDE94C010003B401483B
:10004000019001BDC95C010003B40148019001BDEC
:10005000CD4C010003B40148019001BD618900004D
:1000600003B40148019001BD154D010003B40148DE
:10007000019001BDF54E010003B40148019001BD9E
:10008000434D010003B40148019001BD2526000045
:1000900003B40148019001BD8B52010003B4014833
:1000A000019001BDB352010003B40148019001BDAC
:1000B0000D52010003B40148019001BDC94A01007D
:1000C00003B40148019001BD691F000003B4014859
:1000D000019001BD5D17000003B40148019001BD0E
:1000E0003D4B010003B40148019001BD595201008C
:1000F00003B40148019001BD5125000003B401483B
:10010000019001BD014C010003B40148019001BD03
:10011000594F010003B40148019001BD1D4B01007E
:1001200003B40148019001BD8D12000003B40148E1
:10013000019001BD4D1F000003B40148019001BDB5
:100140005522000003B40148019001BDDD520100B9
:1001500003B40148019001BD1D4D010003B40148E5
:10016000019001BD810E000003B40148019001BD62
:10017000017F000003B40148019001BDE1170000B8
:1001800003B40148019001BD7918000003B401488F
:10019000019001BDD949010003B40148019001BD9E
:1001A000E928000003B40148019001BD5549010050
:1001B00003B40148019001BD4551010003B4014859
:1001C000019001BDC926000003B40148019001BDA2
:1001D0001DBC000003B40148019001BD6DBC0000CE
:1001E00003B40148019001BDB146FF1F03B40148AB
:1001F000019001BD5934FF1F03B40148019001BDB6
:10020000C51D000003B40148019001BD9146FF1FC8
:1002100003B40148019001BD5947FF1F03B40148D1
:10022000019001BDB52CFF1F03B40148019001BD31
:100230004D35FF1F03B40148019001BDA945FF1FC3
:1002400003B40148019001BD090E000003B4014848
:10025000019001BD750F000003B40148019001BD7C
:100260007519FF1F03B40148019001BD4545FF1FEB
:1002700003B40148019001BD213CFF1F03B40148B4
:10028000019001BDF94C010003B40148019001BD8A
:10029000C521000003B40148019001BD291C0000E4
:1002A00003B40148019001BD851F000003B401485B
:1002B000019001BD1147010003B40148019001BD47
:1002C000B30E000003B40148019001BDA142FF1F1D
:1002D00003B40148019001BD2145FF1F03B401484B
:1002E000019001BDD93CFF1F03B40148019001BD3D
:1002F000893DFF1F03B40148019001BDAF23FF1FDB
:1003000003B40148019001BD8923FF1F03B40148D4
:10031000019001BDA946010003B40148019001BD4F
:100320002124000003B40148019001BD2D50FF1F9E
:1003300003B40148019001BDC134FF1F03B401485B
:10034000019001BD0D0F000003B40148019001BDF3
:100350004919FF1F03B40148019001BD9918FF1FFF
:1003600003B40148019001BD350E000003B40148FB
:10037000019001BD8533FF1F03B40148019001BD09
:10038000BD18FF1F03B40148019001BDAB18FF1F4A
:1003900003B40148019001BDE548000003B40148E1
:1003A000019001BD2951010003B40148019001BD34
:1003B000D91B000003B40148019001BD8124FF1F37
:1003C00003B40148019001BDA924FF1F03B40148F3
:1003D000019001BD51470100F8B5D349D14A002031
:1003E00004464A608300401CD450FF28FADD486868
:1003F000CE4A014680318A606E22C262CC4A1278AF
:10040000002A01D07F22C2620A220265C94A1378FB
:100410008363C94BC36115781023022D08D015786A
:10042000012D05D01578032D02D01578042D00D1AB
:100430000362C24D45611925AD0185613725CD6047
:1004400036272826C7630825466405644F6032278F
:100450000F603B27CF634127CF6439274031E0C18C
:1004600032274F6002274F6142270831E0C11E2723
:100470004F60CE608D6005264E6142260E615A2681
:1004800060390E614D613C258D61AF25ED00056041
:10049000AB4D05631578022D09D01578012D08D0D4
:1004A0001578032D07D01578042D06D007E0152503
:1004B00004E0436003E00E2500E00C254560FF25C5
:1004C0002D358560C560FF25F53505619D4D856439
:1004D0007D25ED009C4ECD67C66445629B4D8562CF
:1004E0007325C565062545658565C51D0826F9354D
:1004F00002272E6047664B27FF0087660927C766DD
:10050000934F07674667BE108467C667914F8E4E4C
:100510003E601678022E09D01678012E0AD0167881
:10052000032E0BD01278042A0CD00EE01A22CA61D6
:10053000212205E01422CA61182201E01322CB61B6
:100540000A6202E00E220B62CA617E4A8A627D2242
:10055000D2008A6764224A620522CA6202220A63C2
:10056000C8228C634A63382169607B4929647B49CE
:10057000A9614B21C900E9617349FF3064392962DF
:100580007D2109016962EC661E212C67A96670490C
:10059000A965E96589102966696469677049A96771
:1005A0007049714A8130E967026082604160FF21D1
:1005B000F531C16001616E486C495A4A81606D49EC
:1005C000803A11616A496C4A80318A626B4ACA6218
:1005D0006B4A82616B4AC2626B4A02636B4A64482F
:1005E0004038C2636A4ACA616A49816360496A489D
:1005F000403188616A49694888605D48694A803845
:100600004260694A4263694A0A626949816058499D
:100610006848C039C860FFF7F3FC0120FFF7F6FC1B
:10062000F8BDF3B50746644881B0C169634A11401B
:10063000FF310931C161002613E000252C4611204D
:10064000FFF7EAFC5C48406A8007800F6100884041
:100650002843641CE4B20546102CF0D301C7761C75
:10066000F6B202988642E8D3FEBD10B52E4C6078F3
:1006700000280AD104215248FFF7D3FF5048042133
:100680001030FFF7CEFF0120607010BDF0B50024E0
:100690008BB00D460646102902D901200BB0F0BDE3
:1006A000FFF7E3FF464900200A5C401C1419C0B262
:1006B0001028F9D3002C03D0102D03D90B20EDE71F
:1006C0000E20EBE73F483E4C0023006802A910349F
:1006D000E25CC75C7A40CA545B1CDBB2102BF7D3D8
:1006E00006AA3748FFF79EFC102D00D910252A4690
:1006F00006A93046FFF79CFCFFF7A0FC21684018D4
:100700002060FFF79BFC616840186060FFF796FC73
:10071000A1684018A060FFF791FCE1684018E06014
:100720000020BBE70004FF1F2070FF1FA8D2FF1F9F
:100730000C6DFF1F4A0AFF1F3A07000080C3C90162
:100740009A02000050C30000280A00006A18000046
:10075000204E0000F009FF1F00400011681000004B
:10076000DC05000040420F0010270000B94BFF1FBE
:100770000001FF1F6928FF1F1551FF1FED53FF1FC9
:10078000D124FF1F6526FF1FED24FF1F3138FF1FF7
:10079000056AFF1F2968FF1F0924FF1F212CFF1F67
:1007A0000002FF1F3148FF1F0D4AFF1F5149FF1F65
:1007B000ED47FF1F512CFF1F40F0004000FEFEFFE1
:1007C000E0A8FF1F2471FF1F0A7802708A78427028
:1007D0004A88120A82700979C170042070470A7829
:1007E00002700988090A41700220704710B5002282
:1007F0000EE093005B189C7804705C88521C240AFD
:1008000044701C7984709B88D2B21B0AC370001D8F
:100810000B789342EDD81806800D10BDF8B50D4643
:1008200006464978012031700024761C16E069786C
:10083000012917D01221614349198A7832704A88F8
:10084000871C120A7270B61C10223046091DFFF771
:10085000EFFB1037B8B21036641CE4B22978A1421D
:10086000E5D8F8BDA10049198A7832704A88871CFA
:10087000120A7270B61C02223046091DFFF7D8FB1F
:10088000BF1CB8B2B61CE7E710B50C46097801707A
:100890002188090A41706288211D801CFFF7C8FB6E
:1008A0006088801C80B210BD10B50C4609780170BC
:1008B0002188090A4170A17881706188090AC17094
:1008C000A288A11D001DFFF7B3FBA088001D80B208
:1008D00010BD10B50C460A88891CFFF7A9FB2088BB
:1008E00010BD10B50B788A7802705343DCB22246F3
:1008F000401C091DFFF79CFB601C10BD10B50B7858
:100900008A7802705343DCB22246401C091DFFF76F
:100910008FFB601C10BD10B50C460A88891CFFF7C0
:1009200087FB208810BD10B50C460A88891CFFF78C
:100930007FFB208810BD7FB515460446022901D0F3
:10094000102903D1022B04D0102B02D0002004B0B8
:1009500070BD994202D10A46294607E0102969462E
:1009600007D000F00DF8102269462846FFF76CFB0F
:10097000EDE7104600F004F8102269462046F5E73E
:1009800070B50C4605000CD0002C0AD01022064988
:100990002046FFF74DFB28782073687860730120AC
:1009A00070BD002070BD000034A1011110B50B46D0
:1009B0000122024902F0F4F910BD0000C90701113B
:1009C00070B5064608880C46172812D30B4603223A
:1009D0000949304602F0E4F9050008D107492088AA
:1009E0000988884200D20146304600F0B7F928460F
:1009F00070BD022070BD0000DF0701115470FF1FA1
:100A000010B500231922194602F0CAF910BD0000E2
:100A100010B50A78002A05D00B460722024902F0D9
:100A2000BFF910BD022010BDED07011110B54A78C5
:100A3000012A01D0022A08D10A78002A05D00B46E3
:100A40000522034902F0ACF910BD022010BD0000E0
:100A50001D08011101494000085A70475270FF1FDC
:100A600010B50B461B22024902F09AF910BD000096
:100A70008908011101491720088070475270FF1F33
:100A80000098022B01D0042070471178527812028E
:100A900089180180002070470098012B01D00420A4
:100AA0007047117801700020704770B5049C1E4695
:100AB0001546062B1BD36978287809024018208038
:100AC000E978A87809024018608002222271291D65
:100AD000601DFFF7ADFAB61FB2B22281F02A06D828
:100AE0002046A91D0A30FFF7A3FA002070BD04209C
:100AF00070BD0098042B01D0042070475378117802
:100B00001B02C91801809178D2781202891841809D
:100B100000207047F8B584890D460646002C26D083
:100B2000B2681778380620D50C2C20D90C3CA4B21A
:100B30001019009001217088234601F0D7FD00288C
:100B400011D0022028707806C00F6870B806800E99
:100B5000A870641E2004000CA88001D0B068401C5E
:100B6000A8600020F8BD0120ECE70020EAE70120A2
:100B7000F8BD10B502981146042B14D34C780A78AE
:100B8000240212190280CC788A7824021219428039
:100B90001B1F9AB28280F22A05D8801D091DFFF71B
:100BA00047FA002010BD042010BD0098042B01D08E
:100BB00004207047537811781B02C918018091787E
:100BC000D2781202891841800020704710B502982F
:100BD0001146062B03D0142B03D0042010BD022293
:100BE00000E0102202714B780A781B02D2180280B2
:100BF000CB788A781B02D21842800279401D091DE9
:100C0000FFF716FA002010BD30B5039CD80718D1A5
:100C1000D805010E022914D30B488088814210D8D0
:100C2000F6200155002008E0557813782D025B1955
:100C30004500401C6353C0B2921C8842F4D300208C
:100C400030BD042030BD00004C70FF1F0098022B07
:100C500001D004207047117852781202891801805F
:100C60000020704770B5144602460498022B18D332
:100C7000667825783602AD1905800546E0352A7676
:100C80006976002A0BD0E8219B1E9AB242808A42E4
:100C900007D8A11C001DFFF7CBF9002070BDF4217F
:100CA000F2E7042070BD000010B50B461722024980
:100CB00002F076F810BD0000A908011110B50B462E
:100CC0000D22024902F06CF810BD0000D30801119A
:100CD00010B50A78002A05D00B461122024902F00D
:100CE0005FF810BD022010BDE308011110B50A78AD
:100CF000002A05D00B460922024902F051F810BD26
:100D0000022010BDFD08011110B50B460F2202494B
:100D100002F046F810BD00001709011110B50B468E
:100D20000B22024902F03CF810BD00002709011116
:100D3000F72800D9F720084A01461080401EC31743
:100D40009B0F18188003000C5080491EC80F4018D4
:100D5000C003000C908070474C70FF1F044A12883B
:100D6000914203D8024A4000921D11527047000080
:100D70004C70FF1F10B500231322194602F010F823
:100D800010BDCB22520105E000BF00BF00BF1146DD
:100D9000491EFDD1401EF7D2704703E00821491ECD
:100DA0000029FCDC401EF9D27047000070B50C46EB
:100DB0000146032000020A1A002534481300FFF7F9
:100DC00049F91D1012151C1F2326282C30323438E7
:100DD0003A3C3E40424446484A4E50525A54565875
:100DE0005A00C07911E01022294902E02849102256
:100DF00010312046FFF71CF945E0C06A206042E050
:100E0000224906223C31F4E7007820703BE08089DB
:100E100036E01E4942784231EBE71D4982781F399E
:100E2000E7E7007AF1E7407AEFE718490622303128
:100E3000DFE7807AE9E7C07AE7E7C08920E0808AC7
:100E40001EE0C0781CE0C08A1AE0008B18E0408BDE
:100E500016E0808B14E00D4906223631C9E7C08BBD
:100E60000EE0008C0CE0408C0AE08079CDE7008A2F
:100E700006E0408A04E0272904D2084600F0A4FADC
:100E8000208000E00225284670BD0000F86DFF1F9D
:100E9000E994FF1F70B50E4C00256071A571691EA5
:100EA000E18100F0C1FB0420E0711022002109481B
:100EB000FFF7D6F80748102200211030FFF7D0F8CE
:100EC000E562257265720720A072E57270BD0000B0
:100ED000F86DFF1FE994FF1FFEB53F4D0C46080457
:100EE0000CD56879FFF7C2F8050004D003F092F83A
:100EF0002846FFF7C1F80120C00369E0600403D56C
:100F0000012080034840FEBDE007012600282ED0C6
:100F100032A002F039F92878002821D0A8790528D4
:100F200021D0297A68460170697A41702A490622DF
:100F30003031801CFFF77CF8A97A68460172E97AA3
:100F400041726946687900F05BFA002808D00720F2
:100F5000A871696A002903D00968002900D0884770
:100F600020467040FEBD032069460870E4E7A007F4
:100F70000ED5A879052809D1E889FFF783F8AA8A50
:100F8000002A03D002216879FFF782F802201FE0CF
:100F9000600707D517A002F0F7F8002003F0A6F8C5
:100FA000042015E0200715D518A002F0EDF82879E7
:100FB000012802D002280AD107E00096AB8B6A8B89
:100FC000298BE88A00F02EF801E000F07DF9082076
:100FD0006040FEBD0020FEBDF86DFF1F0A53544166
:100FE00052545F4144564552544953494E475F4518
:100FF00056540A0053544152545F434F4E4E5F556E
:1010000050444154455F455654000000434F4E4EF6
:101010005F504152414D5F54494D454F55545F45D6
:1010200056540000F8B5134C069EA579052D01D045
:101030001420F8BD104F851FBD4219D2062917D3C1
:10104000BD1DA94214D2FF27F537BA4210D20A2B90
:101050000ED3AB420CD2E08221836283A38330465D
:1010600003F044F804216079FFF718F80020F8BD78
:101070001820F8BDF86DFF1F7A0C0000F7B50D467B
:1010800080490098164642187F4F00247879B97934
:101090001300FEF7DFFF190E141BE92040455970BD
:1010A000777E888FE996A2A9B4BFC8E9E9E9E9D3B8
:1010B000E900102D76D11022314674486FE0102DD2
:1010C00070D1724810223146103068E0042D69D189
:1010D0003068F862CEE0012D64D13B7832783A7006
:1010E000002B0AD0002A07D1022903D0062901D0FB
:1010F000042901D100F03EF9BCE0002A0AD0012900
:1011000005D0032903D0052901D0042902D10121EA
:10111000FEF7CAFFAEE0022D44D13088B881A9E0C5
:101120001F2D3FD858481F2200214230FEF798FF5C
:1011300055482A4631464230FEF77AFF524B7D70C1
:1011400042332A46012112E01F2D7CD84F481F222E
:1011500000211F38FEF784FF4C482A4631461F38CD
:10116000FEF766FF494B2A461F3BBD700021787988
:1011700000F0D0FA83E0012D65D13078042862D8E0
:10118000387277E0012D5ED1307803285BD8787211
:1011900070E0062D57D13C48062231463030FEF72C
:1011A00047FF67E04FE0012D4DD1307807284AD83E
:1011B000B8725FE0012D46D13078032843D8F87229
:1011C00058E0022D3FD13288BA82002A52D0052938
:1011D00050D10221FEF75CFF4CE0012D33D1307875
:1011E000012830D8F87045E03088022D2BD1062830
:1011F00029D31921C901884225D8F8823AE03088DC
:10120000022D20D106281ED31921C90188421AD8DF
:1012100038832FE03088022D15D1FF21F531884227
:1012200011D2788326E03088022D0CD10A280AD307
:101230001921C901884206D8B8831BE03178012DF5
:1012400001D1012901D0182414E00821FEF732FF52
:10125000002801D016240DE0002002F047FF0421F1
:101260007879FEF71BFF05E00098272801D2022DB0
:1012700002D002242046FEBD318800F0FBF904466E
:10128000F8E70000FFFCFFFFF86DFF1FE994FF1F68
:101290001CB50B4CA179002901D011201CBD0028E0
:1012A00000D06062064907482C3103460191009046
:1012B000103B0022E179607900F016F800201CBD97
:1012C000F86DFF1FF994FF1F10B5064881790529B5
:1012D00001D0122010BDC1891322407900F0DAF943
:1012E00010BD0000F86DFF1FFFB581B01E460D4612
:1012F00002240B9F0B00FEF7ADFE0D1A0B1A1A0B02
:101300001A1A1A1A1A1A1A081A000AA001F03CFF2F
:101310002946019800F0D8F8040008D13A46304632
:101320000A9900F087F900F0EBF801F0CFF92046B8
:1013300005B0F0BD4741505F446576696365496E0D
:1013400069743A204741505F50524F46494C455FBF
:1013500043454E5452414C207C204741505F5052EF
:101360004F46494C455F5045524950484552414CC3
:10137000200A000070B5104C2168002904D00978BB
:10138000814203D0032070BD122070BD0B4D02219D
:101390002878FEF783FE0A48002646800421287834
:1013A000FEF77CFE07480680216803204870002075
:1013B000FEF786FE70BD0000B870FF1FE970FF1FCA
:1013C000CC70FF1F5C70FF1F272803D2024940002A
:1013D000085A7047014870476470FF1FFFFF000004
:1013E00010B5064C607005F019FA6078FEF76EFED5
:1013F0000521607801F066F810BD0000E870FF1F5D
:1014000070B5284E054630680C46002801D01120E2
:1014100070BD254801780520014216D02348806818
:10142000002805D00078002802D0C80706D101E0C6
:10143000102070BD00F044F8002808D02078032860
:1014400005D0022803D0002801D0122070BD0C2046
:10145000FEF742FE3060002820D005700021417068
:101460000A222146801CFEF7E3FD02F023FF040060
:1014700002D002F0A5F812E00D48007803280ED142
:101480001D20FFF7A1FF0B490028088007D00B485B
:10149000094A04210078FEF725FE00E013242046C7
:1014A00070BD0000B870FF1F5970FF1FCC70FF1F88
:1014B0005A70FF1F5C70FF1F60EA0000E970FF1F99
:1014C00010B505F0C9F910BD70B50C4605461C22D3
:1014D00000210948FEF7C4FD084805704470FEF776
:1014E00007FE0549002803D000200870122070BDB7
:1014F00001220A7070BD000020A9FF1F5870FF1F55
:1015000070B50F4C0025A068002802D0FEF7F6FD4C
:10151000A560E068002802D0FEF7F0FDE56009480C
:1015200005210078084206D00548103002F01AFC68
:1015300001F0E8FF70BD002002F014FC002070BD37
:10154000CC70FF1F5970FF1FFEB5344D0C460804C8
:1015500019D56878FEF78AFD0121C9034C4006467B
:1015600000280ED002F01EFB002807D12878FF28A3
:1015700004D03146FEF7C8FD002802D03046FEF701
:101580007BFD2046FEBDE007012700280AD0A868A1
:10159000002804D04168002901D000208847204657
:1015A0007840FEBDA00709D56868002804D04168CE
:1015B000002901D00120884702202AE060072AD5AF
:1015C000174E308800281FD0401E0004000C3080C9
:1015D0001ED102F067F8002809D012480770686829
:1015E000002804D04168002901D00120884702F07A
:1015F00033F8694600F0C4FF684602F0BDFA1D20CA
:10160000FFF7E2FE308003E004216878FEF746FD34
:1016100004206040FEBD0020FEBD0000E870FF1FFA
:101620005C70FF1F5B70FF1F01490870704700006E
:10163000E870FF1F70B50E4C0B46261D07C6054609
:10164000102200211846FEF765FD012803D1102164
:10165000A06806F0B1FA102200212846FEF75AFDD4
:10166000012803D11021606806F0A6FA70BD0000C1
:1016700020A9FF1F272807D2044A914204D0044A18
:10168000400011520020704702207047FFFF000009
:101690006470FF1FF8B50D4617461D4906461B4AE4
:1016A0001224C868954208D100282DD00268002A6B
:1016B0002AD029463046904723E0144A521C9542CE
:1016C00013D1002807D00268002A04D029463046EA
:1016D0009047040005D03946304601F04FFE040023
:1016E00012D10B48067047700EE0284605F066F8E8
:1016F000002809D00078B04205D139462846FEF7C7
:101700000FFD044600E003242046F8BDFEFF000064
:10171000BC70FF1FF8B50E46014619481546007803
:1017200005221F46104028D0304326D01548012EF0
:101730001BD0C468002C20D01F2D18D8002D01D03C
:10174000002F14D001701F220021601CFEF788FCBE
:101750002A463946601CFEF76BFC28462570002E91
:1017600007D0611CFEF7E2FCF8BD8468E2E70220C6
:10177000F8BD611CFEF7E0FCF8BD1220F8BD0000CA
:101780005970FF1FCC70FF1F014610B50020C9071C
:1017900004D0034A0421034800F0A6F910BD00005C
:1017A000049601117C6EFF1F70B50F4D0F4CA87091
:1017B00029461831204600F01DF8002128460B4626
:1017C0001030CA0084521218491C09065360090ED1
:1017D000F7D0012003F04EFCA87800F023FB04486A
:1017E00005F04CF870BD00005C6EFF1FFFFF0000AD
:1017F000AD48011170B50A4C0025A04209D1002066
:1018000082008C525218401CC0B295700228F7D347
:1018100070BD03F01AF80028FAD00480857070BDFE
:10182000FFFF0000F8B50E4607460699002407980A
:10183000002902D00B242046F8BD022B01D00D2434
:10184000F9E711785278120289188DB2294681433E
:1018500001D08024EFE73846F16800F03DF9A84256
:10186000E9D02A463846F16800F0A8F90400E2D130
:1018700071892A46384600F065F9DCE770B50C46F8
:10188000080412D50A488078FEF7F0FB050008D05E
:101890002878B02802D1284603F0F4F82846FEF74D
:1018A000EBFB0120C003604070BD002070BD000054
:1018B0005C6EFF1FFFB587B0087A0025109E1C469E
:1018C0000F46C0060DD5099802F0B8FF030006D0F8
:1018D0000A22394607989847050035D101E00E25C0
:1018E00032E0387802281DD17868292201784078C2
:1018F00012020002081880B2811A90427ED009DCE0
:101900007249401A23D0012821D0022851D003283F
:1019100008D125E0012972D0022971D003296DD0A8
:1019200004296ED0099802F0B1FF0028D7D00568CD
:10193000002DD4D01299119801910090334622467F
:1019400039460798A847054628460BB0F0BD1198C0
:10195000002873D1F868017831800278416897E0F7
:10196000119800286AD101203080F86800210078A1
:1019700020707889401C80B200F04EF900280FD00A
:10198000318802788918891C3180817A6170418997
:10199000090AA17002784168E01CFEF749FBD3E711
:1019A00030880422001D30800021601CFEF758FBA7
:1019B000CAE71198002872D1F86804A9008800903D
:1019C00004203080009820700098000A6070009811
:1019D00000F022F9070028D0F86805906846028ACE
:1019E00003AB3B49384600F06FF900280FD13B7834
:1019F000022138487A68FEF79EFF03E027E031E0D5
:101A00001DE049E0002802D13148694688810598E7
:101A1000007802280CD1059802224168201DFEF7AB
:101A200007FB3088801C308002E06946009888817E
:101A300068468089A070000AE07085E72FE0119861
:101A400000282CD1F968079800F046F804E01198B6
:101A5000002824D1F8680088022131802070000A13
:101A6000607071E7F868FEF76DFB1199C0B28142B2
:101A700010D8814201D1002206E0129A89188142D1
:101A800002D31199401AC2B23280F968119809182C
:101A9000204682E7072557E71198002801D00B253B
:101AA00052E70721F8683180017821704178617030
:101AB0008178A1704188090AE170017921718179E9
:101AC0006171C088000AA0713EE700000028000094
:101AD000FFFF0000AAA1011110B502F0B6FE002818
:101AE00000D0807810BD00007CB51446050019D0E8
:101AF00068460195018000F09BF903001DD1002C80
:101B00001BD06D89002D0DD00C20FEF7E5FA0028C2
:101B10000AD0002303608580094A84609168002907
:101B200004D006E0022308E0132306E0906004E0FE
:101B300011460A68002AFBD1086018467CBD0000E7
:101B40005C6EFF1FF8B50C4C0746207815460E4614
:101B5000FF280FD00A20FEF7FBFA01000AD0B120BF
:101B600008700020487008714F80CE800D81207869
:101B7000FEF7CAFAF8BD00005C6EFF1FFFB583B028
:101B800008461F4601A90C9E00F046F8050012D039
:101B90006846808802F07AFE00280AD04468002C4B
:101BA00007D000963B462946059A0398A04707B000
:101BB000F0BD0E20FBE70120F9E7000070B51446E8
:101BC0000E46054602F041FE002806D13146054882
:101BD00002F03BFE002803D005808470002070BD19
:101BE000112070BDFFFF000010B50178B0290BD1A6
:101BF0004178002908D10179122906D01B2903D187
:101C00004088012100F0E8FB10BDFF210231095C92
:101C10000129F5D010BD0000F0B58C4610494B6885
:101C200019E09F687C89A04214D39E8831198142B3
:101C300010D900220CE011017D186989814205D17B
:101C40006046002800D004802846F0BD521C92B2A5
:101C50009642F0D81B68002BE3D10020F0BD0000B5
:101C6000F470FF1FFFB5174881B00A9F446824E055
:101C700000251EE0A0682901461870890199884254
:101C800015D30299884212D80498002807D03178D9
:101C90007068049B039AFEF74EFE002807D0002FC1
:101CA00002D0A06840893880304605B0F0BD6D1C78
:101CB000ADB2A088A842DDD82468002CD8D100207D
:101CC000F3E70000F470FF1FFEB5174600256A46D3
:101CD0009580044640891D4A1E46904208D001AABC
:101CE0000092401C237880B26268FFF7BBFF054674
:101CF0002378022116486268FEF71DFE002807D1EE
:101D00002378022113486268FEF715FE002801D0EF
:101D100060890EE0237802210F486268FEF70BFE0F
:101D200000280DD0002D03D068468088B84203D02B
:101D3000384603F09DFA04E06889401E80B200E056
:101D40006089002E00D030802846FEBDFFFF0000D5
:101D5000A8A10111AAA10111AEA1011110B5054957
:101D60000870042100F0AEFB00F006F8FEF782FEDA
:101D700010BD00000471FF1F70B50E4C00200C4B0D
:101D8000651CFF228100C91800280ED00D80401C60
:101D9000CA70C0B28A700228F4D3074802F040FD2E
:101DA000064804F06BFD002070BD0C80EFE70000DA
:101DB000FC70FF1FFEFF0000A15101112151011114
:101DC000F8B50D4614460646694602F085FB17280D
:101DD0000CD0002C06D001221021304604F0C8FCA3
:101DE000002803D129463046FEF73AFEF8BD000030
:101DF00070B50C46080411D509480078FEF736F98D
:101E0000050007D00178A02901D102F0ADFC2846D9
:101E1000FEF732F90120C003604070BD002070BDA4
:101E20000471FF1F0149087070470000F470FF1F24
:101E300070B50546008800281DD068680221037827
:101E400042682248FEF777FD002808D16868022121
:101E5000037842681E48FEF76EFD00280BD01D4C2B
:101E60006088002805D0012229881204101A8142B6
:101E700003D9012070BD022070BD0C20FEF72CF9A3
:101E8000060001D000200AE0132070BD02016B683B
:101E900061880A329952491C401C618080B22988AD
:101EA0008142F3D80020306008222946301DFEF719
:101EB000BFF86068002802D1666004E00846016847
:101EC0000029FBD10660002070BD0000A8A101110F
:101ED000AAA10111F470FF1F0649496806E08A684B
:101EE0005289824201D18888704709680029F6D159
:101EF00000207047F470FF1F10B51422114201D06A
:101F0000012202E04A0604D50022102104F030FC30
:101F100010BDC80701D0002010BD022010BD10B5B3
:101F200014468A0604D50122102104F021FC10BDBC
:101F3000882211420ED008220A40102104F018FC19
:101F400000280BD0E034617E0029F0D0217E0129E9
:101F5000EDD103E0880701D4032010BD002010BD9F
:101F600070B50246012815D0022A15D0032A17D0D1
:101F7000092A1AD00B2A1CD00D2A1FD00E2808D1EE
:101F80000D46084600F020F80446284600F026F8E2
:101F9000604070BD084670BD084600F01FF870BD77
:101FA0000C46084600F01AF80CE0084600F02BF842
:101FB00070BD0D46084600F026F8E5E70C460846D9
:101FC00000F002F8604070BD70B5054600F015F8ED
:101FD0000446284600F00BF8604070BD4000FF2129
:101FE0000131084202D0C0B21B214840704710B5F1
:101FF000FFF7F4FFFFF7F2FF10BD10B5FFF7F7FF93
:10200000FFF7ECFF10BD10B50446FFF7F6FF604088
:1020100010BD0000014610B50020C90704D0034AD6
:1020200007210348FFF760FD10BD0000F095011186
:10203000846DFF1F70B50D46164600241D49030030
:10204000FEF708F808051234341934222934112D0A
:1020500023D8122200211848FEF702F82A463146FA
:102060001548FDF7E5FF22E0022D16D11149108831
:10207000103908801BE0082D0FD10E480822314688
:102080000838FEF76BF812E0012D06D1CA6909493C
:102090003078283107E0012D01D0182407E0CA6B01
:1020A00004493078483103F060FA00E00224204609
:1020B00070BD0000846DFF1FB894FF1F30B5084A43
:1020C000084B08E00578140A55402A06D20D9A5AA2
:1020D000401C6240491E0029F4D1D04380B230BD7B
:1020E000FFFF00006C96011170B5124C00252068AE
:1020F00061148843206000F08DF80520FEF74DFE46
:1021000020682614304320600520FEF746FE0D208F
:1021100003F0C6FB002800D001252068B0432060F2
:102120000220FEF73AFE00F07BF80220FEF735FEB3
:10213000284670BD00800040FFB581B01E461446A1
:10214000074600250AE000F0EFF80A20FEF725FE1A
:102150006D1C052D02DD012005B0F0BD00F0CAF8B0
:10216000384600F0A1F80028EDD1029800F09CF864
:10217000002801D00220EFE700F0BCF8384601212A
:10218000084300F091F8002801D00320E4E700257F
:10219000761E05E0002000F00DF82070641C6D1C18
:1021A000B542F7DB012000F005F8207000F0BCF824
:1021B0000020D1E7F1B5002500F02CF80520FEF74E
:1021C000ECFD134C00262714206838432060680675
:1021D000050E0D2003F064FB002801D0012005430B
:1021E0000120FEF7DAFD2068B84320600520FEF7E5
:1021F000D4FD761CF6B2082EE6D300F011F80220CA
:10220000FEF7CBFD009800F011F82846F8BD00005D
:102210000080004010B500210D2003F0EFFA10BD42
:1022200010B501210D2003F0E9FA10BD012100B520
:1022300049030D4A0028106801D0084300E0884394
:1022400010600120FEF7A9FD106801239B031843CD
:1022500010600120FEF7A1FD106898431060012076
:10226000FEF79BFD00BD000000800040F8B516465B
:102270000D460746002400F03DF8384600F014F8FB
:1022800000280AD00120F8BD28786D1C00F00CF859
:10229000002801D00220F8BD641CB442F4DB00F039
:1022A00043F80020F8BD0000F8B58027104A00234D
:1022B000BE01054614143846D8402842106801D0A3
:1022C000304300E0B04310600120FEF766FD106867
:1022D000204310600120FEF760FD1068A0431060ED
:1022E0005B1CDBB2082BE6D3FFF7FEFEF8BD000057
:1022F0000080004010B50B4A10685314184310605A
:1023000010681414204310600120FEF746FD106889
:10231000984310600020FEF740FD1068A043106055
:1023200010BD00000080004000B50B4A1068531437
:10233000984310600120FEF730FD106801218903E9
:10234000084310600020FEF728FD10681843106055
:102350000120FEF722FD00BD008000400B780370D5
:102360000B8802221B0A43700B88801C012B02D0B1
:10237000022B07D011E08A7802704988090A41705F
:1023800004220AE08A7802704A88120A42700A79A6
:1023900082708988090AC1700622104670470000C1
:1023A00008B5044B009313460A46012104F00CF9CA
:1023B00008BD00005D2301111CB5032301920093A9
:1023C0000A46024B122104F02FF91CBDE95E0111EF
:1023D00010B5FDF7C9FE10BD13B5044800780128FB
:1023E00003D101AA6946FDF7C5FE1CBD1071FF1F90
:1023F00070B50F490F4A087000210B468C00491C2C
:10240000C9B213530429F9D30A4C00211034FF2612
:102410000A460A256A4315196B80491CA354C9B2A0
:102420006E720329F4D3FDF7ABFE04F0A1F870BD82
:102430001171FF1F3CA9FF1F082A01D0012070471E
:102440004B780A781B02D2180280CB788A781B025C
:10245000D21842804B790A791B02D21882808A797D
:10246000C97909025118C1800020704770B50C4627
:10247000080411D509480078FDF7F8FD050007D0DC
:102480000178902901D103F0D5FF2846FDF7F4FD2E
:102490000120C003604070BD002070BD1171FF1F9E
:1024A00070B500280AD1064C00252580A581A5809D
:1024B000A068002802D0FDF769FEA56070BD00008D
:1024C000C8A9FF1F072907D0052905D0042903D073
:1024D000062901D002207047044A8B009A1813463F
:1024E000403B1986203A9074002070473CA9FF1F9A
:1024F00070B506001BD10E4C0025214640310D74ED
:102500004D740D76606D002802D0FDF73FFE6565C5
:102510005C20002546433419E80020184068002854
:1025200001D0FDF733FE6D1CEDB20A2DF4D370BD62
:10253000D8A9FF1F70B50A880C460546072A07D0A0
:10254000052A05D0042A03D0062A01D0022070BD36
:10255000012104F0C1F9002804D02146284603F0E7
:10256000D9FC70BD142070BD10B5001D80B2FDF700
:1025700013FE002803D00321C943FDF713FE10BD4D
:1025800038B50C46050014D0002C12D00321684643
:1025900005F012FB6946887840218006800E0843CA
:1025A000694688702246284606F03EF8050002D0AB
:1025B00006E0022038BD03226946E01CFDF738FD25
:1025C000284638BDF7B58EB00E9815460E46002841
:1025D0002DD0002D2BD0301DC0B20190FDF77CFD19
:1025E000040039D001F044F807463246201D0E9908
:1025F000FDF7DEFDF8B20890E0703804000E0B9095
:10260000A0703802000E0A9060703F0E277001F033
:1026100029F80146102202A8FDF7CAFD06AB2146A3
:1026200002A8019A05F056FF060003D010E0022030
:1026300011B0F0BD089828700B9868700A98A870BF
:10264000EF70082206A9281DFDF7B2FD01F016F86B
:102650002046FDF753FD00E013263046E8E7000072
:1026600010B5064C2070FDF7A9FD06212078FFF774
:1026700029FF034804F002F910BD00002071FF1F7C
:102680000D7C011170B50C46080419D50D48007871
:10269000FDF7ECFC05000FD005F0D8FB002808D1B1
:1026A00009480078FF2804D02946FDF72DFD0028B1
:1026B00002D02846FDF7E0FC0120C003604070BD59
:1026C000002070BD2071FF1FE870FF1F10B5054886
:1026D0000078400701D5044800E0002005F03EFCEA
:1026E000002010BD5970FF1F1471FF1FFFB58DB082
:1026F0000F98169C0E46002815D0002C13D00D986C
:1027000004F05CF8050011D06178207809024018C7
:10271000A178E2780904120689184718286AB84295
:1027200006D3401C04D0022011B0F0BD1420FBE7FA
:10273000002E04D02879800701D40120F4E7082274
:10274000002106A8FDF78CFC1098001DC0B2019076
:10275000FDF7C2FC060017D0301D109A0F99FDF747
:1027600027FD042221463046FDF722FD1022A9183C
:1027700002A8FDF71DFD06AB314602A8019A05F03F
:10278000A9FE050002D013E01320CDE7082206A918
:1027900008A8FDF70DFD0822211D08A8FDF754FC2F
:1027A000012801D0012503E039460D9801F0DCFD38
:1027B0003046FDF7A3FC2846B6E7000030B55D4C77
:1027C0008BB0607106211F20FEF754FF002268467F
:1027D0000272012101730721017482821821818311
:1027E00019256D010584FF218284F531018552A0F0
:1027F00003C80191009061786846017606AA01211C
:102800004F48FEF73BFC4E486A460621801CFEF707
:1028100035FCC32004AA01218000FEF72FFC4848A4
:1028200002AA0121001FFEF729FC454805AA022142
:10283000C01EFEF723FC21465631084611223838C7
:10284000FDF7F6FB224661201C321C21C000FEF77A
:1028500015FC204610223B493D30FDF7E9FB21469F
:102860000D31084603224230FDF7E2FB3448224690
:1028700038321E21801EFEF701FC312003AA0121FF
:102880000001FEF7FBFB2E4807AA02210830FEF7E5
:10289000F5FB2B4808AA02210930FEF7EFFB284878
:1028A00009AA02210A30FEF7E9FBC5200AAA022183
:1028B0008000FEF7E3FB2246563211210020FFF78D
:1028C000B9FB29460620FEF7D5FE29460720FEF76C
:1028D000D1FE29460820FEF7CDFE29460920FEF745
:1028E000C9FE0025ED432846FFF794FB2846FEF776
:1028F0004BFF154804F06CFA86250120FDF764FCB7
:102900000120FDF767FC2846FEF712FA29460FA0C2
:1029100000F03AFC01216079FDF7C6FB6079FEF713
:1029200083FE204603210A30FDF75AFCFDF75EFCCA
:102930000BB030BD5C6FFF1F0102030405060000F1
:102940000903000010960111316E01115B324D62D6
:102950007073207C20444C45207C204D545520250C
:10296000645D200A00000000F0B587B000260296E2
:102970000396684604960675AC4C0D46080417D5B8
:10298000ABA000F001FC6079FDF770FB04000CD0F7
:102990002078912806D160780E2803D1A188A8A0BC
:1029A00000F0F2FB2046FDF767FB0120C00338E191
:1029B000E807012700280CD0ACA000F0E5FB9B48FD
:1029C0001430FEF765FCFDF717FC2846784007B089
:1029D000F0BDA80762D5217894480B00C078FDF7B8
:1029E00039FB050A0419263B240064210220FDF767
:1029F00009FCFF2104E0FF210220FDF703FC642114
:102A00000020FDF7FFFBFF210120FDF7FBFBFDF799
:102A1000FFFB0AE0002805D0FF210220FDF7F2FBB2
:102A200064210BE0FF2105E0E0700220F9E00028BE
:102A3000F8D064210220FDF7E5FBFF210020FDF71F
:102A4000E1FBFF210120FDF7DDFBFDF7E1FBE07875
:102A5000002821D00020E7E700280ED0FF21022027
:102A6000FDF7D0FBFF210020FDF7CCFBFF2101206B
:102A7000FDF7C8FBFDF7CCFBDBE7FF210220FDF7EC
:102A8000C1FBFF210020FDF7BDFBFF210120FDF769
:102A9000B9FBFDF7BDFBBFE70120C5E7680731D5EE
:102AA000E08803F0AFF801281FD0684606750023C0
:102AB00000961A4605A91846019606F0EDFAE6803A
:102AC0000B2170A004F06AFE002006F083FAA82013
:102AD00006F080FA04216079FDF7E0FA5A22082115
:102AE0006079FDF7D5FA04209BE0E18868A000F04A
:102AF0004BFB642204216079FDF7CAFAE088401C90
:102B0000E080F0E728072ED503F05CF90220207062
:102B100006F008FC0246062814D0052A14D0072A1D
:102B20001FD027705FA102A8FDF778FB062102A83D
:102B300004F034FE7D22D20008216079FDF7A8FA66
:102B400008206EE05A22F7E70420207002F0A0FC73
:102B50002681267108216079FDF7A0FA462280219E
:102B6000EBE72670DEE7280642D550A000F00CFB0C
:102B700000F054F90A2816D00B2824D0002835D0AC
:102B800027700246267147A102A8FDF747FB0621E0
:102B900002A804F003FE7D22D20008216079FDF72F
:102BA00077FA80203DE02089002808D1002245A145
:102BB00002A8FDF733FB0C2102A804F0EFFD2089E9
:102BC000401C20810FE020791421401CC0B22071EC
:102BD0004843208142083BA102A8FDF71FFB0C21BE
:102BE00002A804F0DBFD0A228021D7E72670C8E79F
:102BF000680608D5FDF718FB364A40216079FDF7D5
:102C000047FA40200DE028050DD533A000F0BCFAAE
:102C1000684607706A4601213548FEF72FFA012001
:102C2000C0026840D3E60020D1E600005C6FFF1FC1
:102C30005359535F4556454E545F4D53470A000064
:102C40003D3D3E204843495F434F4D4D414E445F1B
:102C5000434F4D504C4554455F4556454E545F4398
:102C60004F44453A2025780A000000005342505F47
:102C700053544152545F4445564943455F45565469
:102C80000A000000446F776E6C6F61645F4F4B0009
:102C900048616E646C652046696C65204E756D20D8
:102CA00025640A00436F64653A2564005342505F0F
:102CB0005550444154494E475F434849505F45563B
:102CC000540A000050726F67726573733A2530338F
:102CD0006400000088130000474150524F4C455F8C
:102CE0004144564552545F454E41424C45440A00CA
:102CF00005030000002805DBC106C90E012088403D
:102D0000014908607047000000E100E08307FF22EE
:102D1000DB0E9A408907090E9940002808DB8308DA
:102D200009489B001B1818689043084318607047B7
:102D30000007000F0838830804489B001B18D86957
:102D400090430843D861704700E400E000ED00E0E4
:102D50000A4610B501460020FDF76CFA10BD0000D0
:102D6000F3B585B000248D006E46281981000B480C
:102D70004058694606F022F90020A100059A030197
:102D80009A1887005358F759401C7B405350042829
:102D9000F4DB641C042CE8DB07B0F0BD30A8FF1F97
:102DA000FFB583B00F4603981B4940001646085AEA
:102DB000FFF7DAFB04002AD00125601C2670002FE3
:102DC00003D00699B847401C85B2300610D51021B3
:102DD000039803F081FD002801D0192613E0621941
:102DE000E9B22046FFF7EEFB06000CD10C35ADB280
:102DF0000421684601800194058169460398FFF724
:102E000099FB060004D02046FDF7C0F900E0132628
:102E1000304607B0F0BD00005270FF1FF0B500252E
:102E200087B06B4C0295039504950F273F0262898A
:102E30002946A069FDF714F9617866A000F0A4F9AD
:102E400066780A2E68D2E078012821D16189644829
:102E5000FDF7F6F960716348A171805D3946401E47
:102E60004843E061E1683A4640185E498C3104F01D
:102E70004DFA0146E5705CA000F086F9E168E06972
:102E800041185BA000F080F939465EA000F07CF9A3
:102E9000A1786279914237D8608935260346484344
:102EA000801C360380B2914213D14E49A3798C31F4
:102EB000A26904F0CEFC6089A178A27948436178C8
:102EC000090389194018A16906F0ECF9002811D10D
:102ED0001AE04449A2698C3104F0BBFC6178628934
:102EE000A0780903504389194018A16906F0DAF95E
:102EF000002805D047A000F047F9012007B0F0BD39
:102F0000A078401CA0705BE06078401C60700120DD
:102F1000E070A5700B20F1E70A2E18D00B2E33D0ED
:102F2000002102A802F074FA2E480A2202A90A30EF
:102F3000FDF77EF82B493C480A3106F06BF9002872
:102F400040D03AA000F020F965700420D6E73EA1F9
:102F500003C9019100902078694648717D22D20012
:102F60000721684604F008FB60690178022905D151
:102F70004178FD2902D1807800281ED0657034A0E8
:102F800000F002F90220B9E738A103C901910090CD
:102F90000A220721684604F0EFFA606901780329E4
:102FA00005D14178FC2902D18078002805D06570D0
:102FB00027A000F0E9F80320A0E76078401C6070CB
:102FC0000A209BE765702BA000F0DEF8002095E753
:102FD000DC6FFF1F6E756D3A25640D0A000000005E
:102FE000F40E0000A398FF1F613A25640D0A00004B
:102FF0006F66667365745F616464726573733A25A6
:10300000640D0A00646174615F6C656E3A25640D3D
:103010000A0000007570646174655F736E646174AA
:1030200061206572720A000000520200555044414E
:1030300054455F4241434B444F4F525F4641494CD8
:1030400045440D0A00000000407D0402FD00000020
:103050005550444154415F54595045444154415F97
:103060004641494C45440D0A00000000407D0403E0
:10307000FC000000535543434553530D0A00000024
:10308000F8B51D480025056017211C4804F066F9B5
:103090001A480B300646FDF7D9F8184C034621783C
:1030A000621C17A000F070F820781E4F002807D18E
:1030B0006078FF2804D03046FDF7C8F8B84218D031
:1030C00019A000F061F80A221BA1601CFCF7B0FFF8
:1030D0000220207031463846FDF7BEF807493846D1
:1030E0000F31FDF7B9F8E57425756575A5750120F3
:1030F000F8BD0020F8BD0000C46FFF1F8C98FF1FB3
:1031000066696C653A73746174653A25642C202095
:10311000563A25732C20616464723A253038580A77
:10312000000000000040021166696C655F696E6610
:103130006F20696E69740A003030303030303030C2
:103140003030000030B5002300229C0015012D18FE
:103150002D5D0D70491C521C042AF7DB5B1C042BEF
:10316000F2DB30BDF0B500252C460023A6001F0180
:10317000425D7F185B1C6D1CBA51042BF7DB641C8D
:10318000042CF2DBF0BD00000FB410B503AA044814
:10319000029903F0B3FB10BC08BC04B01847000050
:1031A000512D011138B5034B00240FCB0094FDF7CE
:1031B00059F838BDD8950111F7B5AAB0104600F0FE
:1031C00029F9002042E017992A984018694614907E
:1031D000FFF7C8FF0A216846FFF7C2FD09246846C9
:1031E00000F0AEF8684600F07FF8684600F034F86A
:1031F0001AA9204602F0A2F81AA800F02DF81AA881
:10320000EE468446002100200A016346D518724428
:103210008300D658EF58401C7E40D6500428F7DB78
:10322000491C0429EFDB641E012CD8DA704600F03B
:1032300087F8684600F058F800216846FFF790FDCF
:1032400068461499FFF77EFF1798103017902B9956
:103250008842B8DB2DB0F0BDF1B594B000216A46CC
:10326000149C0B0100201D199C188300EE58401C73
:10327000E6500428F9DB491C0429F1DB0024200175
:103280001499139040181190164913980025461868
:10329000A8006946109009581248139A8058FEF702
:1032A0005FFE0746109869464018129001697068E1
:1032B000FEF756FE47401298016AB068FEF750FECE
:1032C00047401298016BF068FEF74AFE474011999B
:1032D00010986D1C0F50042DDADB641C042CCEDB1F
:1032E00015B0F0BDF4A00111F0B58DB00746002077
:1032F0006C4604AD08AE8100CA1913696350136AA5
:103300006B50126B401C72500428F4DB01212046E4
:1033100004F080FA022104A804F07CFA032108A832
:1033200004F078FA00208100CA19635813616B58C1
:1033300013627158401C11630428F4DB0DB0F0BD1A
:10334000F1B582B000250298002429010E18A000D2
:1033500000903758384602F01FF8820106483907B6
:103360001018890E41580098641C3150042CEEDB73
:103370006D1C042DE7DBFEBD8C9C011110B50C46C5
:1033800003F030FA002804D040882146FCF7C8FE3C
:1033900010BD122010BD00210B2806D90246303A7C
:1033A000032A02D90C3A032A01D8022113E002466B
:1033B0000C3A0B2A02D9403A032A01D801210AE02B
:1033C0000246183A0B2A05D91C3A072A02D9403876
:1033D000032800D8032108467047000070B5484311
:1033E00009490B4E086009494018C117090D081812
:1033F0000513002404E020038019FCF739FF641C46
:10340000AC42F8D370BD0000C46FFF1FFF0F000077
:1034100000400211F0B52C4C89B000239D00291802
:103420000A784E788F78120636043F02C978324304
:103430003A430A435B1C6251042BEFDB0425002056
:103440000090A8070CD02049AA0050188038036FBC
:10345000C06F43408B506D1C2C2DF2DB09B0F0BDCA
:10346000A80019490790401880380690C06F00994D
:10347000059101A905F0A2FD012101A803F01AF9A7
:10348000002401AEA700F05901F08AFF641CF0513E
:10349000042CF7DB019802060298010403980A4302
:1034A000030204981A43024305980849800009580A
:1034B00005485140069A126F5140079A8150009872
:1034C000401C0090C7E7000030A8FF1F8CA001112E
:1034D0000022002913D0002811D0012806D04A79F3
:1034E0009206920E4A71032805D007E04879C0225F
:1034F0001043487102E0402002434A710122104605
:103500007047000070B51248002500780521084278
:103510001BD02020FCF7E0FD0E4C0028A06013D04B
:1035200020220021FCF79CFD2020FCF7D5FDE06067
:10353000002804D020220021FCF792FD05E0A068BD
:10354000FCF7DCFD0020A0601325284670BD0000BC
:103550005970FF1FCC70FF1F002909D0012807D127
:10356000497989098901C02902D0402901D0022066
:10357000704703207047FFB500200E4608701AE020
:103580001C5C401CC5B2002C17D02819904214D8DE
:103590005F5D6D1CEDB2384600F00FFF002806D0CD
:1035A000641EE0B2307000998F4202D1581904B005
:1035B000F0BD4019C0B29042E2D30020F7E700000E
:1035C00010B5044C2068002803D0FCF797FD0020BC
:1035D000206010BDB870FF1F70B50E4D84002859D3
:1035E000002815D0006A002801D0FCF787FD285973
:1035F000406A002801D0FCF781FD2859806A002824
:1036000001D0FCF77BFD2859FCF778FD00202851FC
:1036100070BD0000C470FF1F10B5044C6068002826
:1036200003D0FCF76BFD0020606010BDBC70FF1F75
:103630000100044805D104498978002901D00248D5
:10364000801D704730A9FF1F5870FF1F0148807808
:10365000704700005870FF1F014840687047000025
:1036600020A9FF1F014880687047000020A9FF1FA4
:103670000148C0680068704720A9FF1F10B50748BF
:10368000C0680168491C016005480078FF2803D024
:1036900001218903FCF708FD10BD000020A9FF1FD0
:1036A0005870FF1F02484068002800D00120704772
:1036B000B470FF1FFFB581B00F460D9E0A9D0398A1
:1036C00003F07CF8040042D0019800283FD1207913
:1036D0001021084320710499490702D502210843AB
:1036E00001E0FD21084020710B99284608430C9900
:1036F00008433043207902D00421084301E0FB2134
:1037000008402071002E06D0306910222062314618
:10371000A018FCF78DFC002D01D0002F05D00B98D0
:10372000002814D0012F08D011E0606A002801D0D1
:10373000FCF7E4FC1C21284606E0606A002801D062
:10374000FCF7DCFC1C210B98FCF798FD60620398E9
:10375000224C8700E05900283ED0002D0FD0006A8F
:10376000002806D11C20FCF7B7FCE15900280862AC
:1037700005D0E0591C22006A2946FCF759FC0C9838
:10378000002810D0E059406A002806D11620FCF726
:10379000A3FCE1590028486205D0E0591622406A8E
:1037A0000C99FCF745FC002E10D0E059806A0028E7
:1037B00006D11420FCF790FCE1590028886205D05E
:1037C000E0591422806A3146FCF732FC0B9B049AC4
:1037D0000399019804F04EF805B0F0BDC470FF1FC6
:1037E000F3B581B0019802F0E9FF050029D00E2061
:1037F000FCF7AEFC040024D02620FDF7E5FD060012
:1038000000D12E78D0202070002767700B20A07088
:103810000622E91DE01CFCF70BFC01986081029870
:10382000C1070120002901D0207300E0277302990D
:10383000890701D5607300E06773F0B22146FCF799
:1038400063FCFEBD10B581881F4B0124CA1A994242
:1038500037D011DC1D4BCA1A994219D007DC1C4A1B
:103860008A1810D0022A1ED0032A29D11BE0472A29
:1038700027D0482A24D124E01300FCF7EBFB0621D3
:103880002222222222218068007800F057FD08E0E1
:103890008068827841781202891889B2007800F035
:1038A000ADFD04460DE0094A921E914201D101226C
:1038B00000E0002280680178104600F087FD00E0FB
:1038C0000024204610BD0000532000000A20000004
:1038D000FADFFFFF70B51A4D1A4A01460026287814
:1038E0001268194C01290CD0002A09D0174909780F
:1038F000490705D50221FCF7D1FB6680FFF760FE82
:1039000070BD6188002903D0114B1B78002B05D0B6
:10391000002AF5D01078FDF72DFD70BD3C2902D3AB
:103920003C39618070BD0221FCF7B8FB62887D20C4
:10393000C000424302212878FCF7AAFB668070BDD4
:10394000E970FF1FB870FF1FCC70FF1F5970FF1F79
:103950005B70FF1F08B5418900910389C288818887
:10396000C07800F037FC08BDF0B504468088A1217E
:1039700089004843304987B009684018FF30FF305C
:103980000230A1794167002C54D02C4D6868002882
:1039900023D006782A480068002804D0416800290E
:1039A00001D0002088472146E07908310591FFF7D2
:1039B000D3FDE0710246277D638A218AE089019068
:1039C00002A88AC0A0880090E0783146059B03F0E9
:1039D000C7FFE078002802D00DE01A48D9E7E07967
:1039E000E2896B46059907C3A379A1880122304675
:1039F00002F092FEE0706868002811D0FFF70CFE1C
:103A0000287800280CD06978FFF7B8FC002807D088
:103A1000E078A2880346297803F0CFFF00202870C1
:103A2000A0881721FDF79AF9A088FEF739FDA08834
:103A3000FEF75EFD07B0F0BD3409FF1FBC70FF1F2D
:103A4000EC70FF1F5870FF1F70B504460026808879
:103A500002F0B4FE002803D00678A08802F020FF10
:103A6000144D2878002808D0864206D16978FFF7DF
:103A700085FC002809D000202870002E05D0A379ED
:103A8000A288A078314603F098FFA088094A8100F7
:103A900008325158002901D0FFF79EFDA088172158
:103AA000FDF75CF9A088FEF7FBFCA088FEF720FD7F
:103AB00070BD0000BC70FF1F70B58288294D0124C5
:103AC000531B2949AA4242D019DC284D531BAA4254
:103AD00018D00BDC264BD21826D0254B1033D21829
:103AE0001ED0032A17D0042A39D10BE0012B09D0AC
:103AF000022B07D0032B21D0042B30D11AE0433BFB
:103B0000072B2CD8496800292AD00968002927D01A
:103B10008847044624E08068007800F0ADF81FE094
:103B2000806800F001F9F4E78068411C007800F03B
:103B3000D9F8EEE783681B78002B11D0896800293B
:103B40000ED00B6808E0014610469847E1E70949A6
:103B50000968002904D04B68002BF4D100E0002450
:103B6000204670BD0E200000E870FF1F08200000F6
:103B7000F7EFFFFFC870FF1F10B5094CA1780029AF
:103B80000CD001460622A01DFCF752FAA11DA07818
:103B9000FFF79EFCA01DFCF777FB10BD002010BDB9
:103BA0005870FF1F1CB52F49037801240A68912B18
:103BB00002D0A22B2ED13EE04178052909D00E2952
:103BC00004D00F2908D03E2924D115E0FFF774FF57
:103BD00010E0FFF739FF3AE001468088224B0124CC
:103BE000C31801D0062B15D1002A30D05268002A04
:103BF0002DD0904704462AE081780124032917D06C
:103C000004DC012911D0022904D105E015291ED0B8
:103C100016291CD000241AE014498968002916D0FE
:103C20004968002913D0884711E0FFF79DFE0EE098
:103C3000FFF790FE0BE00E490978042909D0002A0D
:103C400005D05268002A02D001460A489047204613
:103C50001CBD00216A46118001794088FEF7A0FB57
:103C6000F5E70000C870FF1FF3DFFFFFE870FF1FDC
:103C70005970FF1FFFFF0000F8B5164F0646BD1F25
:103C80002878FF2814D00A20FCF762FA04000FD02D
:103C9000D020207066700820A070A878E0700622FE
:103CA0003946201DFCF7C4F921462878FCF72CFA88
:103CB000E87801280DD108480068002803D0806802
:103CC000002800D080470648044A04210078FCF709
:103CD00009FAF8BD5E70FF1FEC70FF1F60EA00007C
:103CE000E970FF1F70B500240546002805D10029A2
:103CF00003D006220B48FCF79BF90A4810380178DC
:103D0000012907D10124002D06D000210170284689
:103D100000F03CFA204670BD02210170FCF7BAFAAF
:103D2000F8E7000030A9FF1F10B50024002813D0C9
:103D300002780B49002A03D14288CA8202790A76A6
:103D40000A78022A08D102780124002A06D000222B
:103D50000A70007800F01AFA204610BD0322F7E737
:103D600020A9FF1F0149486070470000E870FF1F4D
:103D7000F0B50546817887B086A0FFF705FAA878E8
:103D8000002607278A4C0300FCF764F908053E1D4E
:103D900040406DB3E53E6878002869D185A0FFF703
:103DA000F3F983480622E91C3C30FCF741F9012075
:103DB0007F4BA071014642331F226079FDF7AAFCB8
:103DC000002855D1BDE06878002851D1E878002856
:103DD00007D07D4BA27800216079FDF79BFC6870CD
:103DE0000FE0A07902280FD001216079FCF762F979
:103DF000002806D175A0FFF7C7F901216079FCF70B
:103E000053F96878002833D107B0F0BD69780029EC
:103E10002ED103280AD0A289002A11D020780028A8
:103E20000FD001216079FCF733F90AE0A079052869
:103E300004D06CA0FFF7A8F9022012E0062010E0E1
:103E40002670A079062802D0042802D008E00520B8
:103E500007E00120207001466079FCF725F970E049
:103E60000320A0716DE06878002803D031283ED08F
:103E7000A77166E04E480622291D3630FCF7D8F8B7
:103E80006A89E281A9892182E88960820523A37178
:103E90002B8A059046480693039204913630C178E8
:103EA000437902796F460EC783784278017851488A
:103EB000FFF76AF9A28A002A03D002216079FCF791
:103EC000E7F8A889E083E8892084288A6084E0787C
:103ED00001280AD11F20FDF777FA7D21C900484348
:103EE000024604216079FCF7D3F8267029E0267099
:103EF000B6E72F48062200213630FCF7B1F8E683FA
:103F00002684668404216079FCF7C8F8082160796A
:103F1000FCF7C4F8A879082808D00320A0712078FD
:103F2000002805D06079FDF725FA07E00420F5E7C1
:103F30000120207001466079FCF7B6F80020C043EC
:103F4000E081606A002800D15EE701680029FBD0AB
:103F5000A079884758E708216079FCF79FF86878CE
:103F60000028F7D1E888E083288920846889608464
:103F700004216079FCF79EF80028EBD11EA0FFF722
:103F800003F9A06A0028E5D00368628C218CE08BDD
:103F9000984739E75359535F4556454E545F4D5343
:103FA00047206F70636F64653A20253032580A00ED
:103FB000F86DFF1F55706461746520416476657209
:103FC000746973696E670A00CA94FF1F4F70656E4B
:103FD000204164766572746973696E672045766501
:103FE0006E740A004164766572746973696E670A5B
:103FF0000000000048A2011170476170526F6C65AB
:10400000735F506172616D55706461746543420AFB
:104010000000000070B50446017825A0FFF7B4F851
:1040200020782A4D912807D0A22827D0D02802D165
:104030002046FFF79DFE70BD60780E28FBD1A0885A
:10404000234988420FD1A16803200856A979052980
:10405000F1D17F28EFD0696A0029ECD049680029A6
:10406000E9D0884770BD1B498842FBD1A06883789E
:104070004278017818A0FFF787F870BD607913289F
:10408000FBD12089012802D12879022808D00520F7
:10409000FDF79AF9024608216879FBF7F9FF70BD30
:1040A00008216879FBF7FAFFFDF70EF970BD0000F3
:1040B0000A5359535F4556454E545F4D534720456B
:1040C00076656E743A20253032580A00F86DFF1F6D
:1040D00005140000222000005B48434920444C4561
:1040E0005D25642025642025640A00007CB5154CFC
:1040F0000546E08BE18A88420AD3218B884207D8A3
:10410000208C618B884203D1608CA18B884217D0B0
:104110000520FDF759F90646E18A68460180218BA2
:104120004180618B8180A18BC18062796946E08981
:10413000FEF742F92571324608216079FBF7A8FFA6
:104140007CBD0000F86DFF1FF8B507460E46084617
:1041500002F034FB040018D02620FDF735F90500E5
:1041600000D125780620FBF7F3FF04000DD00622CE
:104170000021FBF775FFD020207067700E20A07023
:10418000A680E8B22146FBF7BFFFF8BD70B50F4D22
:1041900006462878FF2818D00E20FBF7D9FF040028
:1041A00013D0D020207066700020A070062208492D
:1041B000E01CFBF73DFF06481038C18A6181007E94
:1041C000207321462878FBF79FFF70BD5870FF1FB2
:1041D00030A9FF1FFFB581B01E4617460D460C20C3
:1041E000FBF7B6FF040013D0284602F0E7FA0028D8
:1041F00010D00078D0212170019961700721A17041
:10420000A580E78026810A9961812146FBF77CFF22
:1042100005B0F0BD0048ECE75870FF1F70B50D4DBC
:10422000044628680E46002812D00620FBF790FFAF
:10423000010009D0D02008704C70032088708E8057
:1042400028680078FBF760FF002C01D0FFF7B8F971
:1042500070BD0000B870FF1FFFB581B01F460E464D
:10426000084602F0ABFA050022D01020FBF770FFE1
:1042700004001DD010220021FBF7F2FE2620FDF7DE
:10428000A3F8002800D12878D0212170019961700D
:104290000F21A170A6800399217267720A99A172F9
:1042A0000B99E1720C99E160C0B22146FBF72CFF3B
:1042B00005B0F0BDF0B51F4D85B02868002837D097
:1042C0008778FDF7FDF8002805D00A20FDF77CF877
:1042D00004900B200EE001F0D5FD002805D006204B
:1042E000FDF772F80490072004E00820FDF76CF851
:1042F00004900920FDF768F804460F48007800286C
:1043000014D001262968C878091DFFF7E1F829684B
:104310006D46CA7A8B7A091D0BC5039233463A461D
:1043200021460498FBF7BCFF05B0F0BD0026E9E785
:104330000120F9E7B870FF1F5A70FF1F10B5094937
:10434000096800290CD0002805D101204870FBF72E
:10435000B7FE002802D00021FFF760FF012010BD4A
:10436000002010BDB870FF1FF8B50C4602F026FA09
:10437000020021D026201462FDF726F805062D0E36
:1043800000D115789679D01D00901020176AFBF7A0
:10439000DFFE040010D0D0202070002060700920C3
:1043A000A070E6700622201D0099FBF741FE214611
:1043B0002846E760FBF7A8FEF8BD411E152903D982
:1043C000FF2801D0002070470120704770B50A4EC9
:1043D000054630780C46FF280DD00420FBF7B8FEC8
:1043E000010008D0D02008704C7002208870CD7079
:1043F0003078FBF789FE70BDCC70FF1FF3B5284DF8
:1044000081B0286800284AD04078264E012803D081
:104410003078002831D041E001F034FD224F0028EF
:1044200013D00120FCF7D0FF0446412808D91F4AC9
:1044300002213878FBF756FE1D483C3C44800EE0D4
:104440007D20C0002246424303E00020FCF7BCFF71
:104450000246002A03D002213878FBF719FE2968AA
:10446000022048703078002802D00020307015E01B
:1044700002990198FFF7D2FE10E00320019CFBF7A0
:1044800067FE010008D0D02008704C7004208870AE
:1044900028680078FBF738FEFFF792F80120FEBD90
:1044A000B870FF1F5B70FF1FE970FF1F60EA00001C
:1044B000CC70FF1F074A00218B00D35A834202D1E0
:1044C000880080187047491CC9B20229F4D3002023
:1044D00070470000FC70FF1F10B50C46FFF7EAFFA5
:1044E00000280DD0002C00D020608078FE2803D05A
:1044F000FF2803D0162010BD172010BD002010BDCE
:10450000022010BDFFB581B0FF201E4617460530C2
:104510000A9DFBF71DFE04001BD0B02020706770C1
:10452000029860802671002D06D02046FC22294684
:104530000830FBF77DFD05E02046FC220021083015
:10454000FBF78EFD21460198FBF7DEFD002005B04C
:10455000F0BD1320FBE70000054817220280098800
:10456000172901D204207047018000207047000005
:104570005470FF1F0020704708B50A460888498814
:1045800088420BD8002809D0002300931379521DCC
:10459000FDF768FB002803D0002008BD012008BDFE
:1045A0000A2008BDF3B50D4608884988002687B063
:1045B000814215D3002813D0002769460F71009758
:1045C000002369881A46FDF74DFB04004FD068466A
:1045D0000079002807D069464979012925D008E0EB
:1045E000012009B0F0BD217802291BD002216A46C2
:1045F00051711222504301AA618980184180684696
:1046000000791223584380181022001D6168FBF7BF
:104610000FFD68460079401C0106090E68460171CD
:104620001FD11AE001216A465171217802291ED159
:10463000820001A86189121851806A461279616866
:10464000920010180222001DFBF7F2FC6A46107956
:10465000401CC0B21071052803D261890A4881420A
:1046600000D101266089401C80B2002EA7D0684688
:104670000079002805D001A90798FCF7D7F9002098
:10468000AFE70A20ADE70000FFFF000038B50C4699
:1046900008884988884215D8002813D02379621DDC
:1046A00002210B48FCF747F900280DD000200090AC
:1046B000237961882088621DFDF7D4FA002805D08F
:1046C000002038BD012038BD102038BD0A2038BD7B
:1046D000A8A1011108B50A460888498888420BD864
:1046E000002809D0002300931379521DFDF7BAFA70
:1046F000002803D0002008BD012008BD0A2008BD05
:10470000F8B500250F4606460C46E03717E068006E
:10471000205A0021FDF780FA002809D0017A30469E
:10472000FDF7EAFB002808D06900615A2180F8BD36
:104730006800205A20800120F8BD6D1CEDB2B87DC4
:10474000A842E4D80020F8BD10B50446088800212E
:10475000FDF762FA002804D0017A2046FDF7CCFB71
:1047600010BD012010BD000030B585B0054669467A
:10477000FCF7D0F9040026D168468078C1071E48AE
:1047800009D08268002A04D06888694690470446A8
:1047900019E0062417E04268002A05D068886946B7
:1047A0009047040001D10EE00624684640780028B6
:1047B00009D16846817801730021C1810474688839
:1047C00003A9FCF7F3F8A868002801D0FBF7DEFC8A
:1047D000002C05D168468078122807D01B2803D00A
:1047E00068880121FDF7F8FD05B030BD68464078C6
:1047F0000128F5D1F8E700000471FF1F70B50546E8
:104800000C4608880021FDF707FA002805D0017A38
:1048100022462846FDF783FB70BD012070BD0000D5
:1048200001494860704700000471FF1F10B504463D
:10483000801C00F029FDFF20E07010BD10B500F0D5
:1048400025F8002800D0806810BD00229300CB5AC4
:10485000834202D1900040187047521CD2B2022A03
:10486000F4D3002070470000074A0021CB00D35A40
:10487000834202D1C80080187047491C0906090EFE
:10488000F4D00020704700006C6EFF1F0649896855
:1048900005E08A88824201D188687047096800294A
:1048A000F7D10020704700005C6EFF1FF8B5074687
:1048B000012906D0022924D1012102F00DF8002897
:1048C0001FD13846FFF7D0FF050015D000240D4E4C
:1048D0000CE0F8206968604308180188002908D0B6
:1048E000F8220021FBF7BCFB641CE4B27078844220
:1048F000EFD30020C0432880024938461831FCF726
:1049000079FFF8BD5C6EFF1FF3B5064683B0083033
:104910000190002000907088FFF7A6FF07002FD0BD
:10492000002523E0F820796868430C1821880029C5
:1049300020D00198007801280FD160880090A388CA
:104940007088A21DFDF71AF90090002805D0019982
:1049500000200870049821880180F8220021204658
:10496000FBF77EFB00206D1C2080EDB207484078ED
:104970008542D7D30020C04338800098002802D158
:104980007088FCF73DF8009805B0F0BD5C6EFF1F25
:10499000F3B50546374C064685B00835F6220021AA
:1049A0002046FBF75DFB03A800902B7969882888D7
:1049B0006A1DFDF757F9074645E070882E4A410009
:1049C000515C2E4BC91FC9B2009300220291019283
:1049D000284B69468A89F63B3946FCF76BFF00286D
:1049E00012D126482989001F828891420CD1214981
:1049F0002846F6390A30FBF727FB002804D0217837
:104A0000788989000919488068468289698804ABD9
:104A10003846FDF759F907462078810009194A8878
:104A2000002A10D0002F05D06A46128A401C207040
:104A30008A800AE002060021920DC9431219401C27
:104A40002070918006E0002F04D00D482178008866
:104A50008142B2D32078002806D070882146FBF727
:104A6000D7FF002007B0F0BD0698298801800A20F2
:104A7000F8E70000F896FF1F5270FF1F606EFF1FDF
:104A80004E70FF1FF0B585B004460020694688814E
:104A900020790E2869D00FDC082823D004DC0228F6
:104AA00013D0062818D118E025460835484F0A28A3
:104AB0001DD00C2810D138E010285BD012285ED011
:104AC000162861D0182877D163E04348414900880F
:104AD00008806088FBF774FF6EE003A92046FFF7AB
:104AE00057FF5AE003A9204600F076F955E02888E0
:104AF00004A9FDF791F8010015D06088354E4200F9
:104B0000BA5C0023521ED2B20193029200966A460A
:104B1000B31C128AFCF7CEFE00281DD160883146F6
:104B2000FCF7FCF848E0012016E0288804A9FDF70E
:104B300073F80100F7D060886B884200BA5C254E9C
:104B4000521ED2B20193029200966A46B31C128A98
:104B5000FCF7B0FE002803D029886A4691811CE04A
:104B600060883146FCF7AAF826E003A9204600F049
:104B7000D3F912E003A9204600F082F80DE003A962
:104B8000204600F039FA08E003A9204600F028F892
:104B900003E003A92046FFF7B7FE00280CD0617898
:104BA000142909D00B4922790A706A4692894A80F1
:104BB00008716088FBF7FAFE2046FDF715F80748F4
:104BC000C168002901D02046884705B0F0BD00002B
:104BD0005270FF1FF896FF1F4C70FF1F5C6EFF1F87
:104BE000F8B504460F460546083400896946FDF7C6
:104BF00013F806003AD0307A80060ED56846008851
:104C0000FFF71CFE030006D0688812223146984741
:104C1000060002D02BE00E2629E06E883046FFF712
:104C200023FE010005D11448FFF71EFE01000ED03F
:104C30000E80124A0020527807E0F8264B6846435F
:104C40009B5B002B05D0401CC0B29042F5D30926D7
:104C50000DE04968F822504308182146FBF7E8F9AF
:104C6000002668882146FCF71FF802E0012620880C
:104C700038803046F8BD0000FFFF00005C6EFF1F6B
:104C8000F3B58BB000200B9E0746039004A800905C
:104C90003246337B718930894C4C0D320836FCF733
:104CA000E1FF054678E00B98297A4088FDF724F962
:104CB000070003D00C98698901806FE00B98444984
:104CC0004088444B4200895C0093891FC9B200228E
:104CD000029101923D4B69460A8AF63B2946FCF750
:104CE000E9FD0700E6D10398002833D039486188F0
:104CF000001F8088021D914253D1039909180B9817
:104D0000408842003248805A801F814249DC039922
:104D1000A87A6118087103986989401C80B222182A
:104D2000090A401C117180B203906846028A71889A
:104D300007AB2846FCF7C8FF050011D00398694669
:104D4000898B2018017103986946401C898B80B2B9
:104D5000090A0CE01F48001F8088001D6080D6E70C
:104D60000398FF21201801710398401C80B222187B
:104D70001171401C80B217490390091F8A8813499A
:104D80002018F639001DFBF753F912490398091F43
:104D90008988401880B20390002D84D103980028A0
:104DA0000CD061880398FBF74BFA20700B982146D2
:104DB0004088FBF78DFF00200DB0F0BD002F00D123
:104DC0000A270C98318801803846F5E7F896FF1FCE
:104DD0005270FF1F606EFF1FF3B507460446083789
:104DE0008BB049480490388800252E4605906AE02B
:104DF00007A800903B7979887A1D0598FCF732FF67
:104E00000890002852D0408905900898017A60885F
:104E1000FDF772F806005DD160883C494200895C6C
:104E20003B4B091FC9B20093002202910192364BFD
:104E300069468A8BF63B0899FCF73CFD060049D190
:104E4000002D36D0049841883148001F8088801C8E
:104E5000814241D12E4B1B1F98882918608842003F
:104E60002A48805A001F814220DC0898817A0498E1
:104E70004019017108996D1C4989E8B20A0A049920
:104E800009180A71401CC5B2194604988A881E493F
:104E90004019F639001DFBF7CBF81D481D49001FCE
:104EA00000792818C5B20598884209D1002D13D180
:104EB00023E017480499001F8088801C4880C9E7B8
:104EC000401C80B20590608841001048405A001F85
:104ED000A8428DDA002D0ED0049841882846FBF7B1
:104EE000AFF901460498017060880499FBF7FEFE53
:104EF00000200DB0F0BD002E00D10A260C990598B7
:104F000008803046F5E70000F896FF1F5270FF1F3B
:104F1000606EFF1FFFFF0000F3B506460446002049
:104F200085B0324D00900836288007463046E03084
:104F3000049048E07800305A03A9FCF76DFE0100A8
:104F40001AD060882B4B844642002948805C00932D
:104F5000401EC0B2002202900192244B6846828912
:104F6000F63B6046FCF7A6FC0090002807D07800CE
:104F7000315A0698018035E001200090F7E71D497D
:104F80002888091F8988421861884B001849C95A26
:104F90004B1E9A4204DD081A1649091F401E8880DC
:104FA0002988A81C08181349091F8A880F49F6394F
:104FB000FBF73EF80F482988001F808808182880D2
:104FC0007F1C0498FFB2807DB84207D96088298889
:104FD00042000748805A401E8142ABDB6088294668
:104FE000FBF792FE009807B0F0BD0000F896FF1F97
:104FF0005270FF1F606EFF1FF3B5054683B0044675
:105000000835008901A9FCF707FE2746E837064660
:10501000002822D0307A80060ED568468088FFF7B7
:105020000DFC030006D06088122231469847060026
:1050300002D013E00E2611E0002000906B88298832
:1050400060882A1DFCF79AFD060007D1787E0028AB
:1050500007D16088FBF78EFE03E0012604982988BB
:105060000180787E002802D0002005B0F0BD3046D7
:10507000FBE70000F8B504460246F8204243194811
:1050800000250746457010377868002807D00020B3
:10509000C100C919401C00064D60000EF8D0124E28
:1050A00000213046FAF7DCFF002001466143C9B217
:1050B000F82251438B190B49C200103152180021BC
:1050C000536005E0F8274F435368491CDD53C9B2CC
:1050D000A142F7D3401C0006000EE6D00148447000
:1050E0000020F8BD5C6EFF1F0A95FF1F7CB50C7891
:1050F000069D022C0FD14C6826786478240234195E
:10510000064EA4B2F44206D10224DBB2009501940B
:10511000FCF788FB7CBD01207CBD0000FED6FFFFB4
:10512000F8B505461D48854223D0461C002921D0EC
:1051300001292BD002291CD10121284601F0CCFBEA
:10514000002816D12846FFF7B5F9040011D0A07841
:10515000FF280ED0FE2807D000200090E0781E2304
:1051600014222946FFF7CEF92046FFF75FFBFF2008
:10517000A070F8BD2846FFF79DF90028F9D1304608
:10518000FFF798F90028F4D00580F8BD2846FFF70E
:1051900091F90400F9D02680D9E70000FEFF000055
:1051A000F3B50C468978C1B01E2914D02E4D28784D
:1051B000FF2829D0182927D84808C2002B481218E0
:1051C000803A976F002F1FD0D06F00281CD0207816
:1051D000002817D113E04198FFF76CF905000BD0B8
:1051E00000200090A378E87800224199FFF78AF91F
:1051F00006462846FFF71AFB304643B0F0BD6278FA
:10520000012A03D1122901D00620F6E702AE00964A
:10521000A3886178A268B8470028EED1A07840083A
:10522000C100124808188038C26F02A941989047FF
:1052300000280FD061780029DFD1A27869460A7072
:10524000087168460189418069464198FBF7AEFBC9
:105250000020D2E7A378042BCFD000960022287834
:105260004199FFF74FF9C8E7F470FF1F44A10111FE
:1052700000B50346FCF730FE002803D0C018401EDE
:1052800080B200BD184600BD10B5040008D02078DB
:10529000FF2805D0FE2803D0FBF708F8FF20207078
:1052A00010BD0000F7B506460F461020FAF714FFB0
:1052B00005461020FAF710FF0446002D3AD0002CC6
:1052C0002DD010220021FAF7CBFE2A462146304687
:1052D00002F0F0FB060023D12878000604D43946FA
:1052E000284601F00AFA08E02146284601F005FAAE
:1052F0003A461149204604F01FF93878000604D4D4
:105300003846029901F0F9F90AE02146384601F0E1
:10531000F4F909492046029A04F00EF900E0132638
:105320002846FAF7EBFE002C02D02046FAF7E6FEFC
:105330003046FEBD1326F6E7CEA10111F0B5154D9E
:1053400091B00C460601A859694603F037FE75195D
:1053500004A9686803F032FE08A9A86803F02EFECD
:105360000CA9E86803F02AFE00206B4604AD08AFE4
:10537000820001019E5866500919AE584E60BE5811
:105380008E600CAEB258401CCA600428F0DB11B02D
:10539000F0BD000030A8FF1FF02108400011704749
:1053A00010B50446FFF7F8FF034A80012107801873
:1053B000890E405810BD00008C98011170B5134B38
:1053C0006028DC7C5D7D10D0622812D01C46267DD2
:1053D000E47CA419642813D0662810D160190F2426
:1053E000240260430860987D08E000200860D87CB3
:1053F00004E00F20000244430C60187D108070BD53
:105400000F20000244430C60587DF7E78C98FF1F83
:1054100070B50D46064628431CD01721104801F0F0
:105420009DFF10A0FDF7B0FE0D4C0A21601C01F09D
:1054300099FB002E08D00A22611C3046FAF7F8FDCD
:105440000A21601C01F08EFB002D01D0207828700D
:10545000002070BD09A0FDF797FE022070BD00007E
:105460008C98FF1F5265616420466C6173682056FA
:10547000657273696F6E3A20000000006765745FA3
:1054800066696C655F696E666F206572720A0000FE
:1054900010B50348017A034801F0DEFE10BD00009C
:1054A000DC6FFF1FA398FF1FF8B5069800271D4665
:1054B00014460E46002801D00B20F8BD307800219C
:1054C000022801D019804DE070680278407800020F
:1054D0001018152280B25202801A0300FAF7BAFDA2
:1054E0000504121F1A254100F068FAF72BFEC2B21C
:1054F0000798824200D902462A80F1682046FAF7CE
:1055000097FD30E0F0680221008829802070000AB1
:10551000607028E0062028800246F168EEE701204E
:105520002880F068007820701DE0F068002816D010
:1055300008212980017821700188090A6170817829
:10554000A1704188090AE170017921718188090AF5
:1055500061718179A171C088000AE07103E029803E
:1055600001E0298001273846F8BD10B50B78840783
:1055700002D50224234301E0FD2423400B700307DE
:105580000B7802D50824234301E0F72423400B7055
:1055900083060B7802D52024234301E0DF24234037
:1055A0000B700A21084201D1810603D510780C2125
:1055B000084304E0002803D11078F321084010705C
:1055C00010BD0000FFB581B0087800240A9E1F4678
:1055D0000D4602280FD1686801784078000208184B
:1055E000152180B24902401A09D0012829D0022889
:1055F00048D003283CD00124204605B0F0BDE8681F
:10560000FAF7A0FDC0B2864205D8F0190090112823
:1056100003D90D24F0E70724EEE7E8683A4680193D
:105620000399FAF705FD0098EA6880B20021115449
:105630001C4840680028DFD001680029DCD0002029
:1056400012E0002E12D1022BE3D10399E8680A7808
:105650004978090251180180124840680028CBD0CF
:1056600001680029C8D001208847C5E70B24C3E79B
:10567000002EFBD1062BCCD10622E8680399FAF75D
:10568000D7FCB9E7002EF1D1012BC2D103980078E5
:10569000002803D0012801D08024ADE7E968087014
:1056A000AAE70000746DFF1F10B50448C16B034AE0
:1056B00040321068D06000F03DFA10BD008000401C
:1056C00030B5C21F0A2A01D3062030BD0124074D80
:1056D0009440002905D0002100F0C0F8286820433C
:1056E00001E02868A0432860002030BD0038004059
:1056F000054B01228240D868002901D0104300E008
:105700009043D860704700000038004070B5FF2813
:1057100014D08207D30E8408094A5E1DA400A51880
:10572000AC69F21A0126521C9640761E9E40B44384
:1057300099400C43AC610121FFF7DAFF70BD000016
:105740000038004010B5114C2078002801D0072007
:1057500010BDFF212D310D48FAF7AEFD012020705C
:105760000B490020086348630A4908624862022125
:105770001020FDF7CBFA1020FDF7BCFA064A0749C6
:105780000D20FAF79FFD002010BD00009492FF1F2E
:105790000080004080F00040AD59011121590111F5
:1057A00010B5172801D3052010BD0C4B9C6B0122AE
:1057B0008240104620439863586B90435863DC6BDB
:1057C000012907D020469043D863186B02431A631F
:1057D000002010BD10462043F6E700000080004086
:1057E000054B0122801E82405869002901D01043D8
:1057F00000E09043586170470038004070B504469F
:1058000014480E460519002902D16878012808D0ED
:1058100000212046FFF76CFF022C04D0032C02D09D
:1058200005E0072070BD01212046FFF7D9FF0021C8
:105830002046FFF745FF08490120A0404A68012E95
:1058400005D082434A6002206870002070BD024388
:105850004A60FAE79492FF1F0080004070B5420052
:1058600083180D4A9C18A5786478D65C641B0122C5
:10587000641CA240521EAA40084BA940132806D21D
:10588000B000C018836893430B43836070BD5869B0
:1058900090430843586170BD6595011100F00040C8
:1058A00007494A68012383401A4201D0096802E08F
:1058B000034940310969C140C807C00F7047000063
:1058C0000080004070B5154C45002E1976780123F4
:1058D000114AB34000290ED0142809D0152807D04A
:1058E000162805D0605780008018816819430DE0A4
:1058F000506918430EE014280AD0152808D016283D
:1059000006D060578000801881689943816070BD1F
:1059100050699843506170BD00F00040AA95011194
:1059200070B5104D00242E197078012803D1E0B213
:105930000121FFF7C7FF707802280ED1E0B2FFF710
:10594000AFFF01214140E0B200F074F8E0B2FFF790
:10595000A7FF0C21614349194876641C172CE2DB30
:1059600070BD00009492FF1F10B50F4C0D4A01232B
:10597000245C142809D2106A002902D0A3401843DD
:1059800001E0A3409843106210BD506A002903D083
:10599000203CA340184302E0203CA34098435062BF
:1059A00010BD000080F000404E95011170B502213D
:1059B0001020FDF7ABF91020FDF79CF900241C4DD9
:1059C00007E0022C01D0032C03D1E0B20121FFF744
:1059D00007FF2819407801280BD1E0B2FFF760FFDC
:1059E000E2B20146104600F061F8E0B20021FFF794
:1059F00069FF0C2060434019007E002814D0E0B2FB
:105A000000F066F8E6B23046FFF74AFF002801D002
:105A1000012100E000210C2272435219527E824281
:105A200002D0304600F0BAF8641C172CC9DB70BDF8
:105A30009492FF1FF8B542008318184AD55C9A1853
:105A40009278521ED4B2164A12185278022A21D1E4
:105A5000144EB76B0122134683401F43B763124BAA
:105A600013280ED2002906D0A900C9188B68A240BD
:105A700093438B600BE0A900C9188B68A2401343C5
:105A8000F7E70029596906D0A240914359610121E5
:105A9000FFF76AFFF8BDA2401143F7E765950111D2
:105AA0009492FF1F0080004000F00040012200B5EA
:105AB000064B82400029196801D0114300E0914350
:105AC00019600121FFF79AFE00BD00000080004030
:105AD00070B50446164821460C2251430D186A68D9
:105AE0000026002A02D1AA68002A1CD0104B0222EC
:105AF000183B1B195A700122425400212046FFF71F
:105B00007DFE6868002808D0A86800280DD02046CF
:105B1000FFF7C6FE002808D0002631462046FFF7D2
:105B20003FFE002070BD122070BD0126F5E7000089
:105B3000AC92FF1FF3B5184E002481B00746012533
:105B40002846A040384223D00299084000D00120C6
:105B50000090E0B2009900F021F80C206043801919
:105B60004168806800290ED0002807D000980028DE
:105B700002D00021E0B203E00121FBE7E0B2012105
:105B8000FFF70EFE04E0002802D0E0B20021F7E7A4
:105B9000641C172CD4DBFEBDAC92FF1F074A0C23FC
:105BA00043439B185A68002A01D0012904D09A68FF
:105BB000002A02D0002900D110477047AC92FF1F85
:105BC00070B505460D4885420CD00D4C01290AD010
:105BD000022905D10121284600F07EFE002802D0CE
:105BE0000020207070BD064928460831FBF702FEF0
:105BF00020780028F6D0FAF76BFB70BDFEFF00009E
:105C0000C06EFF1FF0B5304B044601209D4480025A
:105C1000810002AD01902846FAF74EFBA007010D66
:105C20002A48A7020818009029483E1829480078F9
:105C3000002831D0002C02D10098FAF719FB254832
:105C40000F30FAF703FBB0422AD9A00714D1002C79
:105C500012D001242403301B0646FAF709FB224622
:105C600029460098FAF73AFB224629463046FAF7C9
:105C70003BFB0098FAF7FCFA29463846019A01F0F6
:105C800045FB154A28460199FDF796FA2946019ADF
:105C90000098FAF729FB01200B4B5B429D44F0BDB5
:105CA000340B24032046FAF7E3FA01263603324682
:105CB00029460648FAF712FB324629462046FAF7EB
:105CC00013FB0020E8E70000F4EFFFFF00F00311F2
:105CD000004002118C98FF1FC86FFF1FF7B5A0B0DE
:105CE0000024209801F0BEFD209903281FD012A0A7
:105CF000FDF74AFA15480021024680326D461379B5
:105D00000BE04E003618B688209FBE4203D06700D5
:105D1000641CEE53E4B2491CC9B28B42F1D8147131
:105D200022462946001DFAF783F923B0F0BD08A0EA
:105D3000FDF72AFAF9E700005772697465202564B7
:105D400020537563636573730A200000FC97FF1F7F
:105D50005772697465202564204552520A2000005C
:105D6000F8B5164E054670883446281A03B28034BA
:105D7000012B16DB09E027795B1E1BB27F00E81AB6
:105D8000BF19B8802079401C2071012BF3DC284614
:105D900001F068FD0328294604D00948FDF7F4F90D
:105DA0007580F8BD06481830FDF7EEF920794000FF
:105DB000801985802079401C2071F8BDFC97FF1F59
:105DC000385D011110B50A4C6069002801D0FAF75E
:105DD00095F92069002801D0FAF790F9A069002808
:105DE00001D0FAF78BF9002020616061A06110BD3D
:105DF000DC6FFF1F70B5134CFF25206901350028AB
:105E000003D12846FAF768F920616069002803D1B8
:105E10002846FAF761F96061206900280DD06169B0
:105E200000290AD02A460021FAF71AF92A46002149
:105E30006069FAF715F90C2070BD03A0FDF7A4F90D
:105E40000D2070BDDC6FFF1F686561705F64617459
:105E5000615F696E6974206572722121210A0000F8
:105E600010B501210D20FFF7C9FC01210E20FFF71D
:105E7000C5FC01210D20FFF7F1FC01210E20FFF7E9
:105E8000EDFC10BD08B509488368002B0CD01A78CA
:105E9000694601205B1CFDF76EFB002804D00078EA
:105EA000C00701D0012008BD002008BDCC70FF1F35
:105EB00010B503460B4A00200A214143891849883E
:105EC000002905D0401CC0B20328F5D3002010BD26
:105ED0000A21002441435454044640348818448025
:105EE000037210BD4CA9FF1F0A7802700A88120ABB
:105EF00042708A7882704A88120AC2700A790271E6
:105F00008A88120A42718A798271C988090AC17124
:105F100008207047F8B505460C4648680421FAF792
:105F200041F9217A017021890346401C090A017058
:105F3000217841702188090A8170207A001DC2B23F
:105F4000FB2A36D81C48854215D114461E460C2023
:105F5000FAF7FEF801000CD09020087002200871BA
:105F60004D808E601548CC800078FAF7CDF8002778
:105F70001DE013271BE05C201149684344182646A6
:105F80004036307E002806D008465C30416A07273C
:105F9000491C41620BE02146284600F095F907466E
:105FA000307E002803D121462846FAF7A3F9384667
:105FB000F8BD0220F8BD0000FEFF00001171FF1FB8
:105FC000D8A9FF1F10B50A4A00210A234B439B188A
:105FD0005C88002C06D01B79834203D10A20414300
:105FE000881810BD491CC9B20329EED3002010BD8A
:105FF0004CA9FF1F002141800170704770477CB59C
:1060000004000FD0608800280CD000250095019571
:106010001323E188207A172200F028F8FF2060720D
:10602000658025707CBDF8B5074615460E461020E4
:10603000FAF78EF8040017D0A020207000206070BE
:106040006680002D05D00C222946201DF9F7F0FFAF
:1060500004E00C220021201DFAF702F82146384600
:10606000FAF752F80020F8BD0120F8BDFFB581B065
:106070001E46174614200B9DFAF76AF804001AD042
:10608000A22020706770029860800A982071667163
:10609000002D06D020460C2229460830F9F7C8FF0B
:1060A00005E020460C2200210830F9F7D9FF2146EF
:1060B0000198FAF729F805B0F0BD022A1CD34B78F5
:1060C0000A781B02D21892B20280012A02D0022A58
:1060D00006D00FE08A78C97809025118418009E09A
:1060E000CB788A781B02D21842800A794979090252
:1060F000511881800020704701207047F8B506468E
:106100004D88002070600A790C46022A12D02901BD
:1061100060480091415A002906D0009B1F18BB68B7
:10612000002B01D0012A7DD05A486C304169491CAE
:106130004161A9E0E288042A43D3A068437801784A
:106140001B02C91889B20091C37881781B02C91853
:106150008FB2017AC079000208184F49488000992F
:10616000091D8A4220D1072F13D0052F11D0042FEB
:1061700002D0062F25D10CE046482901405A0028BC
:1061800007D02846FCF78CF942486C300169491C5D
:1061900001610098308137800321C943A068FAF774
:1061A00001F870600020F8BD072F18D0052F16D019
:1061B000042F07D0062F12D036486C30C168491C16
:1061C000C16064E033482901405A002807D02846BE
:1061D000FCF766F92F486C300169491C01612D49B3
:1061E0002D01002048536E180098B081B7800098A8
:1061F000FCF7BAF9B060002818D00321C943A068A1
:10620000F9F7D0FFE2880146224F121FB068F9F774
:106210000FFF785BE1884018001F785338466C30D8
:10622000016800E008E0491C016030E019486C306A
:106230008169491C81612AE0E2888918009A89B243
:106240008152BA8991421AD80546B868E288401846
:10625000801AA168F9F7ECFE0098295AB8898142A2
:1062600015D13081B8883080B868706000990020FE
:10627000685208486C304168491C416007E0054895
:106280006C308168491C81602846FCF709F90120BF
:10629000F8BD0000C8A9FF1F2A71FF1F022A01D004
:1062A000012070470A7849780902511801800020BE
:1062B00070470A7802704A7842708A78C978090271
:1062C0005118418070470000FFB50C4607463D4914
:1062D000A1208000096878434018FF30C130067E55
:1062E00089B015463846FAF7B5FB001DB04204D216
:1062F0003846FAF7AFFB001DC6B2B54207D82A46AA
:10630000002138460C9BF9F7FBFF0DB0F0BD31467C
:106310002846F9F795FF2746403738740C99616590
:1063200001467143691AC9B202910C99049102990C
:10633000002901D0401C3874002523E0029900296F
:1063400004D0401EA84201D1084600E03046E900D2
:10635000059103916054FCF73BF8039909194860D3
:1063600000281BD00599625C0499F9F761FE059835
:10637000215C0498081804901348C169491C6D1CDD
:10638000EDB2C161387CA842D8D8606D002803D036
:10639000F9F7FCFE002060650020B6E700203874A5
:1063A0000646606506E0F00000194068F9F7EEFE69
:1063B000761CF6B2AE42F6D30348C16A491CC162EC
:1063C0001320A2E73409FF1F34AAFF1FF7B586B0D8
:1063D00016460D464878FFF7F5FD040010D000275B
:1063E00027712878012802D0132809D105E06A888E
:1063F000314602A8FFF761FE0AE02078032802D0A8
:10640000002009B0F0BD6A88314602A8FFF746FFB8
:106410000646204600F046F902A8019000972B7826
:10642000207A32460699FFF721FE2046FFF7E2FD6B
:106430003046E6E7FEB50446468801466846FFF763
:106440005DFE0546019800282FD068460088052883
:1064500006D0042809D0062807D0072805D026E052
:106460006946304600F030F821E0810015480818F0
:1064700001464039098E002919D02038807C6A46AF
:106480003146FFF7D0FD002811D168460088042866
:1064900003D001213046FBF79FFF012D04D1A068F6
:1064A000002801D0F9F772FEFEBD012D04D1A068CD
:1064B000002801D0F9F76AFE01213046FBF78CFF76
:1064C000FEBD00003CA9FF1F30B50546088987B016
:1064D0000C46042817D302A86168FFF7EAFE684655
:1064E0004089172837D82189001D81421ED168466E
:1064F000007AC10709D0626802A92846121DFFF779
:1065000065FF002812D107B030BD6168091D12284F
:1065100005D0002069460880497A6A4622E068462C
:10652000428903A8FBF788FF002803D02846FFF71D
:1065300065FDE8E70D4881880029E4D06946497A7D
:1065400003AA0192009169460B7A807900222946BC
:10655000FFF78CFDD7E701216846018017214180B4
:10656000417A6A462846FBF71BFFCCE73CA9FF1F90
:1065700070B5144C00262680A681A680A0683546FA
:10658000002802D0F9F702FEA5600E4C1034204618
:106590004030057445740576606D002802D0F9F727
:1065A000F5FD65655C20002546433419E800201898
:1065B0004068002801D0F9F7E9FD6D1C0A2DF5DBD4
:1065C00070BD0000C8A9FF1FFFB589B015460E4673
:1065D0001720129FFBF7C8FF040021D06846067001
:1065E0004570002F03D0201D0C99B84700E0002013
:1065F00069464880267065704888A070010AE1707D
:10660000052269468A82001D0694888305A9099897
:10661000FFF780FC050004D02046F9F7B7FD00E045
:10662000132528460DB0F0BDFFB581B01E460546C6
:1066300001210A9F0B9C00F04FF9002811D0204641
:10664000FFF736FC00280AD0C580044607701248C0
:106650004178491C0A06120E427004D005E0152547
:106660000FE014250DE001224270227100962846A9
:10667000039B0299FFF7A8FF050005D02046FFF70E
:10668000B9FC284605B0F0BD23462146034A09332C
:106690000348F9F73BFEF4E72A71FF1F307500004D
:1066A000FF5F011110B50446407AF9F7FFFDFF20A6
:1066B000607210BD3FB500236A469C0005595B1C03
:1066C0001551042BF9DB8B0715D0CB179B0F5B18EB
:1066D0009B089B00C91A00238C009D00145944514B
:1066E000491CCC17A40F6418A408A400091B5B1C48
:1066F000042BF1DB3FBD0021EDE710B500240F2294
:10670000835C5B0023438B54835C521EDC0952B2D2
:10671000002AF5DA10BD0000FFB581B01E4617460D
:106720000D46084600F04AF8002802D0112005B0B6
:10673000F0BD0E4800F042F8040015D00A98A07190
:106740000622E01D0B99F9F773FC658027716671CD
:1067500001982070002060620C98E081002128469A
:1067600001F008F80020E2E71520E0E7FFFF000055
:1067700070B514460D46064600F020F800280BD0F0
:10678000416A007900290CD0C20611D580070AD4CD
:10679000002C08D0052070BD074886420AD014207E
:1067A00070BDC006F6D5887EA84203D20C2070BD0D
:1067B0000F2070BD002070BDFEFF0000084A0021C0
:1067C00028234B439B185B88834203D128204143F5
:1067D00088187047491C0906090EF1D0002070473F
:1067E0006CA9FF1F30B50B4C0B4B002128224A43EC
:1067F000D5186D88A54206D09A5C824203D1282024
:106800004143C81830BD491C0906090EEED00020CE
:1068100030BD0000FFFF00006CA9FF1F10B5002075
:106820000B4C0C4B014628224243D2185480401C8A
:10683000117100065162000EF5D0064A0020283280
:106840008300401CC0B2D1500528F9D310BD000010
:10685000FFFF00006CA9FF1F0020074A0146282304
:106860004B439B181B79002B01D0401CC0B2491C24
:106870000906090EF3D070476CA9FF1F074A0021D3
:106880008B00D358002B05D0491CC9B20529F7D37A
:1068900013207047890050500020704794A9FF1FB3
:1068A00010B5FFF78BFF040013D06088012100F0C2
:1068B00061FF606A002801D0F9F720FC282200213E
:1068C0002046F9F7CDFB0020C043608000202071F6
:1068D00010BD022010BD000010B50C4606498842CC
:1068E00006D0FFF76BFF002804D00079204201D0CA
:1068F000012010BD002010BDFEFF0000F7B50646C8
:1069000086B0002004900390079810E125290AD052
:106910000499002901D0039802E00490002003901C
:10692000401C039000E10398002805D081B2049830
:10693000B047002004900390002504220823102172
:106940000798401C079000782B2819D004DC2028D9
:1069500018D0232804D117E02D280FD0302815D0C7
:10696000079A00271078FF430346303B3C46092B2B
:106970000FD807A801F064F8044615E00D43DFE7DF
:106980001543DDE71D43DBE7202000E00120054340
:10699000D6E72A2808D1521C0898079210C80890F8
:1069A000002C01DA64420D43079938460A782E2AF2
:1069B00014D1491C079108780246303A092A03D8B5
:1069C00007A801F03DF806E02A2806D1491C0791E6
:1069D000089901C90891002800DA0020079A394671
:1069E0001778682F03D06C2F01D04C2F02D1521C86
:1069F00039460792079B0A221B786E2B2CD00CDCA1
:106A0000632B2AD004DC412B26D0582B11D19BE0DC
:106A1000642B01D0692B0CD19AE0732B3DD004DCA0
:106A20006F2B77D0702B04D164E0752B73D0782B4B
:106A30006FD0252B09D0252069460872012102A8B4
:106A4000B04707980178002975D007986946007803
:106A50000872012102A8B04766E0E80609D42025A3
:106A6000641E002C05DD68460572012102A8B047AE
:106A7000F6E708986A4601781172001D0890012116
:106A800002A8B047202504E068460572012102A84B
:106A9000B047641E002CF7DC46E0089A02CA089250
:106AA0000091002901D12DA100910A4600E0491C66
:106AB0000B78002B01D0401EF9D28F1AE8060AD4B9
:106AC00020252046641EB84205DD68460572012176
:106AD00002A8B047F5E7B9B20098B047202504E016
:106AE00068460572012102A8B0472046641EB842DC
:106AF000F6DC19E0611C02D1082401210D4300904D
:106B00000898019502C823461022089009E001E088
:106B100001E01BE00822089B02CB0893019500903E
:106B20002346304600F036F80798401C079001785D
:106B3000002901D0EAE60EE00398002802D081B2D5
:106B40000498B04709B0F0BD402215431022E2E797
:106B500002231D43DFE7401E0790E5E73C4E554CFE
:106B60004C3E000070B50D460646002405E0315D40
:106B700005A0FCF709FB641CA4B2AC42F7D304A047
:106B8000FCF702FB70BD00002530325820000000E9
:106B90000A000000FFB50746574897B0219D0068DE
:106BA00015901E460A46680602D55348406815905F
:106BB000E80601D56D086D001998801E232870D253
:106BC000E80701D0302100E0202110A80173002146
:106BD0000172A80710D5002A04DA2D2010A9087226
:106BE000524208E0680701D52B2002E0280703D5B0
:106BF000202010A908725E1EA80608D51998102832
:106C000002D0082802D002E0B61E00E0761E002462
:106C1000002A14D010461999F9F712FB159A525C04
:106C200001A90A55641C0200F4D12098844200DDB9
:106C300020942098361A112005420BD00EE0302007
:106C4000694608710124F0E7202069460870012197
:106C50006846B8473046761E0028F5DC10A8007A52
:106C6000002802D0012112A8B847A80616D5199805
:106C7000082802D0102802D010E0302009E030208F
:106C80006946087001216846B8471B4800682030F3
:106C900040786946087001216846B847E80604D57F
:106CA00007E027E0012113A8B8473046761E0028E8
:106CB000F8DC30252099481E2090A1420BDD684663
:106CC00005700121B847F5E7285D69460870012184
:106CD0006846B84700E001AD2046641E0028F3DC9A
:106CE00020243046761E002804DD68460470012109
:106CF000B847F6E71BB0F0BD6C6DFF1F03480021DD
:106D0000417081700121C17070470000DC6FFF1F6E
:106D100070B50C46022505A0FCF736FA207AC006AD
:106D200001D5082070BD284670BD00005265616421
:106D30004174747243420A00FEB50C461646097A45
:106D40000025089A1F46890601D50820FEBD217836
:106D5000022912D017A0FCF717FA17496089498D4C
:106D6000884204D014494031498F884203D1F9B296
:106D7000304600F0EFF82846FEBD61680B78497890
:106D8000090259180D4B89B29942F4D101210092A0
:106D90000191FBB232462146FAF744FD0500EAD1E3
:106DA000717830780902401881B205A0FCF7ECF93F
:106DB000E1E700000A000000D06EFF1F022900007A
:106DC00043434344207365743A205B25645D0A00A5
:106DD00070B505460A48FFF751FD0A490A48FAF717
:106DE00009FD0848094A08210830FAF77DFE040029
:106DF0000748456002D007A0FCF7C6F9204670BDE1
:106E0000C15B0111C86EFF1FFFFF000060960111FA
:106E1000C06EFF1F416464204F5441207365727639
:106E2000696365206661696C6564210A0000000081
:106E300070B50E4D04460A2240216879F9F728F909
:106E40000320032C04D0022C06D0002C06D00AE02C
:106E500032222870042103E0287004E05A2208211D
:106E60006879F9F715F9002070BD00005C6FFF1F0D
:106E70003EB50546234C0300F9F7ECF8063E042125
:106E80003E3E3A3E20A0FCF77FF90020694608709C
:106E9000C12001A98000F9F789FF1A4A61201C323C
:106EA0001C21C000FAF7EAF86A4601211C48FAF7EB
:106EB000E5F80121C9026079F9F7F6F81CE019A09C
:106EC000FCF762F9FCF7DCF803202070C8220221ED
:106ED0006079F9F707F940216079F9F7DFF80821BF
:106EE0006079F9F7DBF804216079F9F7D7F803E066
:106EF00000216079F9F710FAA570294610A0FCF777
:106F000043F93EBD5C6FFF1F53544152542047412B
:106F100050524F4C455F5354415254454400000079
:106F200005030000535441525420474150524F4CE6
:106F3000455F4144564552544953494E470000006D
:106F40005B47415020524F4C452025645D0A0000AC
:106F500070470000F0B5C9B00C46054600268821F0
:106F600002A8F9F7A9F900204690479040A9489057
:106F70000875852C7ED8611E684601812946224607
:106F800002AD0A30F9F754F8214683A0FCF7FCF86B
:106F90006846807A824C31280BD0322844D033287E
:106FA00075D006227FA146A8F9F742F8062146A827
:106FB00069E000217D48FEF72BFA7DA0FCF7E4F89C
:106FC0000A217A48F9F7AEF97EA0FCF7DDF80A212C
:106FD000E81CF9F7A7F96846817D427D0802104355
:106FE000010A0002014368464175090A817505A935
:106FF00007220131F9F7B2F801990098F9F798F9E9
:107000000A226A49E81CF9F799F9002807D00A22F0
:10701000E91C6648F9F798F906216EA033E00621CD
:107020006EA000F0BBFB67E06846017BC27A0802F5
:107030001043010A000201435C4C89B20A342180EA
:107040006846027CC07B009001926846837B427B4D
:1070500064A0FCF799F821888020FCF7BFF9012192
:1070600040A801756846017CC07B0090019168468C
:10707000837B01E009E00AE0427B45A9002002F0A1
:107080000BF8022163A000F089FB49B0F0BD68460F
:10709000017BC27A0802104347BA39465EA0FCF76A
:1070A00073F842480A3041885FA0FCF76DF83F480A
:1070B0000A300088B8425BD23C4D8A352F79002FC8
:1070C0001FD07C2126A8F9F7F7F85C4903C9259160
:1070D00024906078052801D2402F26D358A0FCF7D1
:1070E00053F8022140A80175002000900346024693
:1070F00045A9019001F0D0FF40A86168007D884754
:10710000C3E7032140A80175002500952B462A46B8
:1071100045A92648019501F0BFFF24488E22002191
:107120000C30F8F79DFF6570E6E77A001F4F25A841
:107130000A37391DF8F77CFF28794000001DC1B2DD
:1071400024A800F02BFB07E07000C019818841A043
:10715000FCF71AF8761CB6B22879B042F4D831A000
:10716000FCF712F8B88878806078401C60708CE773
:10717000607800286846008906D0801E82B2691DAA
:107180003846FEF7ABFD80E7801E82B2691D3846A7
:10719000FEF7E6FD79E700004C656E3A25640A00CB
:1071A000C06EFF1F4E4F5F434D440000F297FF1F1C
:1071B0004C6F636174696F6E2056657273696F6E90
:1071C00020000000436C6F75642056657273696F10
:1071D0006E20000055706461746100004E65776533
:1071E0007374000073697A653A20253032582C2078
:1071F0004B3A20253032582C20433A202530325843
:107200002C204D3A20253032582C20593A20253058
:1072100032580A004F4B000050616765204E756D73
:107220003A2025640A0000004C61737420506167A5
:1072300065204E756D3A2025640A000058960111AC
:10724000446F776E6C6F61642046696C65204552AF
:10725000520A000025642C00F0B50E4623A187B029
:107260000EC96C460EC421A10EC903AF0EC7224C35
:1072700005462078002803D100F0B4FB01202070DF
:107280000A2E00D90A26002403AFF9F763F8314625
:10729000F9F766F8C8B2B44213D269460A5CFF2A0D
:1072A00003D02A55FF220A5412E0401CC0B2B0425B
:1072B000F4D10020F2E7F9F74DF83146F9F750F82C
:1072C000C8B22A19203A395CD27F9142F3D02955AD
:1072D000295D0AA0FBF758FF641CE4B20A2CD4D342
:1072E00009A0FBF751FF07B0F0BD00000102030445
:1072F00005060708090A0000D86FFF1F534E203A01
:1073000020256420000000000A00000070B50D4632
:107310000446164600212846F8F7A2FE084824181D
:10732000084884420AD8214607A0FBF72DFF3246C1
:1073300029462046F8F7D2FF002800D0032070BD70
:107340000040021100F00311524541445F464C4198
:1073500053483A202530385820200A0070B5084C90
:107360000D460646214607A0FBF70EFF2A4631468A
:107370002046F8F7B3FF002800D0032070BD0000BE
:1073800000E00011466C61736820414444523A2089
:10739000253038580A000000F0B5FFB0FF2482B055
:1073A0000E460746013421466846F8F785FF214618
:1073B00041A8F8F781FF2246514C00216069F8F797
:1073C0004FFE78786946087000206D46F11E04E093
:1073D0003A182B18D2785A70401C8842F8DBB11E3C
:1073E0002846FAF76BFE0146002002E03A5C2A5478
:1073F000401CB042FADB080AA855A81900274170C2
:10740000B61C0FE0FF20F530F9F7C7FC38467F1CAB
:10741000FFB2142806D33BA0FBF7B6FE01207FB0D5
:1074200002B0F0BDF2B269462079FAF71FFF0028DA
:10743000E8D10026FF27F53709E03846F9F7ADFC1B
:107440003046761CF6B2142801D333A015E002238F
:1074500040AA80212079FAF76FFE0028EDD140A8DC
:107460004078E07100260CE03846F9F796FC30468B
:10747000761CF6B2142804D32CA0FBF785FE02205C
:10748000CDE7E37941AA82212079FAF755FE002859
:10749000EAD1E179022904D229A0FBF775FE032085
:1074A000BDE740A8027868460270002041AE8A1EFF
:1074B00003E0335C2F187B70401C9042F9DB684678
:1074C000491EFAF7FBFDE1797218203A937FD27FCB
:1074D0001B029A1892B2904204D020A0FBF754FEEF
:1074E00004209CE70020626902E0335C1354401CD6
:1074F0008842FADB0CA0FBF747FE00208FE7000074
:10750000DC6FFF1F7265616420636D6420646174C9
:1075100061206572720A0000726561642038302053
:1075200064617461206572720A00000072656164B2
:107530002038322064617461206572720A00000094
:10754000446174615F526563656976655F46616930
:107550006C65645F31212121200A0000446174615F
:107560005F526563656976655F4661696C65645FF6
:1075700032212121200A0000F7B5FFB0FF2483B09B
:107580000E460746013421466846F8F795FE214627
:1075900041A8F8F791FE2246564C00216069F8F7A1
:1075A0005FFD78786946087000206D46F11E04E0A2
:1075B0003A182B18D2785A70401C8842F8DBB11E5A
:1075C0002846FAF77BFD0146002002E03A5C2A5487
:1075D000401CB042FADB080AA855A81900274170E0
:1075E000B61C0FE0FF20F530F9F7D7FB38467F1CBB
:1075F000FFB2142806D340A0FBF7C6FD01207FB0E0
:1076000006B0F0BDF2B269462079FAF72FFE0028E5
:10761000E8D18498F9F7B5FB002680213BA0FBF761
:10762000B3FDFF27F5370CE03846F9F7B6FB3046D7
:10763000761CF6B2142804D336A0FBF7A5FD022071
:10764000DDE7022340AA80212079FAF775FD0028A2
:10765000EAD140A84078E071002682212BA0FBF7F8
:1076600093FD0CE03846F9F798FB3046761CF6B2ED
:10767000142804D32CA0FBF787FD0320BFE7E37990
:1076800041AA82212079FAF757FD0028EAD1E17951
:10769000022904D229A0FBF777FD0420AFE740A818
:1076A000027868460270002041AE8A1E03E0335C17
:1076B0002F187B70401C9042F9DB6846491EFAF790
:1076C000FDFCE1797218203A937FD27F1B029A1851
:1076D00092B2904204D020A0FBF756FD05208EE721
:1076E0000020626902E0335C1354401C8842FADBDC
:1076F000002084E7DC6FFF1F7265616420636D64A6
:107700002064617461206572720A0000253032586D
:107710000A00000072656164203830206461746181
:10772000206572720A0000007265616420383220A0
:1077300064617461206572720A00000044617461C2
:107740005F526563656976655F4661696C65643142
:10775000212121200A000000446174615F526563A9
:10776000656976655F4661696C6564322121212017
:107770000A000000F8B5084D0E4607460024A00098
:107780002A58002A02D0314638469047641CE4B299
:10779000052CF4D3F8BD000094A9FF1F30B5BFB08D
:1077A0000C460546F822002101A8F8F759FC6A4664
:1077B000D4802246294601AC02A8F8F739FC211DE5
:1077C0000EA0FBF7E1FC69460F48F9F7EFFA6A46AD
:1077D0000E491088FAF780F96A4613880C498B42E3
:1077E0000AD0C00708D00948214648304089908017
:1077F00000221846FAF7E4FA3FB030BD7273703ACF
:107800002025730A000000000E030000C86EFF1F51
:10781000FFFF00003FB500226B4694000559521C43
:107820001D51042AF9DB8A0711D0CA17920F52188A
:1078300092089200891A0322511A8C0095001C5953
:107840004451491E00D20321521EF6D53FBD0021EE
:10785000F1E710B5144609181A462046F8F7E8FB78
:10786000002010BDC00110B5803880B201F054FE78
:1078700010BD0000FFB581B00298FEF79FFF040025
:1078800069D00298354986008A59002A63D0136A64
:107890001820002B00D03420936A002B00D0143025
:1078A000049B002B00D01C30516A002900D01630F8
:1078B000F8F74EFC05004ED018220021F8F7D0FB57
:1078C0002620F9F781FD070000D12778D020287005
:1078D000019868700A20A8700298A8800398A8717F
:1078E0001E482C4680591834006A002808D01B49CD
:1078F000AC60895920461C34096A1C22F8F798FBB1
:1079000016488059806A002808D01449EC608959CB
:1079100020461434896A1422F8F78AFB0498002858
:1079200006D02C6120461C341C220499F8F780FBF9
:107930000A488159496A002906D06C61805916228B
:10794000416A2046F8F774FBF8B22946F8F7DCFBE9
:107950000298FBF741FE05B0F0BD0000C470FF1FA8
:10796000FFB581B01D46174614200E9EF8F7F0FBB8
:10797000040020D0D0202070019860700520A070F5
:10798000E770002D05D006222946201DF8F750FB90
:1079900004E006220021201DF8F762FB0A986081AE
:1079A0000B98A0810C98E0810D982082A674214646
:1079B0000298F8F7A9FB05B0F0BDF8B506461C46DD
:1079C00015460F460820F8F7C3FB010009D0D02068
:1079D00008704E70062088708D808C713846F8F7DC
:1079E00093FBF8BD10B58EB06846F8F7BFFC68464B
:1079F0008079029068464079039068460079049047
:107A00006846C0780590684680780B49401E06900D
:107A10006846008840180790C8120A9002A8F8F734
:107A2000ABFC0446014605A0FBF7AEFB2046F8F789
:107A3000A9FC20460EB010BD94F8FFFF25640A0093
:107A40000146002006E0531C0B600A2312785843BD
:107A5000303810180A681378303B092BF3D9704777
:107A6000007841078207C90F920F89000006C00EF7
:107A70001143C0000843704701468A00084910209E
:107A8000895800290AD00A6A002A07D08968002983
:107A900004D0107A097E884200D30846704700005F
:107AA0003471FF1F10B50246014620321031F8F73D
:107AB0006FFC10BD10B5F8F76BFC10BD7FB50D461F
:107AC000044681000948405800280ED0014668311C
:107AD0004EC903966E460EC6037FC28801782846BB
:107AE000FBF7E8FD204600F003F87FBD3471FF1F6F
:107AF00070B5044600F0BEFCA500134C6059002888
:107B000021D0006A002801D0F8F7F8FA6059806E99
:107B1000002801D0F8F7F2FA6059C06E002801D0B1
:107B2000F8F7ECFA6059006F002801D0F8F7E6FA90
:107B30006059406F002801D0F8F7E0FA6059F8F773
:107B4000DDFA0020605170BD3471FF1F7FB5084D14
:107B500084002959102268462531F8F769FA285916
:107B6000044BC0886A46112100F014FC04B070BDBB
:107B70003471FF1FB98801117FB50C4C8500615924
:107B8000002910D0694600F029FC60590178C088AE
:107B9000002901D0064B00E0064B6A46072100F0A1
:107BA000F9FB04B070BD0120FBE700003471FF1F3A
:107BB00015890111A789011170B50D4606460024EB
:107BC0000AE0F8F7EBFB010A3155641CE4B2AC4261
:107BD00002D23055641CE4B2AC42F2D370BD000056
:107BE0007FB5084D84002959102268463531F8F7D1
:107BF0001FFA2859044BC0886A46112100F0CAFBBD
:107C000004B070BD3471FF1FF388011110B5064A2E
:107C10008300D258002A06D0D288824203D101299B
:107C200001D1FFF765FF10BD3471FF1F70B50E4C19
:107C3000064685006059002813D0007821460028A8
:107C400010D08868002804D04168002901D030464F
:107C5000884760594078122803D100213046FFF749
:107C60002DFF70BD4868EDE73471FF1F10B50A465F
:107C7000024B112100F08EFB10BD00002188011184
:107C80001CB5044668461346017006221946401C7E
:107C9000F8F7CEF9034B6A460821204600F07AFB3C
:107CA0001CBD00004388011110B50A46024B11218A
:107CB00000F070FB10BD00006988011110B586B09E
:107CC000044668461346018008221946801CF8F7CE
:107CD000AFF9044B6A460B21204600F05BFB06B06F
:107CE00010BD00008B88011110B50A46024B11210E
:107CF00000F050FB10BD0000B589011130B587B010
:107D00000446002069460875A06805782B00F8F73E
:107D1000A1F90C2C07070F1215181B1E2124272C64
:107D200000F0CAFE12281DD106206946087529E018
:107D300000F094FE16E000F0B0FE13E000F09DFEAF
:107D400010E000F048FE0DE000F074FE0AE000F0E4
:107D500062FE07E000F04EFE04E000F025FF01E0C7
:107D600000F014FF002802D008E00720DEE760885A
:107D70006A46294600F028FF694608756846007D76
:107D8000002805D0608805A900F0F2FA07B030BDE0
:107D9000608800F043FBF9E7F8B52B4D06468700F5
:107DA000E8590C46002807D0C188B14204D1417877
:107DB000062904D0112930D0002C36D03EE00278BC
:107DC0002149002A25D08368026A5B69DC0704D058
:107DD000147BE40701D0072105E09C0705D5147B3F
:107DE000A40702D5092141702CE05B0704D5127B62
:107DF000520701D50B21F6E78868002822D0416898
:107E000000291FD030468847E8594078122802D010
:107E100018E04868F1E7002103E0002C00D032248C
:107E200021463046FFF74AFE0CE03046FEF7C6FC1E
:107E3000002803D0017910221143017131462046F8
:107E4000FCF782F90120F8BD3471FF1F70B501788D
:107E50000124922902D0A02919D130E041780E29BD
:107E600002D03E2913D10BE081881A4AD14205D1B4
:107E70008068411C007800F033F81EE000201CE010
:107E8000014680780124052803D0082811D0002459
:107E90001DE011480078400719D5104800680028F7
:107EA00015D08368002B12D0CA898888891D98470D
:107EB00003E088888979FFF76FFF044607E00546ED
:107EC000FFF71CFFA868002801D0F8F75FF92046EB
:107ED00070BD0000E8DFFFFF5970FF1F3871FF1F02
:107EE00070B51D4C05462068002825D0002D06D110
:107EF0000278002A21D008220A30F8F799F8206881
:107F00002E46002817D01220F8F722F905000DD0D0
:107F1000C12028706E7021681022A81C891CF8F7F7
:107F200087F8206829464078F8F7EEF82068F8F7D7
:107F3000E5F800202060012070BD0822801CF8F7C1
:107F400077F8F8F731FA002801D00125D7E7216842
:107F500001200870EFE700003071FF1F0149486001
:107F6000704700003471FF1FF7B588B0164604460D
:107F7000102200216846F8F773F8334DA700E8593E
:107F8000002835D0C188A14232D1017800292FD1F3
:107F90004278062A0FD0816E002929D0088A112A3A
:107FA00019D0B04224D1082212310998F8F74CF8C0
:107FB00001283CD01CE0024601465532353104AB65
:107FC0000C3000F000FC002812D12046FFF754FDD1
:107FD000024604A930E0B04206D1082212310998C5
:107FE000F8F732F801281BD032212046FFF766FD52
:107FF0002046FEF7E3FB05000CD0696A002909D092
:10800000088AB04206D1082212310998F8F71CF804
:1080100001280FD02046F8F7CDF901200BB0F0BDB4
:108020002046FFF729FDE9590246896E04E0E85928
:10803000816E00E0696A8A7E6846F7F7F9FF20469C
:108040006946F8F7BDF9E8E73471FF1FF1B582B072
:108050000298694C850060590178002976D14178F1
:108060008768066A062907D0CA1F1300F7F7F2FFD0
:10807000050A48525B1872007969CA0706D0327B3C
:10808000D20703D0806E002813D019E0880702D5EC
:10809000307B80073ED4480764D5307B400761D5EC
:1080A000FBF7E0FA6159CA8801461046FFF71CFE4B
:1080B00058E01C20F8F710F861590028886653D062
:1080C00060591022866E00213046F7F7C9FF0298EA
:1080D000FFF7D2FC01463046FFF76EFDF8F75EF978
:1080E0003082304608211230FFF766FD0298FFF714
:1080F000C3FCB07660593146C088FFF7B7FD33E066
:10810000816E002932D00A461232098AC088FFF7F0
:10811000D5FD2BE0FBF7A0FA6159CA88014610464D
:10812000FFF7C2FD3FE001200190FBF78FFA0090BE
:1081300001280CD0002000900198FBF779FA024644
:1081400060590099C088FFF79BFD39E023E00020CB
:108150000190F2E7072907D0082907D0092922D082
:108160000A292DD078690EE008201DE07869810782
:1081700004D5317B890701D5092015E0410721D4B9
:1081800001E00B2010E0C10520D5B189C9051DD53E
:108190000C2061594870FEBD40051ED5B0894005D0
:1081A0001BD51020F5E70A20615948706059C08836
:1081B000FEF704FB002812D0C08941080A1810E01D
:1081C0007869DBE7317B4907DDD5DAE78105E3D55F
:1081D000B1898905E0D50E20DBE71220D9E7FF221F
:1081E000F532064902980854029863590918044860
:1081F0001B1DF8F78BF8FEBD3471FF1FA8A9FF1FE8
:1082000069840111F8B50446002000900E46102044
:10821000F7F762FF544AA5005159002808625159E6
:1082200078D017468C6810223146F7F701FF78594D
:108230000178002962D1026A6069177B2146C30771
:10824000FF071431DB0FFF0F0C32BB4204D1C30711
:1082500002D00123184301E040084000086017786D
:108260008307BF07DB0FFF0FBB4204D1830702D593
:108270000223184301E0022398430860177843075C
:108280007F07DB0FFF0FBB4204D1430702D5042356
:10829000184301E00423984308601788C305FF05CD
:1082A000DB0FFF0FBB4205D1C30503D5FF2301330D
:1082B000184302E0FF2301339843086017888305C1
:1082C000BF05DB0FFF0FBB4205D1830503D501239B
:1082D0005B02184302E001235B02984308601288A6
:1082E00043055205D70F0122DB0F9202BB4203D197
:1082F000430501D5104300E09043086070780028E2
:1083000009D06078002806D0174805214059203050
:10831000017125E026E03079400708D4A07C4007B1
:1083200005D41149012049592031087118E00E483F
:1083300042591078002802D02078317801E0217865
:108340003078042801D8042901D9182007E08B00CF
:10835000C918064BC918085C203210710020009023
:108360000098F8BD1320FAE73471FF1FDEA1011158
:1083700070B50C460A460646054B022100F00AF885
:10838000054621783046FFF799FB284670BD00006E
:10839000DB880111FEB516460546062268460280B6
:1083A00001811C460846FAF7DFF8019000280ED03C
:1083B00001463046A047040005D169462846FAF731
:1083C000B9F8040004D00198F7F7E0FE00E01324A8
:1083D000284600F023F82046FEBD000070B50D468B
:1083E00081000D48405800280FD08468002C0CD024
:1083F0002078287060786870A17C281D00F054F8FF
:10840000207E28726069E86070BD10220021284635
:10841000F7F726FE70BD00003471FF1FF8B5044663
:108420002020F8F7D1FF0D4E0546A700F05900288F
:1084300012D0002D10D0C078FF2804D02946F7F7BD
:10844000C5FF002808D006482A460455F3590119EB
:108450000448DB1CF7F75AFFF8BD00003471FF1F1A
:1084600068AAFF1F9F84011110B50078FFF7DEFB9B
:1084700010BD000070B5064C85006059002805D07D
:10848000C078F7F713FF6159FF20C87070BD000076
:108490003471FF1F10B51721FFF710FB10BD10B589
:1084A0000078FFF7F7FF10BD10B502688B07920840
:1084B00092009B0F1A434C0704230260002C01DA40
:1084C0001A4300E09A43F823C9089A43C9000A43B3
:1084D000026010BDFFB587B017461020F7F7FCFD0E
:1084E00001901020F7F7F8FD0090019800287DD04A
:1084F000009800287BD0024601990798FCF7D2FE2D
:1085000004007ED11020F7F7E7FD02901020F7F766
:10851000E3FD0646029800286BD0002E7CD038463A
:108520000F30050902D038070CD000E001250020EB
:108530002901103900280898C9B205D040183246E0
:1085400001991AE00120F3E7401884463A07120F18
:10855000002003A98023904202D267463F5C04E0DA
:10856000904201D10B5401E000270F54401CC0B2CF
:108570001028F0D3324603A8009900F0DDFF102246
:1085800000210298F7F76CFD00276D1E0FE03807F9
:108590000899000E091803AA029800F0CDFF03A95C
:1085A000029A0798FFF786FA7F1C04463FB2AF4253
:1085B00002DA002CEBD011E0002C0FD103AA3146D7
:1085C000029800F0B9FF03A9029A0798FFF772FA20
:1085D0000446082202990A98F7F72AFD0298002813
:1085E00001D0F7F78BFD002E08D004E01AE017E069
:1085F00007E013E010E03046F7F780FD019800280F
:1086000002D00198F7F77AFD0098002801D0F7F71B
:1086100075FD20460BB0F0BD1324E2E71324E2E71A
:108620001324EEE71324EFE770B58CB015460E4621
:108630000446302200216846F7F712FD1022214639
:108640006846F7F7B5FD07A8032231460130F7F772
:10865000AFFD6846FFF726FA04460BA90322284619
:108660000131F7F7A5FD20460CB070BDFFB5244DD4
:1086700007468600A8598DB000281AD0C088FEF79A
:108680009DF8040018D005A93846FFF7A7FEA859A1
:108690000178002912D005A90291006A0190FAF729
:1086A000D5FF00900020FAF7C3FF0646A779E51D25
:1086B00012E0122011B0F0BD1420FBE7006A029016
:1086C00005A80190FAF7C2FF07460020FAF7B0FFAD
:1086D0000546A079E61D009009A9019800F063F90C
:1086E0000BA9029800F016F9109804900BAB09AA98
:1086F0000297019603950F990E9800F003F8D9E7B9
:108700003471FF1FFFB595B004461F46302200218B
:1087100004A81E9E209DF7F7A3FC1022214604A862
:10872000F7F746FD102200216846F7F799FC07226B
:1087300068461799F7F73CFD01A807223946033030
:10874000F7F736FD002D01D0012000E0002069463A
:108750008873002E01D0012000E00020C873102291
:10876000002110A8F7F77CFC062211A81F99F7F743
:108770001FFD12A8062202302199F7F719FD08A85B
:10878000102206461699F7F713FD6946304600F0A9
:108790003AF804A8FFF786F904460CA910220D4602
:1087A0003046F7F745FC10A9304600F02CF804A835
:1087B000FFF778F90443102229462298F7F7F8FCCE
:1087C000204619B0F0BD70B50C468CB01646014677
:1087D0001D4610226846F7F7EBFC0822214604A844
:1087E000F7F7E6FC0822314606A8F7F7E1FC6846F1
:1087F000FFF758F904461022284608A9F7F7D8FCD5
:1088000020460CB070BD10B5002203780C78521CC5
:1088100063400370D2B2401C491C102AF5D310BD2E
:1088200010B500290BD0002809D006220A704B1C75
:10883000014610221846F7F7FBFB002010BD02206E
:1088400010BD10B500290DD000280BD009220A70E8
:108850004B1C01781970411C0622581CF7F7E8FBE5
:10886000002010BD022010BD10B500290BD000283B
:1088700009D008220A704B1C014610221846F7F74F
:10888000D7FB002010BD022010BD10B50346002903
:1088900010D0002B0ED007200870481C19780170EA
:1088A00019880822090A4170991C801CF7F7C0FB3F
:1088B000002010BD022010BD10B500290BD00028EB
:1088C00009D003220A704B1C014610221846F7F704
:1088D000AFFB002010BD022010BD002907D00028EA
:1088E00005D005220A7000784870002070470220E9
:1088F000704710B500290BD0002809D004220A7057
:108900004B1C014610221846F7F792FB002010BDC1
:10891000022010BD0A4610B50146012000F001F802
:1089200010BD70B50C46002A3BD0002C39D0107019
:108930002078507060789070D51C201DFFF790F85B
:108940002870207A6870A089C005C00FA870A1891E
:108950008905C90F49000843A870A1894905C90FB5
:1089600089000843A870A1890904C90EC9000843F9
:10897000A870207BC007C00FE870217B8907C90F52
:1089800049000843E870217B4907C90F8900084363
:10899000E870217B0906C90EC9000843E870002071
:1089A00070BD022070BD0A4610B501460220FFF7D7
:1089B000B8FF10BD10B500290BD0002809D00A223D
:1089C0000A704B1C014610221846F7F731FB0020B5
:1089D00010BD022010BD10B50B46002808D0002B9A
:1089E00006D0411C10221846F7F722FB002010BDCC
:1089F000022010BD10B50B4600280AD0002B08D06D
:108A000041781970811C0622581CF7F711FB0020D1
:108A100010BD022010BD10B50B46002808D0002B59
:108A200006D0411C10221846F7F702FB002010BDAB
:108A3000022010BD10B50B4600280DD0002B0BD026
:108A400082784178120289181980C11C0822981C6A
:108A5000F7F7EEFA002010BD022010BD10B50B464E
:108A6000002808D0002B06D0411C10221846F7F72A
:108A7000DFFA002010BD022010BD002809D0002917
:108A800007D040780870092805D8002803D00020B6
:108A90007047022070471820704710B50B46002819
:108AA00008D0002B06D0411C10221846F7F7C0FA58
:108AB000002010BD022010BD70B50C4600281DD04E
:108AC000002C1BD04178217081786170C178051D20
:108AD000201DFFF7E9FC287820726978FF22E06802
:108AE00001329043CA07D20D104301228B07520274
:108AF000AD1CE060002B03DA104302E0022070BDE1
:108B00009043214AE0604B0701D5104300E09043B9
:108B10001F22D202C9089043C9020843E0602978A5
:108B20004008CA074000D20F10438B070222E060C2
:108B3000002B01DA104300E090434B070422E06071
:108B4000002B01DA104300E09043F822C90890435B
:108B5000C9000843E0602120F8F736FC217A8842FA
:108B600005D82220F8F730FC217A884201D2122061
:108B700070BD2078042802D86078012801D9182017
:108B800070BD002070BD00000004000010B50A4652
:108B9000002807D0002A05D041781046FFF784FC52
:108BA000002010BD022010BD10B50B46002808D0D3
:108BB000002B06D0411C10221846F7F739FA002086
:108BC00010BD022010BD000070B515460E460724EA
:108BD000FDF7F4FD002807D042790D49002A05D0A1
:108BE000012A09D0052070BD082070BD094A1278FD
:108BF00012070BD5896800E04968002906D00B6888
:108C0000002B03D02A46314698470446204670BDC3
:108C10003471FF1F5970FF1FF8B5124C06468500CE
:108C200060590F4641780C291AD1C06E002806D130
:108C30001C20F7F751FA61590028C86610D0605916
:108C40001022C06E3946F7F7F3F93046FEF714FFED
:108C50006159C96E887661590D2048700020F8BDB1
:108C60000720F8BD3471FF1F70B5104C0546860013
:108C7000A05942780F2A01D0072070BD006F06224C
:108C80001030491CF7F7D4F9A0598168898A490541
:108C900006D5016A8989490502D51021417003E092
:108CA00000212846FEF70AFF002070BD3471FF1F27
:108CB00070B50F4C850060590E4641780E2901D0E1
:108CC000072070BD006F002806D11620F7F704FAC0
:108CD00061590028086705D060591022006F31469D
:108CE000F7F7A6F961590F204870002070BD000009
:108CF0003471FF1FFEB5054640882A4B86009B59FC
:108D00000024002B04D0DD88854214D00820FEBD4D
:108D100001290ED11446101DFEF7A2FEE168029152
:108D2000217A009001916378227869880020FBF70E
:108D300093FA0020FEBD1B78012B09D00B00F7F73A
:108D400089F90B2E092E0D122A161A1E22262E0024
:108D50000720FEBD114600F0ABF802E0114600F01E
:108D600055F804461CE0114600F076F8F9E7114684
:108D7000FFF752FFF5E7114600F016F8F1E711464C
:108D8000FFF796FFEDE71146FFF76EFFE9E71146A3
:108D900000F0EAF8E5E71178FEF790FE00E007241E
:108DA0002046FEBD3471FF1F70B5174C0546860086
:108DB000A059C26E002A02D040780D2801D00720A9
:108DC00070BD08881082A0590822C06E891C12301C
:108DD000F7F72EF9A15988684069820505D50A6A16
:108DE0009289920501D50E2006E0400506D5086A55
:108DF0008089400502D51020487003E000212846F4
:108E0000FEF75CFE002070BD3471FF1FF8B5114CF9
:108E1000074685006059002610224530F7F708F90B
:108E200061594878042812D00B460A46253335325A
:108E300038460C31FFF71AFC3846FEF787FE00284B
:108E400000D008266159052048703046F8BD03203F
:108E5000FAE700003471FF1FF0B5144C0746850097
:108E6000605985B0002610225530F7F7E1F86159B6
:108E70006B460A46553238460C31FFF7F7FB61590D
:108E8000102268464531F7F7DFF8012803D00426A1
:108E9000304605B0F0BD3846FEF7A2FE002801D0EE
:108EA0000826F5E7615906204870F1E73471FF1F85
:108EB000F8B504460026FFF7A5F9002804D01828C5
:108EC0004ED008263046F8BD2046FEF755FEA500D8
:108ED000244C60598168897CC90709D0016A0979E5
:108EE0008907890F012903D1017F012211430177ED
:108EF00060592421095C042702291ED003291CD0B3
:108F000004291AD0012901D00529DBD102214170A1
:108F100060592421095C01291CD0816810220C3081
:108F2000891CF7F785F86059017F3943017760594B
:108F300010213530FEF740FEC4E7022900D00121A0
:108F4000C088FAF74DFC6059017F394301776059B9
:108F50004770B7E7102200210C30F7F781F8E6E7F9
:108F60000326AFE73471FF1FF8B5134C06468500A2
:108F700060590F4600281CD0406F002806D11420ED
:108F8000F7F7AAF861590028486710D060591022F5
:108F9000406F3946F7F74CF861590020496FC043DC
:108FA000086100213046FEF789FD0020F8BD082049
:108FB000F8BD0720F8BD00003471FF1F020E0A60E3
:108FC0000202120E4A600204120EC0B28A60C86029
:108FD00070470000F0B5FFB0012782B005467F0260
:108FE0000024394601A8F7F767F919486E023518C9
:108FF000294618A0FAF7C8F81C480090F7F726F998
:1090000001461BA0FAF7C0F80098F7F71FF9A8422D
:1090100004D20F4949424018460A76023D463A4674
:1090200001A93046FEF772F901AE200702D117A060
:10903000FAF7AAF8315D16A0FAF7A6F8641CAC425C
:10904000F3D312A0FAF7A0F87FB002B0F0BD000091
:10905000004002117265616420416464726573733B
:10906000203078253038580A000000009B98FF1FF8
:1090700066696C6520656E64204164647265737313
:10908000203078253038580A000000000A0000001F
:109090002530325820000000FFB50E4683B0394914
:1090A0001F46154638480191F7F7D6F8374C354931
:1090B0002068091D0091002805D0334A8018F7F771
:1090C000CBF80020206028460C99384308430D99BE
:1090D0002F4C08430CD0002D00D0E574002F00D099
:1090E00027750C98002800D06075002900D0A17564
:1090F0000398304340D00398002804D001460A2248
:10910000601CF6F795FF002E06D03078032802D1B8
:109110002178002900D020701E4D2846F7F7A8F8C6
:1091200017221B492846F7F7DFF82278611C1AA09E
:10913000FAF72AF817211648FEF710F90198F7F701
:1091400085F8114DA8421BD031782B461DA0039AFB
:10915000FAF71AF80A2226A1601CF6F769FF022026
:10916000207028460199F7F777F828460099F7F715
:1091700073F8042007B0F0BD20A0FAF705F8F8E76F
:109180000020F7E79798FF1F00400211C46FFF1FF0
:109190008C98FF1F00E00011757064617465207683
:1091A000657273696F6E3A25303130582C206669CC
:1091B0006C655F696E666F2E73746174653A202505
:1091C000640A0000496E69742046696C6520496E26
:1091D000666F2073746174653A25642C2020563ABA
:1091E00025732C20616464723A253038580A0000D7
:1091F00030303030303030303030000075706461E5
:1092000074615F66696C655F696E666F2065727216
:109210000A00000070B51C4D0E460446FF220132C4
:1092200000212869F6F71CFF2869402101707D2183
:1092300041700421C170FB210171210E4171210C8B
:109240008171210AC17104720021417280218172F1
:109250000A4631460B30F6F7EBFE2869882181700B
:109260008B212022FEF788F968690178042905D14D
:109270004178FB2902D18078002803D003A0F9F7B8
:1092800083FF042070BD0000DC6FFF1F5265616426
:10929000446174614261636B446F6F725F466169E0
:1092A0006C0D0A00F8B514461C4E0F460546FF2209
:1092B000013200213069F6F7D3FE30694021017098
:1092C0007D2141700121C170FE210171290E417182
:1092D000290C8171290AC1710572210A41728472B7
:1092E000224639460B30F6F7A3FE30690834847005
:1092F000E41CE1B2FEF750F8002801D00120F8BDCF
:1093000070690178012905D14178FE2902D1807860
:109310000028F4D002A0F9F737FFEFE7DC6FFF1F5A
:109320005831000030B585B00020009001900290C7
:10933000FCF796FDFDF7E2FCFCF75CFD0D2850D034
:109340000024224621466020F8F790FF002815D01F
:10935000002211466220F8F789FF002810D0002271
:1093600011466420F8F782FF00280BD00022114636
:109370006620F8F77BFF002806D00EE0602404E0AA
:10938000622402E0642400E06624002211462046A4
:10939000F8F76CFF002800D000243A4D2100297115
:1093A00021D039A0F9F7F0FE2A460832111D28799C
:1093B000FCF704F837A103C90390049137A0F9F72B
:1093C000E3FE072103A8FDF7E7FF00280DD0C82022
:1093D000F7F7D7FC072103A8FDF7DEFF002804D02C
:1093E000082005B030BD0620FBE780222F486969C0
:1093F000F6F71EFE00216846FCF70AF82B49C87DE7
:10940000897D0002084344BA2046F9F7C4FF28705A
:109410000246214626A0F9F7B7FE2878194CC0006D
:1094200020342158032229A0F6F70EFE00280BD085
:109430000A2269461D48F6F707FE002809D024A035
:10944000F9F7A2FE0720CCE723A0F9F79DFE09203B
:10945000C7E72878C00000198188698121A0F9F741
:1094600093FE6889F6F738FEA861002805D06A895E
:109470000021F6F7F5FD0520B3E720A0F9F784FEFB
:109480000D20AEE7DC6FFF1F416464723A20253087
:1094900032580A004078042AEDAB720052656164CC
:1094A0004261636B446F6F720A000000AD98FF1F4A
:1094B00048505F395820547970653A202530345827
:1094C0003B20436F64653A2025640A003930580018
:1094D0004E65776573740A00547970655F457272E2
:1094E0000A00000075706772616465725F64617480
:1094F000615F6C656E20253032580A00616C6C6FBC
:10950000632075706772616465725F646174612065
:109510006572722121210A00054B10B5C018054B58
:10952000984203D8F6F7E0FE002800D0032010BDD3
:109530000040021100F0031130B50023C45CCD5C83
:109540006C40D4545B1CDBB2102BF7D330BD000150
:10955000020307090A0B0E0F101112141718191A1B
:109560001B1F202122000201000504000807000B38
:109570000A001716001D1C010201010504010E0D51
:10958000011110011413011716011A190202010228
:109590000B0A020E0D021110021413021716030516
:1095A00004030807030B0A030E0D000D000E001044
:1095B00000110013001401070108010A010B011C2E
:1095C000011D02040205020702080219021A021C08
:1095D000021D0301030203170506FFFF00C201007D
:1095E000010000000000000002000000A4A1011121
:1095F000A9540111C555011100000000020000002E
:10960000A6A1011100000000ED50011100000000B2
:1096100038373635343332313001501116072420B3
:1096200038373635343332313002501116072420A2
:109630003837363534333231300350111607242091
:109640003837363534333231300450111607242080
:1096500010000000109601114552523A000000001F
:10966000116D0111396D0111000000000000891118
:1096700012239B322446AD573665BF74488CC19D7A
:109680005AAFD3BE6CCAE5DB7EE9F7F8811008015A
:1096900093331A22A5562C47B7753E64C99C408D5A
:1096A000DBBF52AEEDDA64CBFFF976E802218B30F6
:1096B000100299132667AF763444BD554AADC3BC3A
:1096C000588ED19F6EEBE7FA7CC8F5D983310A201A
:1096D00091121803A7772E66B5543C45CBBD42AC1A
:1096E000D99E508FEFFB66EAFDD874C904428D53B2
:1096F00016619F702004A9153227BB364CCEC5DFFA
:109700005EEDD7FC6888E1997AABF3BA85520C43D9
:1097100097711E60A1142805B3373A26CDDE44CFD9
:10972000DFFD56ECE9986089FBBB72AA06638F7275
:1097300014409D512225AB343006B9174EEFC7FEB9
:109740005CCCD5DD6AA9E3B8788AF19B87730E6299
:1097500095501C41A3352A24B1163807CFFF46EE99
:10976000DDDC54CDEBB962A8F99A708B0884819541
:109770001AA793B62CC2A5D33EE1B7F04008C91989
:10978000522BDB3A644EED5F766DFF7C8994008549
:109790009BB712A6ADD224C3BFF136E0C118480969
:1097A000D33B5A2AE55E6C4FF77D7E6C0AA583B4E5
:1097B000188691972EE3A7F23CC0B5D14229CB3849
:1097C000500AD91B666FEF7E744CFD5D8BB502A409
:1097D00099961087AFF326E2BDD034C1C3394A2829
:1097E000D11A580BE77F6E6EF55C7C4D0CC685D7A1
:1097F0001EE597F42880A1913AA3B3B2444ACD5B09
:109800005669DF78600CE91D722FFB3E8DD604C7C8
:109810009FF516E4A9902081BBB332A2C55A4C4BE8
:10982000D7795E68E11C680DF33F7A2E0EE787F664
:109830001CC495D52AA1A3B03882B193466BCF7AC8
:109840005448DD59622DEB3C700EF91F8FF706E688
:109850009DD414C5ABB122A0B9923083C77B4E6AA8
:10986000D5585C49E33D6A2CF11E780F000001CC0D
:1098700001D8001401F0003C002801E401A0006CB4
:10988000007801B40050019C01880044630000008E
:109890007C000000770000007B000000F200000068
:1098A0006B0000006F000000C500000030000000E9
:1098B00001000000670000002B000000FE00000017
:1098C000D7000000AB00000076000000CA000000D6
:1098D00082000000C90000007D000000FA000000C6
:1098E0005900000047000000F0000000AD0000003B
:1098F000D4000000A2000000AF0000009C000000A7
:10990000A400000072000000C0000000B7000000CA
:10991000FD0000009300000026000000360000005B
:109920003F000000F7000000CC0000003400000001
:10993000A5000000E5000000F1000000710000003B
:10994000D8000000310000001500000004000000F5
:10995000C700000023000000C30000001800000042
:1099600096000000050000009A00000007000000BB
:109970001200000080000000E2000000EB00000088
:1099800027000000B2000000750000000900000080
:10999000830000002C0000001A0000001B000000E3
:1099A0006E0000005A000000A000000052000000FD
:1099B0003B000000D6000000B300000029000000BA
:1099C000E30000002F0000008400000053000000AE
:1099D000D100000000000000ED00000020000000A9
:1099E000FC000000B10000005B0000006A00000005
:1099F000CB000000BE000000390000004A0000005B
:109A00004C00000058000000CF000000D000000013
:109A1000EF000000AA000000FB000000430000006F
:109A20004D000000330000008500000045000000EC
:109A3000F9000000020000007F000000500000005C
:109A40003C0000009F000000A80000005100000042
:109A5000A3000000400000008F0000009200000002
:109A60009D00000038000000F5000000BC00000070
:109A7000B6000000DA000000210000001000000025
:109A8000FF000000F3000000D2000000CD00000045
:109A90000C00000013000000EC0000005F0000005C
:109AA000970000004400000017000000C400000000
:109AB000A70000007E0000003D00000064000000E0
:109AC0005D0000001900000073000000600000004D
:109AD000810000004F000000DC00000022000000B8
:109AE0002A000000900000008800000046000000EE
:109AF000EE000000B800000014000000DE000000CE
:109B00005E0000000B000000DB000000E000000031
:109B1000320000003A0000000A0000004900000086
:109B200006000000240000005C000000C2000000ED
:109B3000D3000000AC0000006200000091000000B3
:109B400095000000E400000079000000E70000003C
:109B5000C8000000370000006D0000008D0000000C
:109B6000D50000004E000000A90000006C000000BD
:109B700056000000F4000000EA000000650000004C
:109B80007A000000AE00000008000000BA000000EB
:109B900078000000250000002E0000001C000000DE
:109BA000A6000000B4000000C6000000E8000000AD
:109BB000DD000000740000001F0000004B000000EA
:109BC000BD0000008B0000008A0000007000000053
:109BD0003E000000B50000006600000048000000E4
:109BE00003000000F60000000E000000610000000D
:109BF0003500000057000000B9000000860000009A
:109C0000C10000001D0000009E000000E1000000F7
:109C1000F80000009800000011000000690000003A
:109C2000D90000008E000000940000009B0000009E
:109C30001E00000087000000E9000000CE000000C8
:109C40005500000028000000DF0000008C0000002C
:109C5000A1000000890000000D000000BF0000000E
:109C6000E600000042000000680000004100000023
:109C7000990000002D0000000F000000B00000005F
:109C800054000000BB00000016000000520000005D
:109C9000090000006A000000D5000000300000004C
:109CA00036000000A500000038000000BF000000E2
:109CB00040000000A30000009E00000081000000A2
:109CC000F3000000D7000000FB0000007C00000053
:109CD000E300000039000000820000009B0000004B
:109CE0002F000000FF00000087000000340000008B
:109CF0008E0000004300000044000000C40000008B
:109D0000DE000000E9000000CB000000540000006D
:109D10007B0000009400000032000000A60000005C
:109D2000C2000000230000003D000000EE00000023
:109D30004C000000950000000B00000042000000F5
:109D4000FA000000C30000004E0000000800000000
:109D50002E000000A10000006600000028000000A6
:109D6000D900000024000000B200000076000000CE
:109D70005B000000A2000000490000006D00000030
:109D80008B000000D10000002500000072000000E0
:109D9000F8000000F60000006400000086000000EB
:109DA000680000009800000016000000D4000000C9
:109DB000A40000005C000000CC0000005D0000007A
:109DC00065000000B6000000920000006C0000007A
:109DD000700000004800000050000000FD0000007E
:109DE000ED000000B9000000DA0000005E00000095
:109DF000150000004600000057000000A70000000A
:109E00008D0000009D000000840000009000000014
:109E1000D8000000AB000000000000008C00000033
:109E2000BC000000D30000000A000000F7000000A2
:109E3000E40000005800000005000000B800000029
:109E4000B30000004500000006000000D000000044
:109E50002C0000001E0000008F000000CA0000005F
:109E60003F0000000F00000002000000C1000000E1
:109E7000AF000000BD000000030000000100000072
:109E8000130000008A0000006B0000003A00000090
:109E90009100000011000000410000004F00000090
:109EA00067000000DC000000EA00000097000000EE
:109EB000F2000000CF000000CE000000F000000023
:109EC000B4000000E60000007300000096000000EF
:109ED000AC0000007400000022000000E700000059
:109EE000AD0000003500000085000000E200000029
:109EF000F900000037000000E80000001C0000002E
:109F000075000000DF0000006E0000004700000048
:109F1000F10000001A000000710000001D000000A8
:109F200029000000C5000000890000006F0000004B
:109F3000B7000000620000000E000000AA00000050
:109F400018000000BE0000001B000000FC00000024
:109F5000560000003E0000004B000000C60000005C
:109F6000D200000079000000200000009A000000EC
:109F7000DB000000C0000000FE00000078000000D0
:109F8000CD0000005A000000F40000001F00000097
:109F9000DD000000A8000000330000008800000081
:109FA00007000000C700000031000000B100000001
:109FB00012000000100000005900000027000000FF
:109FC00080000000EC0000005F0000006000000066
:109FD000510000007F000000A900000019000000EF
:109FE000B50000004A0000000D0000002D00000038
:109FF000E50000007A0000009F00000093000000D0
:10A00000C90000009C000000EF000000A00000005C
:10A01000E00000003B0000004D000000AE0000002A
:10A020002A000000F5000000B0000000C800000099
:10A03000EB000000BB0000003C00000083000000BB
:10A0400053000000990000006100000017000000AC
:10A050002B000000040000007E000000BA00000099
:10A0600077000000D600000026000000E10000009C
:10A0700069000000140000006300000055000000AB
:10A08000210000000C0000007D0000000000000125
:10A0900000000002000000040000000800000010A2
:10A0A0000000002000000040000000800000001BB5
:10A0B0000000003602000000030000000100000064
:10A0C0000100000001000000020000000300000089
:10A0D000010000000100000001000000020000007B
:10A0E0000300000003000000010000000100000068
:10A0F000020000000E0000000B0000000D00000038
:10A1000009000000090000000E0000000B00000024
:10A110000D0000000D000000090000000E0000000E
:10A120000B0000000B0000000D0000000900000003
:10A130000E000000FB349B5F8000008000100000D8
:10A1400000000000810A011159450111F30A0111B3
:10A15000A5450111AB0A011179450111CD0B011182
:10A16000D54601114D0C011149470111AB0B0111ED
:10A1700049470111090C011101470111CD0B0111D2
:10A180008D460111650C0111FD4701110000000011
:10A1900000000000730B0111FD470111990A011124
:10A1A000754501110018011800280128022803280C
:10A1B000002901290229032904290529002A012A45
:10A1C000022A032A042A052A062907290829000049
:10A1D00000000000000000000000000000870101F6
:10A1E0000201020101020102030304010301010152
:10A1F00001010303020103003031323334353637B5
:10A2000038394142434445464748494A4B4C4D4EF4
:10A210004F505152535455565758595A0000000048
:10A2200030313233343536373839616263646566CC
:10A230006768696A6B6C6D6E6F7071727374757636
:10A240007778797A00000000636F6E6E6563742022
:10A2500062795B25303278253032782530327825A6
:10A2600030327825303278253032785D2068616E62
:10A27000646C655B25645D20696E74657276616CE3
:10A280005B25645D206C6174656E63795B25645D3C
:10A290002074696D656F75745B25645D0A0000004C
:0CA2A00039305800393558003937580063
:020000041FFFDC
:1000000000000000C54FFF1FE06BFF1F086CFF1FC3
:10001000586FFF1F000000000000000000000000FB
:1000200000000000000000000000000000000000D0
:1000300000000000000000000000000000000000C0
:1000400000000000000000000000000000000000B0
:1000500000000000000000000000000000000000A0
:100060000000000000000000000000000000000090
:100070000000000000000000000000000000000080
:100080000000000000000000000000000000000070
:100090000000000000000000000000000000000060
:1000A0000000000000000000000000000000000050
:1000B0000000000000000000000000000000000040
:1000C0000000000000000000000000000000000030
:1000D0000000000000000000000000000000000020
:1000E0000000000000000000000000000000000010
:1000F0000000000000000000000000000000000000
:1001000000000000000000000000000000000000EF
:1001100000000000000000000000000000000000DF
:1001200000000000000000000000000000000000CF
:1001300000000000000000000000000000000000BF
:1001400000000000000000000000000000000000AF
:10015000000000000000000000000000000000009F
:10016000000000000000000000000000000000008F
:10017000000000000000000000000000000000007F
:10018000000000000000000000000000000000006F
:10019000DD42FF1F7543FF1F1D61FF1F00000000B0
:1001A000000000000000000000000000000000004F
:1001B000000000000000000000000000000000003F
:1001C000000000000000000000000000000000002F
:1001D000000000000000000000000000000000001F
:1001E000000000000000000000000000000000000F
:1001F00000000000000000000000000000000000FF
:1002000000000000000000000000000000000000EE
:1002100000000000000000000000000000000000DE
:1002200000000000000000000000000000000000CE
:1002300000000000000000000000000000000000BE
:1002400000000000000000000000000000000000AE
:10025000000000000000000000000000000000009E
:10026000000000000000000000000000000000008E
:10027000000000000000000000000000000000007E
:10028000000000000000000000000000000000006E
:10029000000000000000000000000000000000005E
:1002A000000000000000000000000000000000004E
:1002B000000000000000000000000000000000003E
:1002C000000000000000000000000000000000002E
:1002D000000000000000000000000000000000001E
:1002E000000000000000000000000000000000000E
:1002F00000000000000000000000000000000000FE
:1003000000000000000000000000000000000000ED
:1003100000000000000000000000000000000000DD
:1003200000000000000000000000000000000000CD
:1003300000000000000000000000000000000000BD
:1003400000000000000000000000000000000000AD
:10035000000000000000000000000000000000009D
:10036000000000000000000000000000000000008D
:100370005518FF1F000000000000000000000000F2
:10038000000000000000000000000000000000006D
:10039000000000000000000000000000000000005D
:1003A0000000000000000000000000001922FF1FF4
:1003B000000000000000000000000000000000003D
:1003C000000000000000000000000000000000002D
:1003D000000000000000000000000000000000001D
:1003E000000000000000000000000000000000000D
:1003F00000000000000000000000000000000000FD
:0C04000001FF01FF01FF01FF41000000AF
:020000041FFFDC
:10183800A8D2FF1F8518FF1F0348854600F026F928
:1018480000480047694EFF1FA8D2FF1F09484838C3
:10185800694601600430F0C044464D4656465F462E
:10186800F0C030BCF0BCF0C0F0BCF0C04438024955
:10187800084700000004FF1FBD2DFF1F02488047D6
:1018880002480047FEE70000792CFF1F4118FF1FA0
:101898000549064A08685043054A80180860400808
:1018A80070470149086070474071FF1F6D4EC6417F
:1018B8003930000038B50446C0681821401E484336
:1018C800A16840183C214843616840183C214843BE
:1018D8002168451860690C2148432169401869212D
:1018E800C900401A302100F00FF9114A504342193B
:1018F800084600921A2902DB0E49511800910C2162
:1019080000F002F90C4A5043009A801800900B48E6
:1019180006E0491E425C074B5A43009BD2180092CE
:101928000029F6DC2146684600F03EF8009838BDEC
:10193800801F8607805101008033E101096CFF1F79
:1019480010B5044605E00B780370401C002B00D04E
:10195800491C521EF7D2204610BD03460A78027071
:10196800401C491C002AF9D1184670470346032237
:101978000870000A491C521EFAD51846704770B5FF
:10198800064601F0EBF9046805460A2200213046B4
:1019980000F044F82C6070BD10B5024900F004F85E
:1019A80010BD000078AAFF1F70B50C4600683C21E6
:1019B80000F0B0F821603C2100F0ACF8616018211B
:1019C80000F0A8F80546A1600721001D00F0A2F864
:1019D800A1610F48A90008180E4900F09BF80246BB
:1019E800443288086261E0613B2802D3910700D045
:1019F800401C0021084B0A462161995C814203D8AA
:101A0800401A521C2261F8E7401CE060204670BD75
:101A18006C0B0000B5050000156CFF1FF7B5009CA6
:101A28000F4600262578641C002D05D000F078F8B4
:101A38000068405DC007F5D12B2D02D02D2D18D0A0
:101A4800641E39462046029A00F070F8002F04D030
:101A58003968A14201D10099396071050224002931
:101A68000BDA4042002803DD01F078F90460A00792
:101A7800FEBD012080020643E3E70028F8DA01F002
:101A88006DF904600048FEBDFFFFFF7F064C01258D
:101A9800064E05E0E36807CC2B430C3C984710340E
:101AA800B442F7D3FFF7CCFEBC6CFF1F0C6DFF1FD1
:101AB80070B58C180578401C6B075B0F01D1037853
:101AC800401C2A1106D10278401C03E006780E70EB
:101AD800401C491C5B1EF9D12B0705D40023521E5C
:101AE8000DD40B70491CFAE70378401CCB1A921CE2
:101AF80003E01D780D70491C5B1C521EF9D5A142EC
:101B0800D8D3002070BD000003B40148019001BD86
:101B1800350E000003B40148019001BD090E000014
:101B280003B40148019001BD0110000003B401484D
:101B3800019001BD0910000003B40148019001BDE6
:101B4800D94F010003B40148019001BD75A90000F7
:101B580003B40148019001BDF9A6000003B401488F
:101B6800019001BDA1AF000003B40148019001BD7F
:101B78009DA9000003B40148019001BDE9270000B8
:101B880003B40148019001BD7511000003B4014878
:101B9800019001BDDD3F000003B40148019001BD83
:101BA8008944000003B40148019001BD21440000AC
:101BB80003B40148019001BD750F000003B401484A
:101BC800019001BD1130000003B40148019001BD2E
:101BD80053B9000003B40148019001BDC95C01007C
:101BE80003B40148019001BD1907010003B401487D
:101BF800019001BDBD0B010003B40148019001BD76
:101C0800DD0C010003B40148019001BDDD0A0100AB
:101C180003B40148019001BD0134010003B4014837
:101C2800019001BD0934010003B40148019001BDD0
:101C38000534010003B40148019001BDF5350100E8
:101C480003B40148019001BDF935010003B401480E
:101C5800019001BDE917010003B40148019001BDDD
:101C68006137010003B40148019001BD01D70000AC
:101C780003B40148019001BD6DF6000003B40148AA
:101C8800019001BD7912010003B40148019001BD22
:101C98004DF9000003B40148019001BDC1F70000EF
:101CA80003B40148019001BD6189000003B40148F3
:101CB800019001BDA9D8000003B40148019001BDFD
:101CC800B352010003B40148019001BD0D52010057
:101CD80003B40148019001BD8B52010003B40148CF
:101CE800019001BDC1A5000003B40148019001BDE8
:101CF8009D6A000003B40148019001BD116E000007
:101D080003B40148019001BD8D82000003B401486D
:101D1800019001BDE1AC000003B40148019001BD90
:101D2800E53A010003B40148019001BD496D010085
:101D380003B40148019001BD3D71010003B401489D
:101D4800019001BD0189000003B40148019001BD63
:101D5800156B010003B40148019001BD89310111DF
:101D680003B40148019001BDB30E000003B401485B
:101D7800019001BDED4A010003B40148019001BD85
:101D8800A54F010003B40148019001BD855201002F
:101D980003B40148019001BD016C010003B401487E
:101DA800019001BDBD5C010003B40148019001BD73
:101DB800CD4C010003B40148019001BDE9A1000028
:101DC80003B40148019001BD2D0F000003B4014880
:101DD800019001BDD70E000003B40148019001BD78
:101DE800A96F010003B40148019001BD957301007A
:101DF80003B40148019001BD810E000003B40148FD
:101E0800019001BD5D58011103B40148019001BD65
:101E18000D57011103B40148019001BD21A900002B
:101E280003B40148019001BDADAE000003B4014800
:101E3800019001BDB54C010003B40148019001BDFA
:101E48004550000003B40148019001BDC56D010073
:101E580003B40148019001BDFD57011103B40148C5
:101E6800019001BD154D010003B40148019001BD69
:101E7800810E000003B40148019001BD51B8000073
:101E880003B40148019001BD85C1000003B40148B5
:101E9800019001BDE9D4000003B40148019001BDDF
:101EA800F9ED000003B40148019001BDE9F6000016
:101EB80003B40148019001BD75F8000003B401485E
:101EC800019001BD19FA000003B40148019001BD59
:101ED800E90B010003B40148019001BD6D0B01003D
:101EE80003B40148019001BDC115010003B40148C4
:101EF800019001BDCD0C010003B40148019001BD62
:101F080071B0000003B40148019001BDD9B00000D0
:101F180003B40148019001BD5976010003B401489A
:101F2800019001BDE94C010003B40148019001BDD5
:101F3800ED6B010003B40148019001BD8937010030
:101F480003B40148019001BDC9A9000003B40148C8
:101F5800019001BDD903011103B40148019001BDED
:101F6800EDA5000003B40148019001BDA5310111A0
:101F780003B40148019001BD4557011103B401485C
:101F8800019001BDA158011103B40148019001BDA0
:101F98003D4B010003B40148019001BDB14E000062
:101FA80003B40148019001BD3D18000003B4014885
:101FB800019001BD2146010003B40148019001BD13
:101FC800F123011103B40148019001BD61260111FB
:101FD80003B40148019001BDE113011103B40148A4
:101FE800019001BD5D1D011103B40148019001BDBF
:101FF800950E011103B40148019001BDA917011103
:1020080003B40148019001BDBD27011103B4014883
:10201800019001BD2D11010003B40148019001BDDB
:102028002D6C010003B40148019001BDDD130100CE
:1020380003B40148019001BDE910010003B401484F
:10204800019001BD2114010003B40148019001BDB4
:1020580019B3000003B40148019001BDE157011113
:1020680003B40148019001BDE512010003B4014821
:10207800019001BD7511010003B40148019001BD33
:10208800B912010003B40148019001BDA512010075
:1020980003B40148019001BD8D79010003B40148E2
:1020A800019001BD8914010003B40148019001BDEC
:1020B800F156011103B40148019001BDD1A50000FA
:1020C80003B40148019001BDD544010003B401489F
:1020D800019001BD7997000003B40148019001BD4A
:1020E8006911010003B40148019001BD8512010086
:1020F80003B40148019001BD8D11010003B40148EA
:10210800019001BDF90D010070B54E4A8AB0012851
:1021180000D14D4A43014D486D461C18207E0028C9
:102128000AD084208058C3B2002002E016782E54CA
:10213800401C9842FADB03E0107D012310782870D8
:10214800E269002A04D0297506952B7705A89047DF
:102158000AB070BDFEB5044642013C48394D13181B
:10216800805C191D002829D0187E002826D0987E6A
:10217800002823D00878022820D188884A888E68C9
:10218800801A82B2102A01D9102201E0002A02D056
:10219800012C16D01CE0012008700020488088809F
:1021A800D969002905D02A4B6D460DCB0DC5684667
:1021B8008847002C03D0192002F0A4F8FEBD08209F
:1021C800FAE7214D04E04888431C4B80305C2870B6
:1021D8001046521E92B20028F5D1FEBD1A488068FA
:1021E8000007000F062812D006DC02280AD00428AF
:1021F8000DD10121012087E7072805D00C2806D139
:102208000221F7E70120A5E70F484030C06B70476F
:102218000C4880680007000F062812D006DC022848
:102228000AD004280DD1012100206DE7072805D028
:102238000C2806D10221F7E700208BE7014840303F
:10224800C06B704700400040009000405492FF1F50
:10225800A46BFF1F38B5274C2078072847D8264895
:102268000278012125480904002AC26B40D08A431C
:10227800C263252001F078FC2148202102680A4326
:1022880002604806026804235207002A08DB026835
:102298001A43026013221546521ED2B2002DFAD1FB
:1022A800C268520708D4C2681A43C2601322134690
:1022B800521ED2B2002BFAD1C2688A43C2601322DE
:1022C8001346521ED2B2002BFAD1C2680A43C2602A
:1022D80013200146401EC0B20029FAD10948017DE9
:1022E8000091217841601D2101707621C16038BDBF
:1022F8000A43BDE7186DFF1F0C6DFF1F00F000407B
:10230800246DFF1F0020004010B50D497620C860DD
:10231800FFF712FC10BD0446FFF714FC0949C86911
:1023280040229043C8612046FFF712FC01F048FFA5
:1023380004490420C03108600120FFF70FFCFEE7C4
:102348000020004000F0004010B5FFF7FBFB0A48F2
:102358000468094A41178032116008490160FFF793
:1023680003FC204610BD10B50446FFF7EBFB0248FE
:102378000460FFF7F9FB10BD00E100E01000100059
:1023880010B5FFF7F7FB022805D0072805D012285B
:1023980000D1022010BD142010BD224904200A6B70
:1023A800521C0A6310BDF8B500260C460D460746B8
:1023B80040341FE0607CC1004A1953686A5C0028F9
:1023C80001D0012100E000213846FFF7D9FF00289D
:1023D80002D001212176F8BD607CC000401946601A
:1023E800607C401C6074207C401E20740D48016A8B
:1023F800491C0162207C0028DCD166742676F8BD71
:10240800084A5C2141435C3A10B589185822525C4D
:10241800012A05D1FFF7C7FF0248816A491C81627A
:1024280010BD000034AAFF1F30B5104988680207A4
:10243800120F0F48042A03D0072A12D00C2A13D1EE
:102448000C4A00230C7DE4070ED00C7845685455DF
:1024580044681F2C03D04468641C4460F2E743605E
:10246800F0E702484030C06B30BD0000004000403B
:102478004470FF1F00A9FF1F38B5044600F09EF9FD
:102488000146684601704470210A81706A4603213A
:102498000248FFF775FB002038BD00001B20000034
:1024A80038B5044600F0B0F901466846017044703A
:1024B800210A81706A4603210248FFF761FB002068
:1024C80038BD00001A20000070B50124A407A368D5
:1024D80010252B43A360FFF759FBA068A843A06011
:1024E80070BD0000FFB5064601208007816881B0F5
:1024F8001D46102211438160554F00203860304638
:10250800D730FFF749FB9D20800034468059FF36BD
:10251800CA3401360028306822462CD00121FFF742
:1025280041FB4B4F2078F863641C2046FFF740FBC3
:1025380000BA000AE17800020843B863241D204667
:10254800FFF736FB00BA000AE17800020843786317
:10255800241D2046FFF72CFB00BA000AE178000290
:10256800084338630398029900020843F860039F00
:1025780000243F1D0EE00021D1E72819401CFFF779
:1025880017FB0102285D0143324820180160241D11
:10259800A4B23F1F042FF0DA032F04D0022F08D073
:1025A800012F0CD011E02819FFF702FB0102090ADC
:1025B80006E0291948780A780102114300E0295DEC
:1025C800244820180160241DA4B20021214F02E0F4
:1025D800E0190160241DFF2CFADD1D481E4A4260E7
:1025E8000F220261012202604269002AFCD042697E
:1025F800930701D4520708D401208007826810216C
:102608008A438260002005B0F0BD01600020039A73
:1026180011E0C11909682954401C80B20B0A2B54D7
:10262800401C0B0C80B22B54401C80B2090E29545C
:10263800401C80B2121F002AEBDC3068401C30605E
:1026480001208007826810218A4382600120DAE72E
:102658000000044000010440080F0000FFB50546D3
:1026680001208007816881B01E46102211438160D5
:10267800504F002038602846D730FFF78DFA9D204C
:1026880080002C464059CA3480350028E86F22461D
:102698002BD00021FFF786FA464F2078F863641C98
:1026A8002046FFF785FA00BA000AE17800020843DD
:1026B800B863241D2046FFF77BFA00BA000AE178C8
:1026C800000208437863241D2046FFF771FA00BA18
:1026D800000AE1780002084338630398029900026F
:1026E8000843F8600024039F0EE00121D2E7301967
:1026F800401CFFF75DFA0102305D01432E482018A7
:102708000160241DA4B23F1F042FF0DA032F04D068
:10271800022F08D0012F0FD014E03019FFF748FA24
:102728000102090A09E031194878097800020843CA
:1027380021496118086003E0315D1F4820180160D5
:10274800241DA4B200211C4B02E0E0180160241DE6
:10275800FF2CFADD0F221748120242600F22026195
:10276800012202604269002AFCD00160039A00201D
:10277800121D11E0C11809683154401C80B20C0ABE
:102788003454401C0C0C80B23454401C80B2090EE6
:102798003154401C80B2121F002AEBDCE86F401C49
:1027A800E86701208007826810218A43826005B0AB
:1027B800F0BD0000000004400001044010B5114ABB
:1027C800A1218900126841438C189D21890009596B
:1027D800012901D00C2010BDFFF7F0F90028FAD12B
:1027E800E01DF93002790621012A06D041710D2138
:1027F8002046FFF7E9F9002010BDFF2021300155E0
:102808000221F5E73409FF1F70B50D46134AA121CF
:102818008900126841438C189D21890009590129B2
:1028280001D00C2070BD002D16D0FFF7C7F9002885
:10283800F8D110210B1A2A5C1B19E033401CC0B2D6
:102848009A711028F6D30121F82001550521204658
:10285800FFF7BAF9002070BD122070BD3409FF1FC0
:10286800F8B5FFF7B7F9564908600420FFF7B8F93B
:10287800FFF7BCF90646C00715D05249002008608A
:1028880051480078012811D0032813D0042815D006
:10289800022817D0052819D0FFF7AEF94B4F044688
:1028A80001281AD01EE0FFF7ADF9F8BD3046FFF752
:1028B800AFF90EE03046FFF7B1F90AE03046FFF70E
:1028C800B3F906E03046FFF7B5F902E03046FFF706
:1028D800B7F940B20128E8D04FE0387805280BD086
:1028E800062809D03A483B4D0078022808D0052828
:1028F80006D0022C0ED005E0304602F051FA3CE03A
:10290800022C02D0012C11D014E0A87B002805D09D
:10291800022803D03878052804D00BE0304602F0AE
:1029280057FA15E0304602F047FA11E0012807D0BF
:10293800062809D03046FFF789F9022C08D01CE098
:10294800304602F05DFA18E0304602F04DFA14E025
:102958003878012811D170050FD4687BC10701D0E0
:10296800252004E0800701D5262000E02720297DC6
:10297800814202D93220FFF76FF9154C20780428DC
:1029880004D003280ED0072811D014E0FFF76AF905
:10299800002810D0FFF76CF95820FFF76FF90220D4
:1029A800207008E00C48807CFFF76EF903E00B48C4
:1029B800807BFFF76FF90320FFF712F9F8BD0000DD
:1029C8009C09FF1F9809FF1F9009FF1F1C09FF1F83
:1029D8002309FF1FA60BFF1FBC0BFF1FD40BFF1FF4
:1029E800F8B56E4D0028AB7916D0012B01D0032B1A
:1029F80012D16B490A78FF2A0ED14A78FF2A0BD1E7
:102A08008A78FF2A08D1CA78FF2A05D10A79FF2ACD
:102A180002D14979FF2937D062490A78012A1DD0A5
:102A28000027614C0F702278092A76D00A2A74D0C0
:102A38000B2A72D00C2A70D00D2A6ED0052A6CD0C1
:102A4800062A6AD0A97B00290AD0012908D00329BF
:102A580006D0022904D0042916D101E00C20F8BDC3
:102A6800002B05D0012B03D0022B01D0032B0BD157
:102A7800032901D0022902D16B88202B04D34B4EA5
:102A8800002869D0012801D01220F8BDA8880128A3
:102A980043D0002A17D10B00FFF702F905040810EC
:102AA8000C082400012020701F200AE0022020705A
:102AB800202006E004202070222002E0032020705D
:102AC8002120FFF78DF82078282201280CD0022831
:102AD8000AD0042808D0032806D007280DD00828D3
:102AE8000BD01AE01E20ECE7314807602A75FFF783
:102AF800DDF800281FD0AF800FE02E484068808D99
:102B080080060AD52C480178002906D1A97B03291B
:102B180005D0022903D0002901D02120F8BD0221C7
:102B280001702A750C0321463078FFF7C5F8214655
:102B38003078FFF7C7F80120A880204800780028DF
:102B48002AD01F48012102887D20C0004243C903C2
:102B58003078FFF7BDF81FE0FEF7F4FFAF8020786C
:102B6800072808D0082806D027701648FFF7B6F8B7
:102B78001E20FFF735F810480178002905D00770A6
:102B8800012149033078FFF797F8FEF7EDFF01219F
:102B9800C9033078FFF790F80020F8BDA60BFF1F97
:102BA8006B09FF1F1A09FF1F1C09FF1F1B09FF1FC5
:102BB8004809FF1F2070FF1F2309FF1F2109FF1F5E
:102BC8002C09FF1F00100040F0B585B014468C4654
:102BD80086460AAD87CD0D4E357803976F4607C7F1
:102BE800224661467046FFF77FF83570012C01D008
:102BF800042C08D1064980240978CA0105498B8824
:102C0800A3431A438A8005B0F0BD00001C09FF1FCA
:102C18007809FF1F6C11FF1F10B5FB2908D8084B56
:102C28009A4205D81B2903D3FF2349339A4201D27C
:102C3800302010BD034B19825A82FFF75BF810BD94
:102C4800480800008410FF1F10B5FFF759F8024923
:102C58000020488010BD00002070FF1FC106C90E6B
:102C680001208840014908607047000000E100E049
:102C7800024901480860704740787D011C70FF1FB9
:102C880030B5084CE16A8A0807498A1A8D1AE36A3E
:102C98009B08CB1A934201D39B1A00E0EB1883429E
:102CA800F5D930BD00100040FFFF3F000FB410B54C
:102CB80004A9074B02AA039800F070F9044602A978
:102CC800002000F055FB204610BC08BC04B0184793
:102CD8007933FF1F8307FF22DB0E9A408907090E0D
:102CE8009940002808DB830809489B001B181868CE
:102CF80090430843186070470007000F083883089E
:102D080004489B001B18D86990430843D861704752
:102D180000E400E000ED00E08307FF22DB0E9A40AC
:102D28008907090E9940002808DB830809489B0099
:102D38001B18186890430843186070470007000F75
:102D48000838830804489B001B18D8699043084337
:102D5800D861704700E400E000ED00E000487047EB
:102D68004471FF1F02E008C8121F08C1002AFAD1E7
:102D780070477047002001E001C1121F002AFBD1F3
:102D8800704700000248C069002800D0004770471B
:102D98004003FF1F1CB569460120FEF7B7FF01205D
:102DA80000900348019000F093FD01201CBD000035
:102DB800BB0B0000044629A0FEF7AEFF2DA0616AF8
:102DC800FEF7AAFF2FA0A16AFEF7A6FF31A0E16ACD
:102DD800FEF7A2FF33A0216BFEF79EFF35A06168C6
:102DE800FEF79AFF37A0A168FEF796FF39A0E168C1
:102DF800FEF792FF3BA02169FEF78EFF3DA06169B7
:102E0800FEF78AFF3FA0A169FEF786FF41A0E169AE
:102E1800FEF782FF43A0216AFEF77EFF45A0616BA3
:102E2800FEF77AFF47A02168FEF776FF49A0A16B5D
:102E3800FEF772FF4BA0E16BFEF76EFF4DA0216C11
:102E4800FEF76AFF4F4841684FA0FEF765FF5248FA
:102E58000068002800D08047FEE700005B486172E8
:102E680064206661756C742068616E646C65725D5F
:102E78000A00000052302020203D203078253038CC
:102E8800780A000052312020203D20307825303843
:102E9800780A000052322020203D20307825303832
:102EA800780A000052332020203D20307825303821
:102EB800780A000052342020203D20307825303810
:102EC800780A000052352020203D203078253038FF
:102ED800780A000052362020203D203078253038EE
:102EE800780A000052372020203D203078253038DD
:102EF800780A000052382020203D203078253038CC
:102F0800780A000052392020203D203078253038BA
:102F1800780A000052313020203D203078253038A2
:102F2800780A000052313120203D20307825303891
:102F3800780A000052313220203D20307825303880
:102F4800780A000053502020203D20307825303862
:102F5800780A00004C522020203D20307825303857
:102F6800780A000050432020203D20307825303852
:102F7800780A000050535220203D20307825303800
:102F8800780A000000ED00E049435352203D20300C
:102F980078253038780A0000106DFF1FFFB58FB014
:102FA8000546002606E025280AD0129A119990476E
:102FB8006D1C761C28780028F5D1304613B0F0BD7A
:102FC800002402940121B54A009400E004436D1CDA
:102FD8002B780846203B98401042F7D128782A28B9
:102FE8000ED00222287801463039092916D80299CC
:102FF8000A2359433039401814436D1C0290F1E7F5
:10300800109802C802911090002904DA01204003A8
:10301800044348420290022004436D1C28782E285D
:1030280017D10420044368786D1C2A280CD1109805
:103038006D1C02C8009110900BE000990A225143C0
:10304800303940186D1C009028780146303909291C
:10305800F3D928786C2810D006DC4C281AD06828B8
:103068000ED06A2817D104E0742813D07A2812D118
:1030780010E00120400504430CE00121090501E0AE
:10308800032109050C436978814203D10120000519
:1030980024186D1C6D1C2878692874D006DC00285B
:1030A8008BD0632827D0642806D16CE06E2808D01E
:1030B80073282CD0752878D0129A11999047761CCD
:1030C8005FE06002400F022809D003280DD00428D1
:1030D800109801680DD00E60001D109051E01098F6
:1030E800F21701680E604A60F6E7109801680E80D2
:1030F800F2E70E70F0E710986A4601781173001D28
:1031080010900020507303A80190012005E010984A
:1031180002C8019110900020C04361070CD5002718
:1031280000E07F1C00998F420FDA8742F9DB019992
:10313800C95D0029F5D108E0002700E07F1C87421F
:10314800FCDB0199C95D0029F8D102982146C01B12
:103158000290129B119A00F0B3F88019C61907E083
:10316800019801990078491C0191129A1199904788
:103178007F1EF5D22146129B119A029800F090F812
:1031880086196D1C16E70A200190109901C9109143
:103198006102490F032900D100B2042900D140B2CD
:1031A800002803DA40422D2103E00DE0210504D573
:1031B8002B216A461173012103E0E10711D0202178
:1031C800F7E70CAF0C9114E00A200190109901C99F
:1031D80010916102490F032900D180B2042900D15E
:1031E800C0B20021EDE70199FEF794FC30317F1E53
:1031F80039700028F7D104A8C01B2030019060075F
:1032080004D5012000048443009801E001200090C7
:103218000199884201DD401A00E000204118009021
:103228000C9809180298401A0290E00306D4214627
:10323800129B119A029800F043F8861900200D900D
:1032480008E003A9085C129A119990470D98401C50
:10325800761C0D900C998842F3DBE0030CD52146CF
:10326800129B119A029800F02BF8861904E0129A22
:10327800302011999047761C0099481E009000292B
:10328800F5DC05E03878129A7F1C11999047761C76
:103298000199481E01900029F4DC6BE70928010018
:1032A800F8B5044600251E461746880404D405E0F0
:1032B80039462020B0476D1C641EF9D52846F8BD54
:1032C800FFB50446002581B01E46C80301D5302746
:1032D80000E02027880404D505E038460399B04764
:1032E8006D1C641EF9D5284605B0F0BD10B500F078
:1032F800E3FAFFF74FFD002802D00248804710BDCF
:10330800FEE70000E1A20000F0B585B00546029195
:10331800002927D0154F0024144E803F0023009425
:103328000222194605200194FEF7FCFC306980074B
:10333800FCD420200090411E009101D30846FAE7F2
:1033480038680028FCDA012103A8FEF7F1FC68467A
:10335800007B284007D00520FEF7F0FC0298401EAD
:103368000290DBD1112005B0F0BD000080C80040FC
:103378000A68531C0B6010707047000038B5164D72
:103388000446A98828684904C00B08430090FEF742
:10339800DBFCA968814204D90099FF31FF31023171
:1033A80000910099C00B401800906846FEF7F4FAA7
:1033B800017C0A4A491CA170818A89182170090A6E
:1033C8006170017BE170017A217101796171007886
:1033D800A071002038BD0000A894FF1F6C070000F2
:1033E80070B50446FEF7B0FC06462046FEF762FAC2
:1033F8000446002521460BA0FEF7ACFC620CE9034D
:103408001143E203901B084AA94143C207A0FEF7F3
:10341800A1FC1021044801F005FE0CA0FEF79AFC5F
:1034280070BD000025780000A894FF1F6170705FD0
:103438006461746574696D655F61646A7573745FEE
:10344800626173656C696E653A0A00000A000000E3
:1034580000B58FB003A800F0BBFA03AB07CB02900E
:103468000191009206490898079A411805A0521C34
:10347800069BFEF76FFC03A8FFF7B2FF0FB000BD75
:103488006C070000636865636B5F64656661756CF3
:10349800745F6461746574696D650A54696D65204B
:1034A80069732025642D25642D25642C2025643A14
:1034B80025643A2564000000F3B591B02C2103A8D7
:1034C800FEF74EFC10A880790E90401E079010A8B9
:1034D80080880F490F904018089010A8C679069662
:1034E800047A0594457A0495877A0AA00397FEF72B
:1034F80031FC6846B0C033460BA00E9A0F99FEF710
:1035080029FC03A8FFF76CFF002013B0F0BD0000F2
:1035180094F8FFFF0A6170705F6461746574696D87
:10352800655F7365743A0A0054696D652069732094
:1035380025642D25642D25642C2025643A25643ABC
:1035480025640A0030B585B0FEF7FEFB0F4A916886
:10355800814208D9012513682D0651685B1900249A
:10356800614113605160906003A8FFF707FF684648
:10357800827C417C007C6B4607C36846C37B827BA8
:10358800818903A0FEF7E6FB05B030BDA894FF1FB4
:1035980054696D652069732025642D25642D256483
:1035A8002C2025643A25643A25640A0010B5FEF7F4
:1035B800DDFB0120FEF7E0FBFEF7E4FB002010BD79
:1035C800F8B54D484068C043000603D53C20FEF7D7
:1035D800B5FBF8BDFEF7B8FB474D0746803D2868A8
:1035E8000121890408432860E869444908402830D3
:1035F800E8610320FEF7A2FB686AC603F60B032006
:10360800FEF79CFB686AC403E40B0320FEF796FBF5
:10361800686AC503ED0BA64201D3204600E0304698
:10362800A84200D32846A64201D3314600E02146ED
:10363800A94200D22946324AB218C32A26D2304AB1
:10364800D243944222D92F4B9C421FD295421DD976
:103658009D421BD2081A132818D2274841680C2209
:10366800914341604168FF22120291434160142056
:10367800FEF764FB20488038416AC269C903C90B58
:1036880008239A43C26120480161F8BD26462C46AA
:103698000320FEF753FB18488038406AC503ED0B3A
:1036A800FEF752FBB84201D3C01B01E0C01B401E0D
:1036B80016498842AFD310484168090A0091426808
:1036C800FF2109028A430099491C0906090C0A438B
:1036D800426041680C229143091D41600020FEF7B9
:1036E80057FB0B48009988400A49884200DB084686
:1036F800FEF711FE8FE70000C0F0004000FEFEFF5D
:1037080091FCFFFF320400002070FF1FE40C000052
:10371800E880000060361E00F8B53D4840683C4C23
:103728000006803C8021002806DB60680843606052
:103738000320FEF703FBF8BD364D0020A861206882
:103748000122920410432060334F606880210843AF
:1037580060600320FEF7F2FAA869401CA86160685F
:1037680001210904084360600026E0692B493840BC
:103778004018E0610320FEF7E1FA606AE169C003DE
:10378800C00B08229143E161296906225143814215
:1037980001D3091A00E0411A3C2909D2E269012142
:1037A80009048A43E26162688A4362606861F8BD1D
:1037B800761CF6B2052ED8D3E169012000048143B6
:1037C800E161616881436160A8692E46052807D3D5
:1037D800BFF34F8F13491248C860BFF34F8FFEE7FE
:1037E80060688021884360600320FEF7A7FAE069DB
:1037F80038402830E0610320FEF7A0FA606AC00371
:10380800C00B3061E16908208143E1619DE7000058
:10381800C0F000402070FF1F00FEFEFF28000100DE
:103828000400FA0500ED00E0F8B504460120FEF7B3
:1038380085FAFEF7B3FA1849184A0860966A184BD1
:103848001E60184BDF6A184D2D68AF4202D2DB6A42
:10385800EB1A00E00023154D2B603319D362536A2D
:103868002924E40323435362114A1278002A0FD013
:10387800104A1378022B07D01378012B06D0127840
:10388800032A06D0C01E02E00F3800E0083808609E
:10389800F8BD401FFBE70000E408FF1F00F00040F0
:1038A800340AFF1F00100040180AFF1F1C0AFF1FE0
:1038B8001C09FF1F4A0AFF1F0349002048610349EA
:1038C800086048607047000040F0004040F1004048
:1038D80070B58AB000241E4D0494059428780128F8
:1038E80006D004A90120FEF711FA002802D0002012
:1038F8000AB070BD04980090059801901548816839
:103908000291C0681349039006AA10316846FEF771
:103918003DF9104E10222036314606A8FEF744FA2B
:10392800002811D0012028700B4A31466846FEF75E
:103938002DF904940020694605948200401C8C509F
:103948000428FADB0120D3E7FF202870CFE7000026
:103958002871FF1F00290011B8A9FF1FF7B58AB009
:103968000D46002104916A4605910346CB40DB07CA
:10397800DB0F5354491CC9B20929F6D3002423E0AC
:10398800002204AB68464679007898543146414095
:1039980068464778077087784770C77887700779CF
:1039A800C770067186794671C6798671067A521C87
:1039B800C671D2B20172082AE4D30C9801191846CC
:1039C800FEF7F8F9641CE4B2AC42D9DB0DB0F0BDE7
:1039D800F0B5054687B029A0FEF7BCF92AA0FEF786
:1039E800B9F926A16846FDF7B8FF2AA16846FEF78F
:1039F800E7F9294E0024A00031586846FEF7E6F999
:103A0800002836D0641C0C2CF5DB22A10020FEF720
:103A1800D7F9FDF7B4FFC1B206911EA10020FEF749
:103A2800CFF9FDF7ACFF87B217A16846FDF795FF00
:103A38001AA16846FEF7C4F9FDF7A1FFC6B217A19F
:103A48000020FEF7BDF9FDF79AFFC4B213A10020CC
:103A5800FEF7B6F9FDF793FF6946897DC0B2491EA6
:103A680029610F49791869610699E96051C507B05C
:103A7800F0BD6846641C8475C7E700004170722079
:103A8800323120323032350031353A30313A313046
:103A98000000000020000000B06BFF1F3A0000008B
:103AA80094F8FFFF0648006AC00708D004481030A1
:103AB800C06804480168002901D0052008477047FC
:103AC80040100040146DFF1F0648406BC00708D027
:103AD80004482430C06804480168002901D0062041
:103AE8000847704740100040146DFF1F38B5FEF7B7
:103AF80029F801229207936A08240094002B01D127
:103B0800012090620A480221016000994D1E00952B
:103B1800FBD2032101600094641E0094FCD20021B2
:103B28000160002B00D19162FEF71EF838BD00003D
:103B380000C00040012189070122202804D28B6897
:103B4800824093438B607047402805D24B692038E8
:103B5800824093434B6170476028FCD20B6A40381F
:103B6800824093430B62704701229207012120286B
:103B780004D2936881400B4393607047402805D274
:103B88005369203881400B43536170476028FCD249
:103B9800136A403881400B4313627047012110B506
:103BA80089070122202813D20346153B012B07D889
:103BB8000A68202082430A600A6802430A6010BD2E
:103BC8000B68824093430B6008681043086010BD7F
:103BD800402814D20346353B032B07D8CA68102067
:103BE8008243CA60CA680243CA6010BDCB682038E5
:103BF80082409343CB60C8681043C86010BD6028FA
:103C0800FCD24B6A4224201A824093434B62486A92
:103C18001043486210BD0000F1B584B0FEF794FB74
:103C28000124A4070190A76AFDF78CFF254902200B
:103C3800086060620120A062FDF796FF224D2869A6
:103C48008007FCD420200090411E009101D3084633
:103C5800FAE71D4E803E30680028FCDA1B49012037
:103C6800FFF752FB002817D10498FEF7B5F8C0B249
:103C7800029028698007FCD420200090411E009102
:103C880001D30846FAE730680028FCDA0F49032018
:103C9800FFF73AFB002802D0112005B0F0BDFDF770
:103CA80051FF08490020086003216162A062FDF706
:103CB8005BFF002F01D1FFF719FF0198FEF753FBB7
:103CC8000298EAE700C0004080C80040FFFFFF07F5
:103CD800F7B582B00446FEF737FB00906003112168
:103CE800400B090647188D01AE6A22488168E81220
:103CF800814209D91F20C004044005D01E484462EF
:103D08000168AA1311430160002E09D1FDF71AFFBB
:103D18001A490220086068620120A862FDF724FFA2
:103D2800002003E03A5C03990A54401C0499884235
:103D3800F8D30027002E08D1FDF704FF0F480760CD
:103D480003206862AF62FDF70FFF0A48816801200F
:103D5800C004814208D9002C06D00748476202688F
:103D6800012109048A4302600098FEF7FCFA00204A
:103D780005B0F0BD506DFF1F00C8004000C00040F6
:103D8800F7B584B0FEF7E0FA0190FDF7DBFE244FAB
:103D980002203860440760620120A062FDF7E4FE5B
:103DA800204D28698007FCD420200090411E0091F6
:103DB80001D30846FAE71B4E803E30680028FCDA3B
:103DC80019490120FFF7A0FA002818D104AB07CB46
:103DD800FEF708F8C0B2029028698007FCD42020BA
:103DE8000090411E009101D30846FAE73068002888
:103DF800FCDA0D490120FFF787FA002802D01120CC
:103E080007B0F0BDFDF79EFE002038600321616217
:103E1800A062FDF7A9FE0198FEF7A5FA0298EFE760
:103E280000C0004080C80040FFFFFF07F0B52C4CE1
:103E380089B02078012818D0FEF786FA294D079016
:103E480028698007FCD4202700970098411E00911C
:103E5800FBD2244E803E30680028FCDA224901203B
:103E6800FFF752FA002821D102E0002009B0F0BD86
:103E78000020009003460146019003229F20FDF791
:103E880051FF032102A8FDF753FF28698007FCD4DE
:103E980000970098411E0091FBD230680028FCDA98
:103EA80011490120FFF730FA002801D01120DDE781
:103EB8000798FEF758FA02980C4A0002000A606058
:103EC8006846817A012308461138052802D8184621
:103ED800884001E00120C004A06090612370C4E71D
:103EE800506DFF1F80C80040FFFFFF078008FF1FBD
:103EF80030B58DB0302217496846FDF779FF0024A8
:103F08006D46600041194978285CFDF777FF641C0D
:103F1800E4B2172CF5D310484169C2009143052239
:103F28001204891841614169012252061143416115
:103F380041690322520591430122520589184161C2
:103F4800012000F031F900F045F900F02BF90DB02F
:103F580030BD0000746BFF1F00F00040F7B51C482F
:103F680082B00078002820D06846047A1848401C9F
:103F78000090215C6846857AC689078A012916D08F
:103F8800037BC27A2946204600F050F83A4631466B
:103F9800204600F0B7F86846417A204600F09AF8C3
:103FA80000980121215400F0C9F805B0F0BD3A4647
:103FB8003146204600F0A6F80C2044430548201856
:103FC80041680722120391432A0311434160ECE739
:103FD8003894FF1F00E000400C2148431249401864
:103FE800416849084900416041680122120491432F
:103FF800416041684900490841604168072212034D
:10400800914341604168FF22013291434160416818
:104018001022914341608168090C0904816081681C
:1040280089B281607047000000E00040F8B507469B
:104038001C4615460E461220FFF796FD0C204743F6
:104048001248381841684908490041604168072208
:10405800120391433203114341604168FF22013248
:1040680091432A0211434160416810229143220181
:104078001143416041680122D20711434160002287
:104088001146122000F008F9F8BD000000E00040D9
:1040980070B50F4D00232878012817D0012000247F
:1040A8002870FF26E8180A2144705943D8B24919E4
:1040B80008724E728C72CC720C73CC810C82FFF732
:1040C8008BFF5B1C062BEDDB00F050F870BD000089
:1040D8003894FF1F70B504460D460A30C1B2284611
:1040E800FDF792FE0C200549604340184168012203
:1040F800114341600248055570BD000000E00040D2
:10410800386DFF1F10B5914215D80C2358430A4B40
:10411800C018446801231B049C4344608468090454
:10412800A4B20C4384608168090C090411438160BE
:1041380041681943416010BD00E0004010B5094CCA
:10414800206800280CD1122000F07AF8064802688E
:1041580001210A430260026810231A4302602160A9
:1041680010BD0000346DFF1F00E0004010B50B4C7F
:104178002068012810D1122000F0C4F8084801680E
:10418800490849000160016810229143016000203C
:1041980020601220FFF7CEFC10BD0000346DFF1F19
:1041A80000E000400F2070470449420903D0002076
:1041B800C86006207047C860002070471C6DFF1F4C
:1041C8000348C1691F2252049143C161002070470E
:1041D80000F000400548C1691F2252049143044A77
:1041E800928952041143C1610020704700F00040D9
:1041F8001C6DFF1F10B578210C48FDF7B1FD0C4868
:104208000078012803D0022804D0042804D1FDF73F
:1042180001FE01E0FDF704FE06480078C00702D061
:10422800064905480863002010BD0000C093FF1F21
:104238001C6DFF1F002000401123FF1FC000FF1F3F
:1042480070B50546124812240078012815D00428B4
:1042580013D0FDF777FC0F4800210C224A43825CFB
:10426800002A11D0AA420CD10C2359430122081864
:104278004270FDF7CFFD002406E0FDF7CBFD0020DE
:1042880070BD491C0A29E8DBFDF76EFC204670BDAD
:104298001C6DFF1FC093FF1F30B50D4C00230C256C
:1042A8005D43655D854201D1072030BD002D04D0F6
:1042B8005B1C0A2BF3DB032030BD0C256B431B1959
:1042C800F9D000245C7018709A602046596030BD9F
:1042D800C093FF1F70B5FFF77DFF094D00242046EE
:1042E8000C214843295C002907D040194068002860
:1042F80000D08047641C0A2CF1DB002070BD000050
:10430800C093FF1F70B505461648002400780128A1
:1043180011D004280FD0FDF715FC0021124A0B46D6
:1043280008460C267043165C002E0FD0AE4205D10D
:104338008018437007E0FDF76DFD0DE080184078A8
:10434800002800D0641C491C0A29E9DB002C05D090
:10435800FDF760FDFDF708FC002070BDFDF760FD6E
:10436800F8E700001C6DFF1FC093FF1F70B51948C8
:104378000121890742688A60826801231A434A61D9
:1043880015490A6B0261496B416100210420FEF75F
:10439800C3FC01211420FEF7BFFC01211520FEF704
:1043A800BBFC01211720FEF7B7FC0C4D002420466A
:1043B8000C214843295C002909D04019806800284D
:1043C80000D08047641C0A2CF1DB002070BD12204D
:1043D80070BD00001C6DFF1F80F00040C093FF1FE0
:1043E8001CB51A491F20087019480124047019497E
:1043F800002008701848C16B490949010931C16397
:10440800C16B602291432031C16300F02DF8002177
:104418000420FEF75FFC01211420FEF75BFC01215C
:104428001520FEF757FC01211720FEF753FC052144
:1044380089020A48FDF7FAFC03200346009001228E
:10444800074901940748FDF7F7FC1CBD480AFF1F00
:10445800490AFF1F680AFF1F80F00040547EFF1FB3
:104468005871FF1FD07BFF1F10B5FEF73FFF10BD2F
:1044780070B540251C4C012802D0002811D027E037
:104488006069052140014009C90640186061E0697A
:104498001649084016494018E061E0692843E06180
:1044A80016E000210A20FDF7A9FC00210B20FDF7EA
:1044B800A5FCE069032109020843E061E069A8431B
:1044C800E06160690B2140014009090740186061FB
:1044D80060690121090708436061A0690321490453
:1044E8008843A06170BD000000F000407F00FEFF1F
:1044F80080FD010010B5064AD160906000F086F892
:10450800044A00211320FFF7C7FE002010BD000059
:10451800406DFF1F1546FF1F72B606480168491C0B
:1045280001600549042008600020012189074860CE
:10453800FEE700007808FF1FC0F00040FFB581B01B
:104548000A9F144D7E01A85D002802D0112005B0F5
:10455800F0BD6846407B002801D00520F7E77419B4
:1045680020212046FDF7FCFB01A80FC810340FC41A
:10457800384602F09FF80120A855002F06D0064AB9
:1045880000211920FFF788FE0020E0E70021034AF8
:104598000820F7E75492FF1F1F68FF1F1568FF1FC9
:1045A80010B5064C43011B199B7E002B02D001F06D
:1045B800E3FF10BD01F0AAFF10BD00005492FF1FD9
:1045C80038B50F4A012800D10E4A00240E4B00943A
:1045D80004E00098451C009598420ADC107D80068E
:1045E800F7D51170009406E00098411C009198429C
:1045F80001DD0D2038BD107D4006F5D5002038BD01
:10460800004000400090004010270000F8B5002549
:1046180018480095426800782B460121FDF712FCE6
:104628001649154888630120154980040860BFF3BE
:104638004F8FBFF36F8F13480168FF2212040226C1
:104648009143B20511430160642000904120FFF7B7
:104658008BFA4020FFF788FA740766620098411EBB
:104668000091FBD203206062FFF740FAA562FFF7D2
:10467800DDFBF8BD486DFF1F050001FF00C80040C5
:1046880080E100E010E400E0022803D8FF220132B4
:10469800914201D906207047024A40001152002079
:1046A80070470000646DFF1FF8B5002808D0002986
:1046B80006D0144A0546506011800C4600260BE0CF
:1046C8000620F8BDAF5D00213846FDF7C1FB022189
:1046D8003846FDF793FB761CA642F3DB0949002018
:1046E800083108804880888001460C220648FDF77A
:1046F800B5FB0548FF2181806421C18000F006F8E0
:104708000020F8BD5C6DFF1F7C94FF1F70B5FFF79C
:10471800BFFC00200C4BFF240246651C0A214143C4
:104728005854C9184C708A70CA700A71CA80401CE3
:104738000D810328F2D30548406801785970417803
:10474800D9728078587570BD8894FF1F5C6DFF1F03
:104758000EB5124812490288CA8042880A828088A7
:1047680048830A226846FDF77FFB6B4607CBFFF7B5
:10477800F5FB0B490A220A316846FDF775FB6B46C3
:1047880007CBFFF7EBFB06490A2214316846FDF711
:104798006BFB6B4607CBFFF7E1FB0EBD646DFF1F9C
:1047A8008894FF1F70B50D4E7068FF300130056AA0
:1047B800FDF7C8F900F094FC71680024FF3101315D
:1047C800496A4919814204D205490968002900D17A
:1047D800441BFDF7C9F9204670BD00002070FF1F7B
:1047E8009809FF1F70B50D460446282910D1A4204A
:1047F800005BE188401A0B4980B2884208D3214601
:104808006A3105220E46481FFDF7CEFA002804D06B
:1048180029462046FDF72EFB70BD31462046FDF7A0
:104828002FFB70BDFF7F000010B5002901D0FDF7F8
:104838002DFB10BD70B50024FDF784F90D484068C4
:10484800FF30193060C800F04BFCA919814203D22F
:104858000948006800280AD0084904200870084858
:104868008169491C8161FDF77FF9204670BD0124EB
:10487800F9E700002070FF1F9809FF1F2309FF1F99
:10488800FC0FFF1F10B5FDF707FB0649A122897829
:1048980092005143044A12688918044A498C51808D
:1048A80010BD0000300DFF1F3409FF1F2070FF1FCF
:1048B80070B51F48012201781E4D002915D01E48E9
:1048C800A1218078890048431C491D4C0968227041
:1048D8004618207800F086FDA87B00281AD0032807
:1048E8001BD002281CD0002070BDA97B002904D051
:1048F800032904D0022904D005E0027003E0042152
:1049080000E003210170FDF7D1F90E49002008707D
:10491800012070BDFDF7C6FA04E0FDF7C9FA01E011
:10492800FDF7CCFAFF36FF360236317B217070BDB9
:104938001C09FF1FA60BFF1F300DFF1F3409FF1FA7
:10494800490AFF1F2309FF1F70B5264D264E286808
:10495800002804D0FDF7B8FA2978C84004E0FDF72C
:10496800B3FA3168FDF7D6F804462868002804D061
:10497800FDF7B0FA2978C84004E0FDF7ABFA3168D2
:10498800FDF7C8F81949A122897892005143184ABD
:10499800184B126889180D78174A002D17D0FF3167
:1049A800FF3102314C6C1548641C4C6400689968EE
:1049B800884201D3401A02E0114B591A0818D2381C
:1049C8001060012C02D1FF30F530106070BDFF314E
:1049D800FF31002502314D645968201AC968401812
:1049E800F3E700001C08FF1F1808FF1F300DFF1F0A
:1049F8003409FF1F2070FF1FA009FF1F9C09FF1F1C
:104A0800FFFF3F00F3B506466548A121807889007D
:104A18004843644983B00968A12244182046FF30FE
:104A280021305F4900908978920051435D4A407D6A
:104A3800126800258F18FF37813732281DD02228A9
:104A48001BD0F86A0168002909D08188001D090A6D
:104A5800891CFDF745FAF96A002001250860FDF771
:104A680045FA04992746FF370880C137387C002863
:104A780021D0B0421FDC002014E04B49012008601F
:104A88000020F96A01250860E9E780000019FF3075
:104A98008130006B8188001D090A891CFDF720FA06
:104AA8000198401C0190397C8142EEDCC8B2361A6C
:104AB8004519002038743D490020C870FF20AD30EA
:104AC80000590168002903D00079C04380071ED02F
:104AD8000098C07D00281AD00098807D002816D143
:104AE800387CB04213DAFF204930005B010A2046C7
:104AF800FF304930891CFDF7F3F900990020C8758B
:104B080000980121817529486D1CC170761E387C7A
:104B1800002802D0284605B0F0BD2046FDF7ECF984
:104B28000090002821DD002E1FDD002718E0204618
:104B3800FDF7E8F980000019FF300130C06E818868
:104B4800001D090A891CFDF7CBF92046FDF7E0F99D
:104B5800E01DFF30FA30016A6D1C491C7F1C0162A0
:104B68000098874201DAB742E1DB0920800120186A
:104B7800817E002911D0017D00290ED0428E002AA5
:104B88000BD0817F914202D2491C817705E0002138
:104B980081771A212046FDF717F8A8B2BBE7000075
:104BA800300DFF1F3409FF1F00140340E010FF1FE2
:104BB800F8B550480068012803D14F48816D491C59
:104BC8008165FDF707F84D4C4D49A0604D4841619E
:104BD8000125C56005602078002806D006224A49CC
:104BE8004A48FDF79BF9002020704949486B494A1B
:104BF800C0B21278002A17D1474A0023D356002B97
:104C0800464BD35606DB1B040026965732029A18E9
:104C1800121808E0FF331B040026965732029A1830
:104C28003F4B1218D2184A63022801D2022002E030
:104C3800502800D950203B4A1278022A11D03A4A0B
:104C480016783A4B1F78BE420FD916781B78F31A9C
:104C5800801E4010434310784001C01A10304011A4
:104C680004E0334A1678334BECE710784A69120AA5
:104C7800120210434861FCF7BFFF0646052801D021
:104C8800042E1ED12C480078002806D02B48007826
:104C9800002802D00020FDF747F92948A121807893
:104CA80089004843274909684018FF30FF3002301F
:104CB800007B042801D0032803D1FF205F30FCF7D4
:104CC800DDFF022E0ED120480078012807D00328E6
:104CD80005D0022803D01D480078022802D16C2094
:104CE800FCF7CCFF1A48C582094840380068E060E4
:104CF800F8BD00009809FF1FFC0FFF1F2070FF1F61
:104D0800FF3F000000100340D50BFF1F7211FF1F6B
:104D1800800003408C09FF1F680AFF1F0000000085
:104D2800FFFE0000490AFF1F440AFF1F450AFF1F34
:104D3800460AFF1F470AFF1FF908FF1F2209FF1F26
:104D4800300DFF1F3409FF1F1C09FF1F2309FF1F18
:104D5800BC0BFF1F0A48094901600B49094A4A630D
:104D68000A4A0A630A4A82600A4A8A63064A0A4960
:104D7800803251610949C16270470000D12BFF1F81
:104D88004000FF1FAD47FF1FC001FF1F3D48FF1F29
:104D9800E929FF1FB948FF1F214EFF1F8D48FF1F3C
:104DA80010B504490968002901D0884710BDFCF7EF
:104DB8004DFF10BD8002FF1F10B504498968002906
:104DC80001D0884710BDFCF741FF10BD8002FF1FCE
:104DD80010B504494968002901D0884710BDFCF77F
:104DE80035FF10BD8002FF1F10B50449096900296D
:104DF80001D0884710BDFCF729FF10BD8002FF1FB6
:104E080010B50449C968002901D0884710BDFCF7CE
:104E18001DFF10BD8002FF1F10B50D49A122897822
:104E2800920051430B4A126889182422535C0A4A9B
:104E38005288934209D2D21A084BC9695A4351433E
:104E4800421C02D0C82800D04018FDF773F810BDE6
:104E5800300DFF1F3409FF1F2070FF1F7102000073
:104E68007CB5042001F06AFE274D04202870274CE9
:104E780001202070FDF764F8FDF768F8FFF76AFF76
:104E8800FFF7AEFAFFF734F82878FDF765F82078D1
:104E9800FFF7EEFAFFF7AEF91D4903C9FFF72AFB42
:104EA800FDF760F8FDF764F80D20FDF767F80028B6
:104EB80001D000F0EBFA174917A0FCF74BFF1C498B
:104EC80009781C480078019100902B7822781A48BC
:104ED80001781AA0FCF73EFF244C0821224624A0A2
:104EE800FCF738FF0523A1229B02920021462C489B
:104EF800FCF730FF2B4801682BA0FCF72BFFFEF7CF
:104F080055FB00207CBD00004A0AFF1F0C6DFF1FE7
:104F18006C6BFF1F0101030053444B2056657273ED
:104F2800696F6E2049442025303878200A00000037
:104F3800450AFF1F440AFF1F4B0AFF1F7266436C96
:104F48006B202564207263436C6B20256420737981
:104F580073436C6B2025642074704361705B25304B
:104F6800327820253032785D0A000000780A000087
:104F780073697A656F6628737472756374206C6CD4
:104F88005F706B745F6465736329203D2025642C12
:104F9800206275662073697A65203D2025640A00C1
:104FA800246CFF1F800AFF1F5B5245535420434166
:104FB8005553455D2025640A2000000070B5002483
:104FC8001420FCF7E1FF1649142208600021FCF7C1
:104FD80045FF20460124FCF7DDFF02252046FCF7AB
:104FE800DFFF2846FCF7E2FF03200425FCF7E4FF77
:104FF80005242846FCF7E6FF06252046FCF7E8FFCF
:1050080007242846FCF7EAFF08252046FCF7ECFFB2
:1050180009242846FCF7EEFF2046FCF7F1FF70BD97
:10502800586FFF1F70B5002405464E1E07E007A005
:10503800FCF790FE07A0FCF78DFE641CA4B2295D66
:10504800B442F4DB04A0FCF785FE70BD253032586D
:105058000000000020000000253032580A0000003F
:10506800F8B51E484168090601D50020F8BD416819
:10507800802211434160194D0A260027803DE869C6
:1050880040084000E8610620FCF758FE134CC03C7D
:10509800A06980210843A061E86901210843E8610B
:1050A80002E00820FCF74AFEA86A800504D43046CE
:1050B800761EF6B20028F4D1002E07D0286A7E2189
:1050C800C70BA0690F4088433843A061A1698020BD
:1050D8008143A1613806400EF8BD0000C0F00040D1
:1050E80010B5FCF777FD07484068062807D306493E
:1050F800096801221205114201D1800810BD002063
:1051080010BD00000010004000E200E010B501F002
:1051180049F9044A0121582001F054F8FFF7A0FF8B
:1051280010BD0000600AFF1F30B538480168012231
:105138009204114301604168032212069143344AE4
:1051480013781B06194341604368032189058B4383
:1051580030490C78A4052343436043686024234303
:1051680043601378022B08D01378012B05D00B78F5
:10517800022B02D00B78012B04D14368FF240134A1
:10518800234343601278032A02D00A78032A03D102
:10519800426880231A434260426803239B041A43EF
:1051A80042600B780122D2051B48002B03D11B4B10
:1051B8001B78032B19D0C3689343C360164A184B56
:1051C8004032D360FF2581351561164C5461164B6A
:1051D8009361114B80335D609C60144CDC60144B10
:1051E80003600978002903D006E0C3681343E4E7A5
:1051F80001680123194301600E4909780E4BC9065D
:10520800C90BC91881630D48D06130BD40F000401A
:105218004C0AFF1F4B0AFF1F800003404A0AFF1F6A
:10522800C00B00207A3E6A070000890400808904C8
:10523800CC240000480AFF1F250800002FFCA60107
:10524800F8B505004A484B4B4B4C4C4A4C4934D0B6
:10525800022D32D086155710066286699E43B31810
:1052680083612078002833D00F6146480863464898
:1052780000780122120380184861414E404C434B8C
:10528800803E403C002D27D06521414AC902414853
:10529800012D2ED0022D31D0032D5AD0042D58D0F7
:1052A8003D49691831603D49A1602360E0600221F1
:1052B8000846FCF7ABFE3A482BE080260662866972
:1052C8009E430123DB04F61886612078002801D06C
:1052D8000A61CAE70B61C8E7324830600020A06065
:1052E80023603148E06003210846FCF78FFE2F4811
:1052F8000FE02F4B3360A2602160D7E72C4B5B1C7B
:105308003360A2602160E06002210846FCF77EFE5F
:1053180028482061F068FF210843F0602648606152
:105328002648A0612648E061264820622648606237
:105338002648A0622648E062264820632648606323
:10534800E020012D0DD02168022D0ED0814321606F
:10535800F8BD224BEB183360214B73602160A260CB
:10536800A4E7216881432031F1E781434031EEE72A
:10537800C000034000001C004B0AFF1F000004008F
:105388008000034003000001440AFF1F00280B00AF
:1053980055555537D6BE898E00800642555555005D
:1053A800805508220080067807EE75368066082248
:1053B8000180063D80450822A49C5C544C4443422D
:1053C80041524C46403A342E28007F554F49433DC0
:1053D80037312B4C46403A342E28221C0080069840
:1053E800545A9850F0B5224B214D21498026204A25
:1053F8000727BF04403BC03DE024803902281662DD
:10540800966914D0BE430127BF04F6199661194A5C
:105418001278002A1ED07A101A6101281ED0164A66
:1054280080182860154808610868A04314E0012026
:10543800BE43C004361896610E4A1278002A00D07E
:10544800401018610E4828600E4808610868A0439B
:10545800403001E01F61E0E70860F0BD0848401EE9
:105468002860094808610868A0432030F4E7000074
:10547800C00003404B0AFF1F008006988055082291
:105488000280063D804508228066082286B0FCF727
:1054980069FD9CA0FCF75EFCA249A148C862A2A0D5
:1054A800FCF758FCA7A0FCF755FCADA0FCF752FC94
:1054B800B2A0FCF74FFC0120B749C0020860B7480A
:1054C8004168012211434160B549B648FCF7A4FD83
:1054D8000120B149800580310860B34E0025756010
:1054E800B24FB34C70680228FCD3B248B249027874
:1054F8000A7040784870756000F0BCF9387800F0A0
:10550800A3FB00F017FC258000200090EBE0387822
:10551800022806D0387808284AD038788A28F5D161
:1055280046E0502208216420FCF77CFDFCF752FB82
:10553800A24909688842A14902D30968401A03E0D0
:105548000A689749891A08180490FCF74FFBC007A6
:105558000CD09B480078002808D10098002805D175
:10556800FCF750FB012000909648C56196490498C5
:1055780009888842CAD392480078002804D0FCF7EA
:1055880057FDFCF75BFD03E0FCF758FD0020009099
:105598008A4802688C490988511801600268804964
:1055A8008A4204D901687E4A5242891801609AE009
:1055B8003078000705D58548016949094901103146
:1055C8000161834881693F22520211438161FCF7DE
:1055D8000DFBC0077ED0FCF709FB400508D52088E5
:1055E800401C208002AA03A901A800F07BFD16E058
:1055F800FCF7FCFA800701D5764804E0FCF7F6FAD8
:10560800400704D574480188491C018007E02088B8
:105618007249884201D1002000E020882080387833
:105628008A2836D1FCF7D6FA644909688842634962
:1056380002D30968401A03E00A685949891A081808
:1056480067490968884224D90A2000F0FDFAFF203A
:10565800F530FDF715FB822000F0F6FAFF20F53053
:10566800FDF70EFB862000F0EFFAFF20F530FDF77E
:1056780007FB882000F0E8FAFF20F530FDF700FB73
:1056880025805448058054480580FCF7A3FA4B4907
:105698000860FCF7B7FAFCF7D1FC2088002822D074
:1056A8002088012824D04F48007869460979401895
:1056B80040084C490870208801281CD04A480088B6
:1056C8006946898940184008474908802088012888
:1056D80014D000E007E0454800786946097A401888
:1056E8004008424908707068022800D3FAE60EE7BD
:1056F80068460079DDE768468089E5E76846007A0C
:10570800EFE700000A3D3D3D52465F5048595F446F
:10571800544D2056312E312E323D3D3D0A000000B9
:105728003124FF1F8003FF1F3D3D3D20535550503E
:105738004F525420424C4520314D20203D3D3D0ADA
:10574800000000003D3D3D20535550504F5254201D
:10575800424C4520324D20203D3D3D0A00000000CE
:105768003D3D3D20535550504F525420424C5220FD
:105778003530304B3D3D3D0A000000003D3D3D20A9
:10578800535550504F525420424C52203132354BD1
:105798003D3D3D0A0000000000E100E000400040FF
:1057A800FFFF3F00281000404470FF1F4D0AFF1FF5
:1057B800560AFF1F00A9FF1F690AFF1F640AFF1F7F
:1057C800490AFF1F40100340540AFF1F40000340CE
:1057D80000F00040580AFF1F5A0AFF1FFFFF000091
:1057E800740AFF1F520AFF1F5E0AFF1F530AFF1F9A
:1057F80010B51C4CC0B02078694648701A48027829
:105808000A7002780021012A06D00278022A05D0FF
:105818000278032A04D007E00F2105E0552103E0B0
:10582800FF2104226B461A7000786A46002801D0CE
:10583800002009E021780D48921CFEF78FF806E059
:105848001318401C9970C0B223789842F8D30320EB
:1058580007490004086021786846891CFCF740FB6A
:1058680040B010BD4E0AFF1F500AFF1FFF01000085
:1058780040000340F8B5E14B1878E14D80092870E5
:105888002878E0490424E04E00281BD02878032813
:1058980018D02878012802D02878022857D11878FB
:1058A8008206DA48920E02705878D94A8008107039
:1058B80058788207D748920F0270D74A1288032A6D
:1058C8006FD094E11878D54A8006800E1070587809
:1058D8008708D34807702D78002D03D01378002B44
:1058E80070D04CE11578002D02D10578002D07D035
:1058F8001578012D06D017780125022F09D00BE065
:10590800002037E10C220A700078C6498007800F12
:1059180030E10778012F03D01778022F02D004E076
:10592800102029E00778022F03D01778022F04D01F
:1059380006E012200870022014E00778032F03D035
:105948001778022F04D006E0162008703470F8BDCE
:105958000778042F03D01778022F05D007E014200A
:10596800087003203070F8BD0778202F03D0167810
:10597800032E04D006E0182008703570F8BD0678AC
:10598800002E03D01678032E02D004E02020F1E088
:105998000678012E03D01678042E03D005E02220C5
:1059A800E8E01DE10678002E03D01678052E02D017
:1059B80004E02420DEE00678002E04D01678052EB8
:1059C80003D005E0D8E02620D4E00678012E03D0E5
:1059D8001678052E02D004E02820CBE00678022EA7
:1059E80003D01678052E02D004E02A20C2E00678FB
:1059F800032E26D01678342E25D01678352E41D091
:105A08001778894E362F4FD01778372F53D01778FD
:105A1800382F59D01778392F5FD01678834B3A2E04
:105A280065D016783B2E6DD015783C2D7DD0157835
:105A38003D2D7BD013783E2B79D012783F2A77D032
:105A4800CAE02C2096E00078C507ED0F00240BE093
:105A5800022C12D0032C10D0052C09D0062C07D00C
:105A68000A2C05D00B2C03D029462046FCF7ECFA6B
:105A7800641CE4B2172CEBD3F8BD29462046FCF78A
:105A8800E9FAF1E7017800784D09C406E40E022C22
:105A980001D0032C03D129462046FCF7DBFA29461E
:105AA8002046FCF7D1FAF8BD7220087030685978A2
:105AB800000A000218E0742008703068FF2109020B
:105AC8008843597809020FE0762008703068FF2172
:105AD800090488435978090406E07820087030687A
:105AE80059780002000A090608433060F8BD7A2296
:105AF8000A701978C907F9D000780A388100401867
:105B08004B4937E07C220A7002784A49002A10D0B3
:105B180000220A700078410047480170007801218E
:105B28000903401845494861F8BD04E012E019E04E
:105B38001AE00D70F8E77E220A7019784907F3D544
:105B48003F49CA6B007852095201C006C00E024391
:105B5800CA63E9E780220A7019788907E4D50078D2
:105B6800384907E00C7001E006220A7001782748DE
:105B78000170D9E70870D7E70378002B03D01378B2
:105B88003F2B02D004E00A20F4E70378002B03D06F
:105B980013783F2B02D004E08220EBE70378012B37
:105BA80003D013783F2B02D004E08420E2E7037887
:105BB800022B03D013783F2B02D004E08620D9E7CC
:105BC8000378032B03D012783F2A02D004E0882000
:105BD800D0E70078042801D0FE20CBE78A20C9E767
:105BE8003278042A02D03278032A00D10470287847
:105BF800012801D00220BDE70820BBE7690AFF1F82
:105C08006D0AFF1F4D0AFF1F490AFF1F6E0AFF1F7B
:105C18004E0AFF1F500AFF1F560AFF1F6F0AFF1F79
:105C2800700AFF1F4F0AFF1F780AFF1F4470FF1FEB
:105C3800680AFF1F730AFF1F440AFF1F8000034002
:105C480080F00040510AFF1FF8B5304C0021217048
:105C580061702F4B2F4D304AFE281BD080260A2812
:105C68001CD082281ED0842821D0862823D08828BA
:105C780026D0242828D0362626283FD0A9273F0119
:105C880028283FD02A2839D02C283BD019702970D1
:105C9800224813E019700120287019E01E7029703D
:105CA8001F4802E01E7029701E4800880FE01E7011
:105CB80029701D4802E01E7029701C48007806E013
:105CC8001E7029701A48F9E7197029700C20108085
:105CD800207811881B78090A1943084320706178D5
:105CE80010882A7810430143617021780020FEF75C
:105CF80067FC61780020FEF763FCF8BD1970297015
:105D08001680E5E7197029701780E1E76B0AFF1F15
:105D1800710AFF1F720AFF1F5C0AFF1F4D0AFF1F4F
:105D2800560AFF1F5E0AFF1F440AFF1F520AFF1F81
:105D3800530AFF1FF8B5AB480078AB4D80012978AE
:105D48008906890E08432870A8480178A84C49009C
:105D5800891CCEB2217801291FD02178022920D0B0
:105D68002178032921D02178042923D029780078A3
:105D78004A0181004018401DC6B2C0329D489D4965
:105D8800F8301018FBF7C0FE9A4948439A49088032
:105D98009A4800788A2813D01DE02878C20050322B
:105DA800ECE7287882002C32E8E728780201FF32F5
:105DB800CF32E3E728782D21800109014218DDE779
:105DC8008D4800887D21C90048438D490860FBF74C
:105DD80001FF8C49086003218B48090401608A4F40
:105DE8000E2040373862B81578620020386287493B
:105DF800F96082490A78002A35D0084600780228D6
:105E080051D00846017804294DD0017806294AD096
:105E18000178082902D000788A2843D1FFF784F94D
:105E28007B4A0121022000F0CDF900F073F92078B7
:105E3800FCF716F9704802887649643A4A62008885
:105E48006438886274487549320770D0C2698A43D9
:105E5800C26173480021415600297249415667DBE7
:105E68000804801999E070490880704908805D49E4
:105E780008702870604908806D490A786D490A7071
:105E88006D4908806D4908706D49087001212170BD
:105E98006C4908706C484169C2009143052212049C
:105EA80089184161F8BD69480078002805D0FFF7D6
:105EB8003BF90421304600F015FA00F02BF95D4853
:105EC800007800F045F92078FCF7CAF8544800211A
:105ED800415600295349415602DB0802801903E064
:105EE80008025B498019401878632078594A0028CD
:105EF80006D045485849816058490968C160026020
:105F080000214148C94341603C4D297806290BD0FE
:105F1800FF2141317962297802290AD021780029A4
:105F280014D04C49203116E0FF210131F2E728E076
:105F38002FE02078002804D0FCF77AF8FFF758FC07
:105F48000AE0FCF775F800F091F805E044490160B3
:105F58002D484449403801600020FCF787F8FCF7D9
:105F68008BF8FBF74FFE2878022807D12078FCF73A
:105F780065F8FBF72FFE23490860F8BDFCF75EF8CB
:105F8800F8BD7E63C2698A43032109025118C161C1
:105F980004E0080434498019401878632078002800
:105FA80008D000211848C94341602B4981602B491A
:105FB8000968C1602878C01CFF2801D9FF2006E0C5
:105FC8002878282801D2282001E02878C01C0E490A
:105FD8004039C8600020FCF749F8FCF753F8FBF794
:105FE80011FECBE74F0AFF1F4E0AFF1F6E0AFF1F65
:105FF800490AFF1F71020000540AFF1F4D0AFF1FC4
:10600800740AFF1F640AFF1F40000340404010004D
:10601800600AFF1F0010034000010340000F00004A
:10602800680AFF1F00000000560AFF1F5C0AFF1FD6
:10603800480AFF1F510AFF1F5E0AFF1F520AFF1F6F
:10604800530AFF1F500AFF1F00F00040730AFF1F8A
:10605800FFFE00001000030055555500780AFF1F89
:1060680033000B0002800678FFFFFE0030B5A5B0B4
:106078000020009001900290039018A00068184D2D
:106088000490297800206A46117505AC612208E061
:10609800215CCB0149080B4353402118401C4B702D
:1060A800C0B22978491E8842F2DB297804AB6A46D7
:1060B800601C891EFBF7ECFF6846017C28782018D5
:1060C8002038C1776846407C29786054297805A82B
:1060D800491CFBF705FF25B030BD0000FFFF00009D
:1060E8004E0AFF1F70B50A4B5C6A9D6AA30501261C
:1060F8009B0D7602B34201D99B1B02E0FF33FF33AD
:1061080002330B80290E0170200E107070BD000044
:10611800C000034010B50A49002008700949022050
:106128000870FFF701F80848007800F011F8074CEC
:106138002078FFF785F82078FBF7B0FF10BD000046
:106148004B0AFF1F4C0AFF1F480AFF1F490AFF1F7F
:10615800F0B51A4A03230725D60019499B02602483
:10616800ED0157693F281AD0B74305263604BE19F2
:106178005661CA689A43CB14D218CA60CA69A24346
:106188002032CA61CA69AA43CA610D4940398A6B7B
:10619800C0061205120DC00B02438A63F0BDB74357
:1061A8000126B604BE195661CA689A43CA60CA690C
:1061B800A243CA61CA69AA438032E5E700F00040F9
:1061C800C0000340F8B53A4B5D6A9C6A00265E62DF
:1061D8009E62384B58630E2018629E155E624020FE
:1061E80098625020D862FF202B30586231484030E6
:1061F800012915D0802101622F49FF232D48A5339D
:10620800403083602D4B43602A4B2D48403B18613A
:106218007D20C0000090471E009705D33846FAE756
:10622800066225498331E8E7264889050F18214881
:1062380040388763234B5B1CC91881632248009050
:10624800224800780300FBF72BFD05040408060D1F
:1062580008001F4800E01F4800901F4810601548BC
:10626800403005E01D48F7E7C16AC943890F14D0DB
:1062780000994B1E0093F7D20E4940398F630D49A0
:1062880000228A62CA6282604E620A62FF2041303E
:106298004862074845628462F8BDC16A104B1940DC
:1062A800116011680122090C120489184160E3E7A2
:1062B8000010034080000340CA02000020200000B4
:1062C80080560C2064652100102700004A0AFF1F31
:1062D800204E00003075000000002020409C000087
:1062E800FFFF3F3FFCB50D46074600206946087092
:1062F80088802A490A780124294EAC40012A0BD00B
:106308000A78032A08D00A78042A05D009780229CD
:10631800694625D0087036E0694608700CE000210F
:10632800384600F065F801466846808809186846CE
:1063380081800178491C0170684600788442EEDC4F
:1063480068468088E840083025E00121384600F09A
:106358004FF8694689884018694688800878401C43
:10636800087008788442F0DC084611E001213846BC
:1063780000F03EF801466846808809186846818022
:106388000178491C0170684600788442EEDC684652
:106398008088E840001D3070FCBD0000490AFF1FDE
:1063A800440AFF1F00B50021022000F021F80C4923
:1063B800801C08700021422000F01AF80949801C4E
:1063C80008700121022000F013F80749801C0870AA
:1063D8000121422000F00CF80449801C087000BD1F
:1063E800440AFF1F450AFF1F460AFF1F470AFF1FEF
:1063F800F8B53B4C394A2260394D394A07239B048A
:10640800803540320129A9690ED0994301239B04A4
:10641800C918A9613349D16033490B780121C905ED
:10642800324E002B07D009E099430123DB04C91839
:10643800A9612F49EFE73378032B14D0D3688B4336
:10644800D36050630E20106200275762FF2015307A
:1064580050622848009030780300FBF721FC0507BC
:10646800070D090B0D00D3680B43E9E7224802E04A
:10647800224800E0224800900098431E0093FBD277
:10648800686B57620002000E17621E4BD360FF2331
:10649800413353626523DB0223601B4D2F78E023D1
:1064A800012F0AD02D78022D25680AD09D4325603A
:1064B8000D4B1B78002B07D009E025689D4320353C
:1064C800F5E79D434035F2E73378032B03D0D368D3
:1064D8008B43D360F8BDD3680B43FAE71000030081
:1064E800400003407F4073004B0AFF1F4A0AFF1F0A
:1064F8007F40530010270000204E00003075000038
:10650800409C000040401000490AFF1F78B5174B17
:10651800012800D1164B00241648009404E0009D81
:106528006E1C009685421ADCDD6FED07F7D10AE094
:10653800009D6E1C0096854211DC1D7DAD06F7D5C9
:106548000D781D70491C1546521E92B2002D0094FC
:10655800F3D106E000994A1C0092814201DD0D202A
:1065680078BD197D4906F5D5002078BD004000406A
:1065780000900040A0860100F7B507462A4940016F
:1065880044182A4E241D1546002A10D001980028C8
:106598000DD02178002908D0E088A84205D3012928
:1065A80016D0A1884919814203D90320FEBD0620CF
:1065B800FEBDFBF7C7FAA188A0682A4640180199D2
:1065C800FBF752FCA0884019A080FBF7CDFA27E022
:1065D800A0680199FBF748FCA58000206080022094
:1065E8002070A168102D00D91025012F00D1104E60
:1065F800726802208243726004E06088421C6280F4
:10660800085C307028466D1EADB20028F5D1002F09
:1066180008D01920FDF714FE706802210843706045
:106628000020FEBD0820F5E75492FF1F00400040FF
:1066380000900040F8B5064608270B20184C012E9C
:1066480002D11927174C11200121814016480160F9
:10665800BFF34F8FBFF36F8F144871010D18287C5B
:106668000021FBF721FD687C0021FBF71DFD802040
:1066780020730025257125702573257265603846BD
:10668800FDF78CFA3846FDF755FA002E03D0084876
:1066980045600020F8BD06484038C562F9E70000AB
:1066A800004000400090004080E100E05492FF1F4D
:1066B800C003FF1FF0B587B00746FBF7FBFC069049
:1066C800082001900420009005200390464C0B26DA
:1066D8003846FFF7AFFF012F07D119200190082096
:1066E80011260090414C09200390414879010D186A
:1066F800287CFF2802D1687CFF282CD0103501980F
:10670800FDF732FA0198FDF749FA28780221FBF7DC
:1067180075FB68780221FBF771FB28780099FBF775
:1067280073FB68780399FBF76FFB002020730698CA
:10673800696800114A088018FBF7ECF90146002047
:106748002061802020730A0A22712170E97A0029C9
:1067580004D01B2103E0062007B0F0BD03212173FC
:10676800297A002900D087212172012161602A7AC3
:10677800002A02D0626802436260AA7A002A03D023
:10678800626802231A436260002F12D01A4B194A1A
:106798005A60FF22002E11DBB408184BA400E4183D
:1067A8002368B507ED0EAA409343A840034323602E
:1067B80013E0114B124A403BDA62EAE733071B0F3A
:1067C800083B9C080F4BA400E418E369B507ED0EDD
:1067D800AA409343A8400343E361002E02DB0A4822
:1067E800B14001600020B7E7004000400090004041
:1067F8005492FF1FE521FF1FC003FF1F00E400E0C4
:106808001922FF1F00ED00E000E100E010B50020B4
:10681800FFF750FF10BD10B50120FFF74BFF10BD6B
:10682800F8B5614C60688030806880F30888FBF7B1
:1068380087FB5E485E4900680225884206D0002032
:10684800FBF7A6FA68070169A943016100F0D6F8C9
:1068580058480078FBF722FC574E0020F061F5619C
:10686800564D75610120FBF769FA0320F061FBF7CB
:106878006BFA0746FBF7AEF90646FBF765FA50498F
:106888000860FFF747FC4F480068874201D9381A6B
:1068980001E0381A401E4C49884200D90840616816
:1068A8008A8DD20709D0494A030C126880B2534333
:1068B80050431B02000A18180BE0C2018300D21AC9
:1068C8004300D21AC3001818921C80309208400A5C
:1068D80010182062FF313E480131496800680918E4
:1068E8003C480068081A41198B083B488A073B490D
:1068F80003600D68920F52190A60042A04D95B1CC0
:106908009207920F03600A60216A354FC81839460A
:10691800FBF700F902463348334D0368D318036088
:106928002A688A182A60BA4206D95B1C036039466D
:106938001046FBF7EFF82960FBF7C2FB2B480078FD
:10694800002810D0FBF746F9294A216A801B1268F3
:106958000B18934202D2511A091A01E07D21C9008D
:106968001548FBF759FB234D287A002811D0FBF76F
:1069780031F9811B236A1048EA685C183C30A2424E
:1069880002D9D21A511A00E01B49FBF745FB002037
:106998002872FBF79BFB0220FBF722F90020FBF78C
:1069A800F7F9FBF7EFF9F8BD2070FF1F0C0AFF1F7E
:1069B800B6412103490AFF1F00100040C409000026
:1069C800100AFF1F340AFF1FFFFF3F00380AFF1F8E
:1069D8001C0AFF1F200AFF1F240AFF1F280AFF1F87
:1069E800710200006008FF1F2C0AFF1F1C09FF1F0F
:1069F800E408FF1F740BFF1FDC050000F8B5FCF767
:106A08005BFFFCF7BFF90120404E00903078404C06
:106A1800022810D0FBF798F905463220FBF78EF9CB
:106A2800FCF7CEFD0F20FBF789F93078012808D054
:106A3800FCF772FE1AE037484068006AFBF77EF9F7
:106A480024E033484038C06B4007400F012802D18A
:106A58000020FBF781FA6068FF270137B8436060C0
:106A68000220FBF76BF9606838436060FBF76CF94C
:106A7800A84201D3401B01E0401B401E25491E22AD
:106A8800C8615043244A49688018C861244923488A
:106A98000860234823498030C163FF2141314162A6
:106AA8003078FBF759FA20492048FBF7B5FA1F4818
:106AB8001F491430FBF7B0FA0420FCF7CFF8142074
:106AC800FCF7CCF81520FCF7C9F81720FCF7C6F836
:106AD800FF20FBF729FA0120FBF7FEFAFF20F5302B
:106AE800FBF700FB5820FBF7C9F81248FBF700FB3F
:106AF8000098FBF7B5FA0720FBF700FBE0690E49A1
:106B08000840FF300930E061F8BD00004A0AFF1F65
:106B180040F000402070FF1F720600000180063D13
:106B28000000034034080000710200001410004007
:106B3800FFFF3F003075000000FEFEFF10B507287C
:106B480001D9062010BD04490870FBF783FB0449EE
:106B58000248C861002010BD186DFF1F5D22FF1F8D
:106B68004003FF1F000000003B0001080200030073
:106B7800050206020703080309030A000C030D03B4
:106B88000003010304030B000E030F03100311039A
:106B98001203130314031503160300000300000077
:106BA8000000000000000000886CFF1F786CFF1FC9
:106BB800946CFF1F986CFF1FA46CFF1F8C6CFF1F49
:106BC800846CFF1F806CFF1F906CFF1F9C6CFF1F65
:106BD800A06CFF1F7C6CFF1FF1590000FD24000012
:106BE800414601006D240111852601114915011145
:106BF800F11D0111D90E01117D1801116929011129
:106C08000A1F1C1F1E1F1E1F1F1E1F1E1F1F1D1FAA
:106C18001E1F1E1F1F1E1F1E1F00000073697A659E
:106C28006F6628675F70436F6E6E656374696F6E19
:106C380042756666657229203D2025642C2073699B
:106C48007A656F662870436F6E6E436F6E746578F1
:106C58007429203D2025642C2073697A656F662885
:106C68006C6172676548656170293D2564200A007A
:106C78004665620044656300417567004A756C00AB
:106C88004A616E004A756E00536570004D6172006E
:106C9800417072004F6374004E6F76004D61790049
:106CA8005048592B36325858504C5553303530349B
:106CB800000000000C6DFF1F5871FF1F8C010000C1
:106CC8006C2DFF1F5871FF1F0C6DFF1F4C04000037
:106CD800B81AFF1F0004FF1F5871FF1F0C000000A7
:106CE8006C2DFF1F5871FF1F0004FF1F00040000D8
:106CF800B81AFF1F986EFF1F5871FF1F50610000E0
:106D08007C2DFF1FC132FF3201148821082C590243
:106D1800E00BD13AFF01A13204123BA30108990B01
:106D280071800920A20111F8A101111A0F02213462
:106D3800E803021AA81829652DE8950111105AAE22
:106D4800102DF46DFF1F105ABC104BB89410692019
:106D58005AF5205ABE105A741069205AF6105AC4AF
:106D6800102A7C101A0212A2076B3075CA12062B61
:106D7800800C920124041F020106595509184299F2
:106D8800F8DAFCF84BBC6EB81AC610A9301AB41061
:106D9800299F1A74200A1D2054CB50965436506FE0
:106DA800FF1F105A20181A5110A9205A52201A30C1
:106DB8002029105A532069745AC89469305A54309B
:106DC8005A40501A551012081210A20429273147A8
:106DD800070C04393058E80C716E0111516F01111C
:106DE8001209460114051218152003020A0610029A
:106DF800010611077304FF1808585859202D2D2033
:106E0800509C3030316AC80F020304050607080990
:106E18000A0B0C0D0E0F80011E36A0A20111E05ABC
:106E2800A4085AA8080C1740787D40A919699A1235
:106E3800F71205DA0B146122B42A2802143075A05F
:106E480049021112081508E001F09A10023A50029E
:106E5800290A63D0071A0F6812051C307507141227
:106E680001CA81550111E91F1E45380111D504AD2C
:106E7800B54201111CBAFFBE0112400DF58C01117B
:106E88004D800111697F0111CDA86CFF1FF201220D
:040000051FFF184180
:00000001FF
