:020000041100E9
:10A0000003B40148019001BDADAE000003B40148A6
:10A01000019001BD456B010003B40148019001BDF1
:10A020000189000003B40148019001BDC53F000053
:10A0300003B40148019001BDE94C010003B401489B
:10A04000019001BDC95C010003B40148019001BD4C
:10A05000CD4C010003B40148019001BD61890000AD
:10A0600003B40148019001BD154D010003B401483E
:10A07000019001BDF54E010003B40148019001BDFE
:10A08000434D010003B40148019001BD25260000A5
:10A0900003B40148019001BD8B52010003B4014893
:10A0A000019001BDB352010003B40148019001BD0C
:10A0B0000D52010003B40148019001BDC94A0100DD
:10A0C00003B40148019001BD691F000003B40148B9
:10A0D000019001BD5D17000003B40148019001BD6E
:10A0E0003D4B010003B40148019001BD59520100EC
:10A0F00003B40148019001BD5125000003B401489B
:10A10000019001BD014C010003B40148019001BD63
:10A11000594F010003B40148019001BD1D4B0100DE
:10A1200003B40148019001BD8D12000003B4014841
:10A13000019001BD4D1F000003B40148019001BD15
:10A140005522000003B40148019001BDDD52010019
:10A1500003B40148019001BD1D4D010003B4014845
:10A16000019001BD090E000003B40148019001BD3A
:10A17000810E000003B40148019001BD017F000081
:10A1800003B40148019001BDE117000003B4014888
:10A19000019001BD7918000003B40148019001BD90
:10A1A000D949010003B40148019001BD19280000FC
:10A1B00003B40148019001BDC927FF1F03B4014842
:10A1C000019001BDB117000003B40148019001BD29
:10A1D000E928000003B40148019001BD5549010080
:10A1E00003B40148019001BD4551010003B4014889
:10A1F000019001BDC926000003B40148019001BDD2
:10A20000F94C010003B40148019001BDC5210000D3
:10A2100003B40148019001BD291C000003B40148AA
:10A22000019001BD5D22FF1F03B40148019001BDF3
:10A23000851F000003B40148019001BD11470100D2
:10A2400003B40148019001BDB30E000003B40148FE
:10A25000019001BD9136FF1F03B40148019001BD7B
:10A26000DB21FF1F03B40148019001BDB521FF1F91
:10A2700003B40148019001BDA946010003B401489F
:10A28000019001BDE548000003B40148019001BD03
:10A290002951010003B40148019001BDD91B000000
:10A2A00003B40148019001BD6122FF1F03B40148BE
:10A2B000019001BD8922FF1F03B40148019001BD37
:10A2C00051470100F8B5D349D14A002004464A60FD
:10A2D0008300401CD450FF28FADD4868CE4A01466E
:10A2E00080318A606E22C262CC4A1278002A01D084
:10A2F0007F22C2620A220265C94A13788363C94B6E
:10A30000C36115781023022D08D01578012D05D0D2
:10A310001578032D02D01578042D00D10362C24DAB
:10A3200045611925AD0185613725CD603627282681
:10A33000C7630825466405644F6032270F603B27DA
:10A34000CF634127CF6439274031E0C132274F60C6
:10A3500002274F6142270831E0C11E274F60CE60BF
:10A360008D6005264E6142260E615A2660390E61C7
:10A370004D613C258D61AF25ED000560AB4D05635A
:10A380001578022D09D01578012D08D01578032DE8
:10A3900007D01578042D06D007E0152504E04360AA
:10A3A00003E00E2500E00C254560FF252D35856076
:10A3B000C560FF25F53505619D4D85647D25ED0062
:10A3C0009C4ECD67C66445629B4D85627325C5650D
:10A3D000062545658565C51D0826F93502272E60C9
:10A3E00047664B27FF0087660927C766934F0767B5
:10A3F0004667BE108467C667914F8E4E3E601678E2
:10A40000022E09D01678012E0AD01678032E0BD012
:10A410001278042A0CD00EE01A22CA61212205E02B
:10A420001422CA61182201E01322CB610A6202E001
:10A430000E220B62CA617E4A8A627D22D2008A673E
:10A4400064224A620522CA6202220A63C8228C631D
:10A450004A63382169607B4929647B49A9614B21A2
:10A46000C900E9617349FF30643929627D2109011E
:10A470006962EC661E212C67A9667049A965E965C9
:10A4800089102966696469677049A9677049714ACA
:10A490008130E967026082604160FF21F531C1606F
:10A4A00001616E486C495A4A81606D49803A116178
:10A4B0006A496C4A80318A626B4ACA626B4A82611D
:10A4C0006B4AC2626B4A02636B4A64484038C2639B
:10A4D0006A4ACA616A49816360496A484031886151
:10A4E0006A49694888605D48694A80384260694ABB
:10A4F0004263694A0A626949816058496848C039BB
:10A50000C860FFF77DFD0120FFF780FDF8BDF3B5C2
:10A510000746644881B0C169634A1140FF3109317F
:10A52000C161002613E000252C461120FFF774FDC1
:10A530005C48406A8007800F610088402843641CA3
:10A54000E4B20546102CF0D301C7761CF6B202988F
:10A550008642E8D3FEBD10B52E4C607800280AD1A3
:10A5600004215248FFF7D3FF504804211030FFF771
:10A57000CEFF0120607010BDF0B500248BB00D46F9
:10A580000646102902D901200BB0F0BDFFF7E3FF0A
:10A59000464900200A5C401C1419C0B21028F9D3A7
:10A5A000002C03D0102D03D90B20EDE70E20EBE794
:10A5B0003F483E4C0023006802A91034E25CC75CAF
:10A5C0007A40CA545B1CDBB2102BF7D306AA37487B
:10A5D000FFF728FD102D00D910252A4606A9304680
:10A5E000FFF726FDFFF72AFD216840182060FFF7DE
:10A5F00025FD616840186060FFF720FDA1684018E4
:10A60000A060FFF71BFDE1684018E0600020BBE799
:10A610000004FF1F645DFF1F00FFFF1F005BFF1FA3
:10A620004A0AFF1F3A07000080C3C9019A020000CE
:10A6300050C30000280A00006A180000204E0000E5
:10A64000F009FF1F0040001168100000DC05000049
:10A6500040420F0010270000853EFF1F0001FF1F32
:10A660004926FF1FF14DFF1FC950FF1FB122FF1FD9
:10A670004524FF1FCD22FF1F4D30FF1FE557FF1F51
:10A680000956FF1F3522FF1F392AFF1F0002FF1F37
:10A69000FD3AFF1FD93CFF1F1D3CFF1FB93AFF1FAA
:10A6A000692AFF1F40F0004000FEFEFFA893FF1F35
:10A6B000885DFF1F0A7802708A7842704A88120A01
:10A6C00082700979C170042070470A780270098885
:10A6D000090A41700220704710B500220EE0930075
:10A6E0005B189C7804705C88521C240A44701C79A6
:10A6F00084709B88D2B21B0AC370001D0B789342F2
:10A70000EDD81806800D10BDF8B50D4606464978FF
:10A71000012031700024761C16E06978012917D0D9
:10A720001221614349198A7832704A88871C120ABB
:10A730007270B61C10223046091DFFF779FC1037E5
:10A74000B8B21036641CE4B22978A142E5D8F8BD4D
:10A75000A10049198A7832704A88871C120A7270DF
:10A76000B61C02223046091DFFF762FCBF1CB8B2BE
:10A77000B61CE7E710B50C46097801702188090A74
:10A7800041706288211D801CFFF752FC6088801C8C
:10A7900080B210BD10B50C46097801702188090AF5
:10A7A0004170A17881706188090AC170A288A11DD9
:10A7B000001DFFF73DFCA088001D80B210BD10B544
:10A7C0000C460A88891CFFF733FC208810BD10B5A1
:10A7D0000B788A7802705343DCB22246401C091D74
:10A7E000FFF726FC601C10BD10B50B788A7802704C
:10A7F0005343DCB22246401C091DFFF719FC601CC4
:10A8000010BD10B50C460A88891CFFF711FC208882
:10A8100010BD10B50C460A88891CFFF709FC20887A
:10A8200010BD7FB515460446022901D0102903D179
:10A83000022B04D0102B02D0002004B070BD99422E
:10A8400002D10A46294607E01029694607D000F0E0
:10A850000DF8102269462846FFF7F6FBEDE7104693
:10A8600000F004F8102269462046F5E770B50C4662
:10A8700005000CD0002C0AD0102206492046FFF714
:10A88000D7FB2878207368786073012070BD0020A2
:10A8900070BD00000A0A011110B50B4601220249E1
:10A8A00001F04AFD10BD0000B5A6001170B50646C6
:10A8B00008880C46172812D30B4603220949304654
:10A8C00001F03AFD050008D107492088098888422F
:10A8D00000D20146304600F0B7F9284670BD02208C
:10A8E00070BD0000CBA60011965DFF1F10B50023C0
:10A8F0001922194601F020FD10BD000010B50A789C
:10A90000002A05D00B460722024901F015FD10BDB3
:10A91000022010BDD9A6001110B54A78012A01D035
:10A92000022A08D10A78002A05D00B4605220349DD
:10A9300001F002FD10BD022010BD000009A70011AA
:10A9400001494000085A7047945DFF1F10B50B463F
:10A950001B22024901F0F0FC10BD000075A7001198
:10A960000149172008807047945DFF1F0098022B53
:10A9700001D00420704711785278120289180180A2
:10A98000002070470098012B01D0042070471178F7
:10A9900001700020704770B5049C1E461546062BBA
:10A9A0001BD369782878090240182080E978A878B4
:10A9B00009024018608002222271291D601DFFF7E4
:10A9C00037FBB61FB2B22281F02A06D82046A91D55
:10A9D0000A30FFF72DFB002070BD042070BD0098E9
:10A9E000042B01D004207047537811781B02C9183A
:10A9F00001809178D2781202891841800020704736
:10AA0000F8B584890D460646002C26D0B268177822
:10AA1000380620D50C2C20D90C3CA4B2101900907B
:10AA200001217088234601F0F1FB002811D002209B
:10AA300028707806C00F6870B806800EA870641E73
:10AA40002004000CA88001D0B068401CA860002041
:10AA5000F8BD0120ECE70020EAE70120F8BD10B5C1
:10AA600002981146042B14D34C780A782402121948
:10AA70000280CC788A782402121942801B1F9AB275
:10AA80008280F22A05D8801D091DFFF7D1FA002027
:10AA900010BD042010BD0098042B01D00420704785
:10AAA000537811781B02C91801809178D27812026C
:10AAB000891841800020704710B502981146062B76
:10AAC00003D0142B03D0042010BD022200E010227A
:10AAD00002714B780A781B02D2180280CB788A78F0
:10AAE0001B02D21842800279401D091DFFF7A0FA0F
:10AAF000002010BD30B5039CD80718D1D805010E31
:10AB0000022914D30B488088814210D8F6200155C1
:10AB1000002008E0557813782D025B194500401C91
:10AB20006353C0B2921C8842F4D3002030BD04208D
:10AB300030BD00008E5DFF1F0098022B01D0042065
:10AB400070471178527812028918018000207047EE
:10AB500070B5144602460498022B18D366782578FF
:10AB60003602AD1905800546E0352A766976002A59
:10AB70000BD0E8219B1E9AB242808A4207D8A11CC2
:10AB8000001DFFF755FA002070BDF421F2E7042004
:10AB900070BD000010B50B461722024901F0CCFB36
:10ABA00010BD000095A7001110B50B460D220249FB
:10ABB00001F0C2FB10BD0000BFA7001110B50A785C
:10ABC000002A05D00B461122024901F0B5FB10BD49
:10ABD000022010BDCFA7001110B50A78002A05D0B9
:10ABE0000B460922024901F0A7FB10BD022010BD4F
:10ABF000E9A7001110B50B460F22024901F09CFB9A
:10AC000010BD000003A8001110B50B460B2202492D
:10AC100001F092FB10BD000013A80011F72800D925
:10AC2000F720084A01461080401EC3179B0F1818D2
:10AC30008003000C5080491EC80F4018C003000C50
:10AC4000908070478E5DFF1F044A1288914203D89E
:10AC5000024A4000921D1152704700008E5DFF1F96
:10AC600010B500231322194601F066FB10BD000049
:10AC700070B50C460146032000020A1A002534482C
:10AC80001300FFF7E7F91D1012151C1F2326282CAF
:10AC9000303234383A3C3E40424446484A4E5052A4
:10ACA0005A5456585A00C07911E01022294902E03E
:10ACB0002849102210312046FFF7BAF945E0C06A52
:10ACC000206042E0224906223C31F4E700782070FF
:10ACD0003BE0808936E01E4942784231EBE71D496E
:10ACE00082781F39E7E7007AF1E7407AEFE7184901
:10ACF00006223031DFE7807AE9E7C07AE7E7C089EA
:10AD000020E0808A1EE0C0781CE0C08A1AE0008B38
:10AD100018E0408B16E0808B14E00D490622363196
:10AD2000C9E7C08B0EE0008C0CE0408C0AE0807913
:10AD3000CDE7008A06E0408A04E0272904D20846CD
:10AD400000F052FA208000E00225284670BD000085
:10AD5000EC5BFF1FA18EFF1F70B50E4C00256071CC
:10AD6000A571691EE18100F06FFB0420E0711022E3
:10AD700000210948FFF774F907481022002110301C
:10AD8000FFF76EF9E562257265720720A072E57221
:10AD900070BD0000EC5BFF1FA18EFF1FFEB53B4D99
:10ADA0000C4608040CD56879FFF760F9050004D05B
:10ADB00002F056F82846FFF75FF90120C00360E073
:10ADC000600403D5012080034840FEBD2F48E10701
:10ADD0000126807900292AD02978002920D0052849
:10ADE00021D0297A68460170697A41702749062284
:10ADF0003031801CFFF71CF9A97A68460172E97AA4
:10AE000041726946687900F00BFA002808D00720E3
:10AE1000A871696A002903D00968002900D0884711
:10AE200020467040FEBD032069460870E4E7A10794
:10AE30000DD5052809D1E889FFF724F9AA8A002A47
:10AE400003D002216879FFF723F9022019E0600797
:10AE500004D5002002F044F8042012E0200712D5A7
:10AE60002879012802D002280AD107E00096AB8B8E
:10AE70006A8B298BE88A00F00BF801E000F05AF9A0
:10AE800008206040FEBD0020FEBD0000EC5BFF1FFF
:10AE9000F8B5134C069EA579052D01D01420F8BDF8
:10AEA000104F851FBD4219D2062917D3BD1DA942D7
:10AEB00014D2FF27F537BA4210D20A2B0ED3AB4279
:10AEC0000CD2E08221836283A383304602F008F82B
:10AED00004216079FFF7E2F80020F8BD1820F8BDE2
:10AEE000EC5BFF1F7A0C0000F7B50D468049009817
:10AEF000164642187F4F00247879B9791300FFF77E
:10AF0000A9F8190E141BE92040455970777E888FE7
:10AF1000E996A2A9B4BFC8E9E9E9E9D3E900102D8F
:10AF200076D11022314674486FE0102D70D17248EE
:10AF300010223146103068E0042D69D13068F86283
:10AF4000CEE0012D64D13B7832783A70002B0AD0E4
:10AF5000002A07D1022903D0062901D0042901D1F2
:10AF600000F018F9BCE0002A0AD0012905D0032915
:10AF700003D0052901D0042902D10121FFF794F85B
:10AF8000AEE0022D44D13088B881A9E01F2D3FD812
:10AF900058481F2200214230FFF762F855482A46E0
:10AFA00031464230FFF744F8524B7D7042332A4617
:10AFB000012112E01F2D7CD84F481F2200211F388D
:10AFC000FFF74EF84C482A4631461F38FFF730F855
:10AFD000494B2A461F3BBD700021787900F0AAFA40
:10AFE00083E0012D65D13078042862D8387277E08B
:10AFF000012D5ED1307803285BD8787270E0062D81
:10B0000057D13C48062231463030FFF711F867E04F
:10B010004FE0012D4DD1307807284AD8B8725FE053
:10B02000012D46D13078032843D8F87258E0022D1C
:10B030003FD13288BA82002A52D0052950D102214C
:10B04000FFF726F84CE0012D33D13078012830D8B5
:10B05000F87045E03088022D2BD1062829D319211C
:10B06000C901884225D8F8823AE03088022D20D1E3
:10B0700006281ED31921C90188421AD838832FE027
:10B080003088022D15D1FF21F531884211D2788305
:10B0900026E03088022D0CD10A280AD31921C901D3
:10B0A000884206D8B8831BE03178012D01D10129EF
:10B0B00001D0182414E00821FEF7FCFF002801D07D
:10B0C00016240DE0002001F00BFF04217879FEF733
:10B0D000E5FF05E00098272801D2022D02D00224C6
:10B0E0002046FEBD318800F0D5F90446F8E700009F
:10B0F000FFFCFFFFEC5BFF1FA18EFF1F1CB50B4C7D
:10B10000A179002901D011201CBD002800D0606267
:10B11000064907482C31034601910090103B00225C
:10B12000E179607900F016F800201CBDEC5BFF1F90
:10B13000B18EFF1F10B506488179052901D0122074
:10B1400010BDC1891322407900F0B4F910BD000090
:10B15000EC5BFF1FF8B51D460224069F079E0B00FF
:10B16000FEF778FF0D150815150815151515151599
:10B170001508150000F0B8F8040008D13246394629
:10B18000284600F067F900F0CBF801F02FF82046D0
:10B19000F8BD000070B5104C2168002904D0097872
:10B1A000814203D0032070BD122070BD0B4D0221DF
:10B1B0002878FEF773FF0A48002646800421287885
:10B1C000FEF76CFF074806802168032048700020C6
:10B1D000FEF776FF70BD0000605EFF1F215EFF1F5F
:10B1E000045EFF1F9E5DFF1F272803D20249400017
:10B1F000085A704701487047A65DFF1FFFFF000017
:10B2000010B5064C607003F0B1FF6078FEF75EFF8A
:10B210000521607800F0C6FE10BD0000205EFF1F13
:10B2200070B5284E054630680C46002801D0112024
:10B2300070BD254801780520014216D0234880685A
:10B24000002805D00078002802D0C80706D101E008
:10B25000102070BD00F044F8002808D020780328A2
:10B2600005D0022803D0002801D0122070BD0C2088
:10B27000FEF732FF3060002820D0057000214170B9
:10B280000A222146801CFEF7D3FE01F00DFF0400C8
:10B2900002D001F013F912E00D48007803280ED116
:10B2A0001D20FFF7A1FF0B490028088007D00B489D
:10B2B000094A04210078FEF715FF00E01324204618
:10B2C00070BD0000605EFF1F9B5DFF1F045EFF1FDF
:10B2D0009C5DFF1F9E5DFF1F60EA0000215EFF1F57
:10B2E00010B503F061FF10BD70B50C4605461C2279
:10B2F00000210948FEF7B4FE084805704470FEF7C7
:10B30000F7FE0549002803D000200870122070BD08
:10B3100001220A7070BD0000D893FF1F9A5DFF1FC5
:10B3200070B50F4C0025A068002802D0FEF7E6FE9D
:10B33000A560E068002802D0FEF7E0FEE56009485D
:10B3400005210078084206D00548103001F088FC3D
:10B3500001F056F870BD002001F082FC002070BDA5
:10B36000045EFF1F9B5DFF1FFEB5344D0C460804B5
:10B3700019D56878FEF77AFE0121C9034C400646CC
:10B3800000280ED001F08CFB002807D12878FF2878
:10B3900004D03146FEF7B8FE002802D03046FEF752
:10B3A0006BFE2046FEBDE007012700280AD0A868F2
:10B3B000002804D04168002901D000208847204699
:10B3C0007840FEBDA00709D56868002804D0416810
:10B3D000002901D00120884702202AE060072AD5F1
:10B3E000174E308800281FD0401E0004000C30800B
:10B3F0001ED101F0D5F8002809D0124807706868FE
:10B40000002804D04168002901D00120884701F0BC
:10B41000A1F8694600F044FE684601F02BFB1D20B0
:10B42000FFF7E2FE308003E004216878FEF736FE85
:10B4300004206040FEBD0020FEBD0000205EFF1F16
:10B440009E5DFF1F9D5DFF1F014908707047000052
:10B45000205EFF1F70B50E4C0B46261D07C6054625
:10B46000102200211846FEF755FE012803D11021B5
:10B47000A06804F063F8102200212846FEF74AFE77
:10B48000012803D11021606804F058F870BD000055
:10B49000D893FF1F272807D2044A914204D0044AB8
:10B4A000400011520020704702207047FFFF00004B
:10B4B000A65DFF1FF8B50D4617461D4906461B4AF7
:10B4C0001224C868954208D100282DD00268002AAD
:10B4D0002AD029463046904723E0144A521C954210
:10B4E00013D1002807D00268002A04D0294630462C
:10B4F0009047040005D03946304600F05BFF040059
:10B5000012D10B48067047700EE0284603F0FEFD8E
:10B51000002809D00078B04205D139462846FEF708
:10B52000FFFD044600E003242046F8BDFEFF0000B6
:10B53000F45DFF1FF8B50E46014619481546007820
:10B5400005221F46104028D0304326D01548012E32
:10B550001BD0C468002C20D01F2D18D8002D01D07E
:10B56000002F14D001701F220021601CFEF778FD0F
:10B570002A463946601CFEF75BFD28462570002EE2
:10B5800007D0611CFEF7D2FDF8BD8468E2E7022017
:10B59000F8BD611CFEF7D0FDF8BD1220F8BD00001B
:10B5A0009B5DFF1F045EFF1F014610B50020C90709
:10B5B00004D0034A0421034800F0A6F910BD00009E
:10B5C00060090111245BFF1F70B50F4D0F4CA8706F
:10B5D00029461831204600F01DF8002128460B4668
:10B5E0001030CA0084521218491C09065360090E13
:10B5F000F7D0012002F03EFCA87800F023FB0448BD
:10B6000003F0E4FD70BD0000045BFF1FFFFF0000BE
:10B61000A1D6001170B50A4C0025A04209D1002026
:10B6200082008C525218401CC0B295700228F7D389
:10B6300070BD02F004F80028FAD00480857070BD57
:10B64000FFFF0000F8B50E4607460699002407984C
:10B65000002902D00B242046F8BD022B01D00D2476
:10B66000F9E711785278120289188DB22946814380
:10B6700001D08024EFE73846F16800F03DF9A84298
:10B68000E9D02A463846F16800F0A8F90400E2D172
:10B6900071892A46384600F065F9DCE770B50C463A
:10B6A000080412D50A488078FEF7E0FC050008D0AF
:10B6B0002878B02802D1284602F0DEF82846FEF7A6
:10B6C000DBFC0120C003604070BD002070BD0000A5
:10B6D000045BFF1FFFB587B0087A0025109E1C464B
:10B6E0000F46C0060DD5099801F0A2FF030006D051
:10B6F0000A22394607989847050035D101E00E2502
:10B7000032E0387802281DD1786829220178407803
:10B7100012020002081880B2811A90427ED009DC21
:10B720007249401A23D0012821D0022851D0032881
:10B7300008D125E0012972D0022971D003296DD0EA
:10B7400004296ED0099801F09BFF0028D7D0056826
:10B75000002DD4D0129911980191009033462246C1
:10B7600039460798A847054628460BB0F0BD119802
:10B77000002873D1F868017831800278416897E039
:10B78000119800286AD101203080F86800210078E3
:10B7900020707889401C80B200F04EF900280FD04C
:10B7A000318802788918891C3180817A61704189D9
:10B7B000090AA17002784168E01CFEF739FCD3E762
:10B7C00030880422001D30800021601CFEF748FCF8
:10B7D000CAE71198002872D1F86804A9008800907F
:10B7E00004203080009820700098000A6070009853
:10B7F00000F022F9070028D0F86805906846028A10
:10B8000003AB3B49384600F06FF900280FD13B7875
:10B81000022138487A68FFF704F803E027E031E0B6
:10B820001DE049E0002802D1314869468881059829
:10B83000007802280CD1059802224168201DFEF7ED
:10B84000F7FB3088801C308002E0694600988881D0
:10B8500068468089A070000AE07085E72FE01198A3
:10B8600000282CD1F968079800F046F804E01198F8
:10B87000002824D1F8680088022131802070000A55
:10B88000607071E7F868FEF75DFC1199C0B2814203
:10B8900010D8814201D1002206E0129A8918814213
:10B8A00002D31199401AC2B23280F968119809186E
:10B8B000204682E7072557E71198002801D00B257D
:10B8C00052E70721F8683180017821704178617072
:10B8D0008178A1704188090AE1700179217181792B
:10B8E0006171C088000AA0713EE7000000280000D6
:10B8F000FFFF0000820A011110B501F0A0FE002830
:10B9000000D0807810BD00007CB51446050019D029
:10B9100068460195018000F09BF903001DD1002CC1
:10B920001BD06D89002D0DD00C20FEF7D5FB002813
:10B930000AD0002303608580094A84609168002949
:10B9400004D006E0022308E0132306E0906004E040
:10B9500011460A68002AFBD1086018467CBD000029
:10B96000045BFF1FF8B50C4C0746207815460E46C1
:10B97000FF280FD00A20FEF7EBFB01000AD0B12010
:10B9800008700020487008714F80CE800D812078AB
:10B99000FEF7BAFBF8BD0000045BFF1FFFB583B0E4
:10B9A00008461F4601A90C9E00F046F8050012D07B
:10B9B0006846808801F064FE00280AD04468002CA4
:10B9C00007D000963B462946059A0398A04707B042
:10B9D000F0BD0E20FBE70120F9E7000070B514462A
:10B9E0000E46054601F02BFE002806D131460548DB
:10B9F00001F025FE002803D005808470002070BD72
:10BA0000112070BDFFFF000010B50178B0290BD1E7
:10BA10004178002908D10179122906D01B2903D1C8
:10BA20004088012100F048FA10BDFF210231095C75
:10BA30000129F5D010BD0000F0B58C4610494B68C7
:10BA400019E09F687C89A04214D39E8831198142F5
:10BA500010D900220CE011017D186989814205D1BD
:10BA60006046002800D004802846F0BD521C92B2E7
:10BA70009642F0D81B68002BE3D10020F0BD0000F7
:10BA80002C5EFF1FFFB5174881B00A9F446824E071
:10BA900000251EE0A0682901461870890199884296
:10BAA00015D30299884212D80498002807D031781B
:10BAB0007068049B039AFEF7B4FE002807D0002F9D
:10BAC00002D0A06840893880304605B0F0BD6D1CBA
:10BAD000ADB2A088A842DDD82468002CD8D10020BF
:10BAE000F3E700002C5EFF1FFEB5174600256A46EF
:10BAF0009580044640891D4A1E46904208D001AAFE
:10BB00000092401C237880B26268FFF7BBFF0546B5
:10BB10002378022116486268FEF783FE002807D1C9
:10BB20002378022113486268FEF77BFE002801D0CB
:10BB300060890EE0237802210F486268FEF771FEEB
:10BB400000280DD0002D03D068468088B84203D06D
:10BB5000384602F08DFA04E06889401E80B200E0A9
:10BB60006089002E00D030802846FEBDFFFF000017
:10BB7000800A0111820A0111860A011110B50549D6
:10BB80000870042100F00EFA00F006F8FEF7E8FE57
:10BB900010BD00003C5EFF1F70B50E4C00200C4B2A
:10BBA000651CFF228100C91800280ED00D80401CA2
:10BBB000CA70C0B28A700228F4D3074801F02AFD87
:10BBC000064803F003FB002070BD0C80EFE7000087
:10BBD000345EFF1FFEFF0000A1DF001121DF001116
:10BBE000F8B50D4614460646694601F06FFB172866
:10BBF0000CD0002C06D001221021304603F060FA50
:10BC0000002803D129463046FEF7A0FEF8BD00000B
:10BC100070B50C46080411D509480078FEF726FADD
:10BC2000050007D00178A02901D101F097FC284632
:10BC3000FEF722FA0120C003604070BD002070BDF5
:10BC40003C5EFF1F01490870704700002C5EFF1F1B
:10BC500070B50546008800281DD068680221037869
:10BC600042682248FEF7DDFD002808D168680221FD
:10BC7000037842681E48FEF7D4FD00280BD01D4C07
:10BC80006088002805D0012229881204101A8142F8
:10BC900003D9012070BD022070BD0C20FEF71CFAF4
:10BCA000060001D000200AE0132070BD02016B687D
:10BCB00061880A329952491C401C618080B22988EF
:10BCC0008142F3D80020306008222946301DFEF75B
:10BCD000AFF96068002802D1666004E00846016898
:10BCE0000029FBD10660002070BD0000800A011110
:10BCF000820A01112C5EFF1F0649496806E08A6826
:10BD00005289824201D18888704709680029F6D19A
:10BD1000002070472C5EFF1F10B50C460321FEF774
:10BD20001DFA214600F090F910BD10B51422114201
:10BD300001D0012202E04A0604D50022102103F0BE
:10BD4000BFF910BDC80701D0002010BD022010BDF2
:10BD500010B514468A0604D50122102103F0B0F96B
:10BD600010BD882211420ED008220A40102103F093
:10BD7000A7F900280BD0E034617E0029F0D0217EA5
:10BD80000129EDD103E0880701D4032010BD002074
:10BD900010BD0000014610B50020C90704D0034AB9
:10BDA00007210348FFF7B0FD10BD00007409011121
:10BDB000785BFF1F70B50D46164600241D49030031
:10BDC000FEF748F908051234341934222934152DA8
:10BDD00023D8162200211848FEF742F92A46314698
:10BDE0001548FEF725F922E0022D16D111491088D9
:10BDF000103908801BE0082D0FD10E48082231466B
:10BE00000838FEF7B1F912E0012D06D1CA690949D7
:10BE10003078283107E0012D01D0182407E0CA6BE3
:10BE200004493078483102F0EAF900E00224204663
:10BE300070BD0000785BFF1F6C8EFF1F0B780370D6
:10BE40000B8802221B0A43700B88801C012B02D036
:10BE5000022B07D011E08A7802704988090A4170E4
:10BE600004220AE08A7802704A88120A42700A792B
:10BE700082708988090AC170062210467047000046
:10BE800008B5044B009313460A46012103F068F8F5
:10BE900008BD00003DBE00111CB5032301920093B4
:10BEA0000A46024B122103F08BF81CBD81E80011F9
:10BEB00010B5FEF75FF910BD13B5044800780128EE
:10BEC00003D101AA6946FEF75BF91CBD485EFF1F5E
:10BED00070B50F490F4A087000210B468C00491CB1
:10BEE000C9B213530429F9D30A4C00211034FF2698
:10BEF0000A460A256A4315196B80491CA354C9B226
:10BF00006E720329F4D3FEF741F902F0FDFF70BD14
:10BF1000495EFF1FF493FF1F082A01D001207047DC
:10BF20004B780A781B02D2180280CB788A781B02E1
:10BF3000D21842804B790A791B02D21882808A7902
:10BF4000C97909025118C1800020704770B50C46AC
:10BF5000080411D509480078FEF788F8050007D0D5
:10BF60000178902901D102F031FF2846FEF784F8CC
:10BF70000120C003604070BD002070BD495EFF1FFE
:10BF800070B500280AD1064C00252580A581A58022
:10BF9000A068002802D0FEF7FFF8A56070BD000081
:10BFA0007094FF1F072907D0052905D0042903D065
:10BFB000062901D002207047044A8B009A181346C4
:10BFC000403B1986203A907400207047F493FF1F7D
:10BFD00070B506001BD10E4C0025214640310D7472
:10BFE0004D740D76606D002802D0FEF7D5F86565BA
:10BFF0005C20002546433419E800201840680028DA
:10C0000001D0FEF7C9F86D1CEDB20A2DF4D370BD56
:10C010008094FF1F70B50A880C460546072A07D092
:10C02000052A05D0042A03D0062A01D0022070BDBB
:10C03000012103F0F9F8002804D02146284602F037
:10C0400035FC70BD142070BD1CB504460D48012997
:10C05000017003D00020FEF7A5F81CBD6946002042
:10C06000FEF7A6F8684681882046FEF777F8044672
:10C070000120FEF797F80023224619461846FEF7DE
:10C080009DF81CBD485EFF1F10B5001D80B2FEF775
:10C090009BF8002803D00321C943FEF79BF810BD8D
:10C0A00038B50C46050014D0002C12D00321684688
:10C0B00003F044FA6946887840218006800E0843E0
:10C0C000694688702246284603F070FF050002D0BA
:10C0D00006E0022038BD03226946E01CFDF7A8FFF8
:10C0E000284638BDF7B58EB00E9815460E46002886
:10C0F0002DD0002D2BD0301DC0B20190FDF7ECFFEC
:10C10000040039D000F032FA07463246201D0E995D
:10C11000FEF766F8F8B20890E0703804000E0B9055
:10C12000A0703802000E0A9060703F0E277000F079
:10C1300017FA0146102202A8FEF752F806AB214674
:10C1400002A8019A03F088FE060003D010E0022046
:10C1500011B0F0BD089828700B9868700A98A87004
:10C16000EF70082206A9281DFEF73AF800F004FA3D
:10C170002046FDF7C3FF00E013263046E8E7000045
:10C1800010B5064C2070FEF731F806212078FFF735
:10C1900009FF034803F01AF810BD0000585EFF1FA6
:10C1A00091F5001170B50C46080419D50D480078BA
:10C1B000FDF75CFF05000FD003F00AFB002808D153
:10C1C00009480078FF2804D02946FDF79DFF002884
:10C1D00002D02846FDF750FF0120C003604070BD2B
:10C1E000002070BD585EFF1F205EFF1F10B5054880
:10C1F0000078400701D5044800E0002003F070FB00
:10C20000002010BD9B5DFF1F4C5EFF1FFFB58DB072
:10C210000F98169C0E46002815D0002C13D00D98B0
:10C2200002F074FF050011D06178207809024018EF
:10C23000A178E2780904120689184718286AB842DA
:10C2400006D3401C04D0022011B0F0BD1420FBE73F
:10C25000002E04D02879800701D40120F4E70822B9
:10C26000002106A8FDF7FCFE1098001DC0B2019049
:10C27000FDF732FF060017D0301D109A0F99FDF719
:10C28000AFFF042221463046FDF7AAFF1022A9186D
:10C2900002A8FDF7A5FF06AB314602A8019A03F0FC
:10C2A000DBFD050002D013E01320CDE7082206A92C
:10C2B00008A8FDF795FF0822211D08A8FDF7C4FE78
:10C2C000012801D0012503E039460D9800F046FF12
:10C2D0003046FDF713FF2846B6E70000002805DBCF
:10C2E000C106C90E0120884001490860704700005E
:10C2F00000E100E08307FF22DB0E9A408907090E68
:10C300009940002808DB830809489B001B1818681F
:10C3100090430843186070470007000F08388308EF
:10C3200004489B001B18D86990430843D8617047A4
:10C3300000E400E000ED00E0FFB583B00F46039895
:10C340001B4940001646085AFFF79EFE04002AD0FB
:10C350000125601C2670002F03D00699B847401CA9
:10C3600085B2300610D51021039802F05DFF002839
:10C3700001D0192613E06219E9B22046FFF7B2FE98
:10C3800006000CD10C35ADB2042168460180019441
:10C39000058169460398FFF73DFE060004D020465C
:10C3A000FDF7FAFE00E01326304607B0F0BD0000AE
:10C3B000945DFF1F10B50C4602F0BCFE002804D0AF
:10C3C00040882146FDF7ACFE10BD122010BD0022B2
:10C3D000002913D0002811D0012806D04A799206EE
:10C3E000920E4A71032805D007E04879C022104315
:10C3F000487102E0402002434A7101221046704712
:10C4000070B5124800250078052108421BD0202075
:10C41000FDF762FE0E4C0028A06013D02022002100
:10C42000FDF71EFE2020FDF757FEE060002804D037
:10C4300020220021FDF714FE05E0A068FDF75EFE56
:10C440000020A0601325284670BD00009B5DFF1FE3
:10C45000045EFF1F002909D0012807D14979890905
:10C460008901C02902D0402901D002207047032051
:10C470007047FFB500200E4608701AE01C5C401C97
:10C48000C5B2002C17D02819904214D85F5D6D1CDE
:10C49000EDB2384600F08BFE002806D0641EE0B2F4
:10C4A000307000998F4202D1581904B0F0BD401984
:10C4B000C0B29042E2D30020F7E7000010B5044C70
:10C4C0002068002803D0FDF719FE0020206010BD71
:10C4D000605EFF1F70B50E4D84002859002815D0EE
:10C4E000006A002801D0FDF709FE2859406A00289B
:10C4F00001D0FDF703FE2859806A002801D0FDF71E
:10C50000FDFD2859FDF7FAFD0020285170BD0000FF
:10C51000FC5DFF1F10B5044C6068002803D0FDF7D8
:10C52000EDFD0020606010BDF45DFF1F01000448B8
:10C5300005D104498978002901D00248801D70473F
:10C54000E893FF1F9A5DFF1F014880787047000045
:10C550009A5DFF1F0148406870470000D893FF1F95
:10C560000148806870470000D893FF1F0148C068E9
:10C5700000687047D893FF1F10B50748C06801686E
:10C58000491C016005480078FF2803D00121890378
:10C59000FDF78AFD10BD0000D893FF1F9A5DFF1FB5
:10C5A00002484068002800D0012070475C5EFF1FF1
:10C5B000FFB581B00F460D9E0A9D039802F0A6FDBF
:10C5C000040042D0019800283FD12079102108436F
:10C5D00020710499490702D50221084301E0FD2199
:10C5E000084020710B99284608430C9908433043B2
:10C5F000207902D00421084301E0FB21084020718A
:10C60000002E06D03069102220623146A018FDF7B6
:10C610000FFD002D01D0002F05D00B98002814D05D
:10C62000012F08D011E0606A002801D0FDF766FDF7
:10C630001C21284606E0606A002801D0FDF75EFD57
:10C640001C210B98FDF7D8FD60620398224C8700EF
:10C65000E05900283ED0002D0FD0006A002806D1F6
:10C660001C20FDF739FDE1590028086205D0E0598A
:10C670001C22006A2946FDF7DBFC0C98002810D02C
:10C68000E059406A002806D11620FDF725FDE15942
:10C690000028486205D0E0591622406A0C99FDF73F
:10C6A000C7FC002E10D0E059806A002806D1142063
:10C6B000FDF712FDE1590028886205D0E0591422E7
:10C6C000806A3146FDF7B4FC0B9B049A03990198EC
:10C6D00002F0D0FD05B0F0BDFC5DFF1FF3B581B0E9
:10C6E000019802F013FD050029D00E20FDF730FD62
:10C6F000040024D02620FEF777FD060000D12E7816
:10C70000D0202070002767700B20A0700622E91D42
:10C71000E01CFDF78DFC019860810298C1070120A3
:10C72000002901D0207300E027730299890701D501
:10C73000607300E06773F0B22146FDF7E5FCFEBDD3
:10C7400010B581881F4B0124CA1A994237D011DCD9
:10C750001D4BCA1A994219D007DC1C4A8A1810D0FE
:10C76000022A1ED0032A29D11BE0472A27D0482AB3
:10C7700024D124E01300FDF76DFC062122222222A1
:10C7800022218068007800F0D3FC08E0806882787D
:10C7900041781202891889B2007800F029FD044618
:10C7A0000DE0094A921E914201D1012200E00022CF
:10C7B00080680178104600F003FD00E00024204668
:10C7C00010BD0000532000000A200000FADFFFFF28
:10C7D00070B51A4D1A4A0146002628781268194C7D
:10C7E00001290CD0002A09D017490978490705D535
:10C7F0000221FDF753FC6680FFF760FE70BD618883
:10C80000002903D0114B1B78002B05D0002AF5D04E
:10C810001078FEF7BFFC70BD3C2902D33C39618023
:10C8200070BD0221FDF73AFC62887D20C0004243C2
:10C8300002212878FDF72CFC668070BD215EFF1F69
:10C84000605EFF1F045EFF1F9B5DFF1F9D5DFF1F5E
:10C8500008B5418900910389C2888188C07800F0B9
:10C86000B3FB08BDF0B504468088A1218900484388
:10C87000304987B009684018FF30FF300230A17995
:10C880004167002C54D02C4D6868002823D00678CE
:10C890002A480068002804D04168002901D00020FF
:10C8A00088472146E07908310591FFF7D3FDE07113
:10C8B0000246277D638A218AE089019002A88AC006
:10C8C000A0880090E0783146059B02F049FDE078B1
:10C8D000002802D00DE01A48D9E7E079E2896B46DA
:10C8E000059907C3A379A1880122304602F0BCFB59
:10C8F000E0706868002811D0FFF70CFE2878002847
:10C900000CD06978FFF756FD002807D0E078A288A0
:10C910000346297802F051FD00202870A0881721D5
:10C92000FEF792F9A088FFF72BFBA088FFF750FBDA
:10C9300007B0F0BD3409FF1FF45DFF1F245EFF1F29
:10C940009A5DFF1F70B504460026808802F0DEFB6A
:10C95000002803D00678A08802F04AFC144D2878FD
:10C96000002808D0864206D16978FFF723FD002809
:10C9700009D000202870002E05D0A379A288A078C5
:10C98000314602F01AFDA088094A81000832515848
:10C99000002901D0FFF79EFDA0881721FEF754F96A
:10C9A000A088FFF7EDFAA088FFF712FB70BD00002A
:10C9B000F45DFF1F70B58288294D0124531B29495E
:10C9C000AA4242D019DC284D531BAA4218D00BDCD6
:10C9D000264BD21826D0254B1033D2181ED0032A4E
:10C9E00017D0042A39D10BE0012B09D0022B07D034
:10C9F000032B21D0042B30D11AE0433B072B2CD83A
:10CA0000496800292AD00968002927D088470446A8
:10CA100024E08068007800F0ADF81FE0806800F046
:10CA200001F9F4E78068411C007800F0D9F8EEE7DE
:10CA300083681B78002B11D0896800290ED00B6801
:10CA400008E0014610469847E1E7094909680029CE
:10CA500004D04B68002BF4D100E00024204670BDC8
:10CA60000E200000205EFF1F08200000F7EFFFFFF0
:10CA7000005EFF1F10B5094CA17800290CD00146BB
:10CA80000622A01DFDF7D4FAA11DA078FFF79FFC98
:10CA9000A01DFDF7B7FB10BD002010BD9A5DFF1F64
:10CAA0001CB52F49037801240A68912B02D0A22BD0
:10CAB0002ED13EE04178052909D00E2904D00F2956
:10CAC00008D03E2924D115E0FFF774FF10E0FFF7EE
:10CAD00039FF3AE001468088224B0124C31801D077
:10CAE000062B15D1002A30D05268002A2DD090474D
:10CAF00004462AE081780124032917D004DC0129A7
:10CB000011D0022904D105E015291ED016291CD008
:10CB100000241AE014498968002916D049680029C0
:10CB200013D0884711E0FFF79DFE0EE0FFF790FE5F
:10CB30000BE00E490978042909D0002A05D0526873
:10CB4000002A02D001460A48904720461CBD002119
:10CB50006A46118001794088FFF792F9F5E70000F5
:10CB6000005EFF1FF3DFFFFF205EFF1F9B5DFF1FC7
:10CB7000FFFF0000F8B5164F0646BD1F2878FF28B6
:10CB800014D00A20FDF7E4FA04000FD0D020207062
:10CB900066700820A070A878E07006223946201D33
:10CBA000FDF746FA21462878FDF7AEFAE878012825
:10CBB0000DD108480068002803D08068002800D004
:10CBC00080470648044A04210078FDF78BFAF8BD37
:10CBD000A05DFF1F245EFF1F60EA0000215EFF1FB3
:10CBE00070B500240546002805D1002903D006228F
:10CBF0000B48FDF71DFA0A4810380178012907D1C2
:10CC00000124002D06D000210170284600F0B8F95B
:10CC1000204670BD02210170FDF7FAFAF8E7000026
:10CC2000E893FF1F10B50024002813D002780B49A9
:10CC3000002A03D14288CA8202790A760A78022A37
:10CC400008D102780124002A06D000220A70007858
:10CC500000F096F9204610BD0322F7E7D893FF1F96
:10CC60000149486070470000205EFF1FF8B57A4C0C
:10CC700087780146002507266079A2793B00FDF7F9
:10CC8000E9F90805361A37375F9ACD364878002813
:10CC90005CD1714806223C30C91CFDF7C9F901205E
:10CCA000A0716D4B0146423362786079FEF742FC19
:10CCB00000284BD1A8E00F464978002946D1F978E1
:10CCC000002906D0654BA2780021FEF733FC78706E
:10CCD0000AE0022A0BD00121FDF7ECF9002803D16C
:10CCE00001216079FDF7E0F9787800282ED1F8BDB0
:10CCF000497800292AD1032F09D0A289002A0CD013
:10CD0000217800290AD00121FDF7C2F906E0052AA1
:10CD100001D0022012E0062010E02570A07906283C
:10CD200002D0042802D008E0052007E0012020708E
:10CD300001466079FDF7B8F966E00320A07163E071
:10CD400048780F46002803D0312832D0A6715BE026
:10CD500041480622391D3630FDF76AF97889E081AD
:10CD6000B8892082F88960820520A071A28A002AF1
:10CD700003D002216079FDF78BF9B889E083F88947
:10CD80002084388A6084E07801280AD11F20FEF7C9
:10CD90002BFA7D21C9004843024604216079FDF742
:10CDA00077F97A89F8780423391DFDF737FA257069
:10CDB0002AE02570C1E728480E46062200213630B9
:10CDC000FDF74EF9E5832584658404216079FDF73C
:10CDD00065F908216079FDF761F9B079082808D074
:10CDE0000320A0712078002805D06079FEF7D2F9E1
:10CDF00007E00420F5E70120207001466079FDF787
:10CE000053F90020C043E081606A002800D16EE73A
:10CE100001680029FBD0A0798847F8BD0D4608219C
:10CE2000FDF73CF9687829460028F6D1E888E083C8
:10CE3000288920844889608404216079FDF73AF9C3
:10CE40000028EAD1A06A0028E7D00368628C218C10
:10CE5000E08B9847F8BD0000EC5BFF1F828EFF1F40
:10CE600010B501781C4C912906D0A2291BD0D029DD
:10CE700001D1FFF7FBFE10BD41780E29FBD181885F
:10CE8000164A9142F7D1816803200856A1790529F5
:10CE9000F1D17F28EFD0616A0029ECD049680029E0
:10CEA000E9D0884710BD41791329FBD100890128B9
:10CEB00002D12079022808D00520FEF795F9024614
:10CEC00008216079FDF7E4F810BD08216079FDF7CD
:10CED000E5F8FEF72FF910BDEC5BFF1F051400000D
:10CEE0007CB5154C0546E08BE18A88420AD3218B3C
:10CEF000884207D8208C618B884203D1608CA18B3B
:10CF0000884217D00520FEF76FF90646E18A684689
:10CF10000180218B4180618B8180A18BC1806279EE
:10CF20006946E089FEF7B8FF25713246082160792D
:10CF3000FDF7AEF87CBD0000EC5BFF1FF8B50746BF
:10CF40000E46084602F0E2F8040018D02620FEF74C
:10CF50004BF9050000D125780620FDF7F9F804000B
:10CF60000DD006220021FDF77BF8D02020706770DD
:10CF70000E20A070A680E8B22146FDF7C5F8F8BDE6
:10CF800070B50F4D06462878FF2818D00E20FDF703
:10CF9000DFF8040013D0D020207066700020A0704D
:10CFA00006220849E01CFDF743F806481038C18AFC
:10CFB0006181007E207321462878FDF7A5F870BDB9
:10CFC0009A5DFF1FE893FF1FFFB581B01E4617460D
:10CFD0000D460C20FDF7BCF8040013D0284602F0E3
:10CFE00095F8002810D00078D02121700199617047
:10CFF0000721A170A580E78026810A9961812146D9
:10D00000FDF782F805B0F0BD0048ECE79A5DFF1F20
:10D0100070B50D4D044628680E46002812D0062033
:10D02000FDF796F8010009D0D02008704C7003205D
:10D0300088708E8028680078FDF766F8002C01D093
:10D04000FFF73CFA70BD0000605EFF1FFFB581B0C6
:10D050001F460E46084602F059F8050022D010205F
:10D06000FDF776F804001DD010220021FCF7F8FF30
:10D070002620FEF7B9F8002800D12878D0212170A9
:10D08000019961700F21A170A680039921726772C6
:10D090000A99A1720B99E1720C99E160C0B2214624
:10D0A000FDF732F805B0F0BDF0B51F4D85B028682A
:10D0B000002837D08778FEF713F9002805D00A201A
:10D0C000FEF792F804900B200EE001F0A7FB002879
:10D0D00005D00620FEF788F80490072004E0082019
:10D0E000FEF782F804900920FEF77EF804460F4808
:10D0F0000078002814D001262968C878091DFFF798
:10D1000066F929686D46CA7A8B7A091D0BC50392A8
:10D1100033463A4621460498FDF786F805B0F0BD3F
:10D120000026E9E70120F9E7605EFF1F9C5DFF1F15
:10D1300010B50949096800290CD0002805D1012043
:10D140004870FCF7BDFF002802D00021FFF760FF08
:10D15000012010BD002010BD605EFF1FF8B50C4619
:10D1600001F0D4FF020021D026201462FEF73CF823
:10D1700005062D0E00D115789679D01D009010204F
:10D18000176AFCF7E5FF040010D0D02020700020C3
:10D1900060700920A070E6700622201D0099FCF73F
:10D1A00047FF21462846E760FCF7AEFFF8BD411E69
:10D1B000152903D9FF2801D00020704701207047AE
:10D1C00070B50A4E054630780C46FF280DD0042075
:10D1D000FCF7BEFF010008D0D02008704C70022080
:10D1E0008870CD703078FCF78FFF70BD045EFF1F34
:10D1F000F3B5284D81B0286800284AD04078264EE3
:10D20000012803D03078002831D041E001F006FB3E
:10D21000224F002813D00120FDF7E6FF04464128E5
:10D2200008D91F4A02213878FCF75CFF1D483C3CB6
:10D2300044800EE07D20C0002246424303E00020EF
:10D24000FDF7D2FF0246002A03D002213878FCF70E
:10D250001FFF2968022048703078002802D0002083
:10D26000307015E002990198FFF7D2FE10E003201C
:10D27000019CFCF76DFF010008D0D02008704C70B5
:10D280000420887028680078FCF73EFFFFF716F945
:10D290000120FEBD605EFF1F9D5DFF1F215EFF1F21
:10D2A00060EA0000045EFF1F074A00218B00D35A8A
:10D2B000834202D1880080187047491CC9B20229F4
:10D2C000F4D3002070470000345EFF1F10B50C46F9
:10D2D000FFF7EAFF00280DD0002C00D020608078F6
:10D2E000FE2803D0FF2803D0162010BD172010BD44
:10D2F000002010BD022010BDFFB581B0FF201E46EA
:10D30000174605300A9DFCF723FF04001BD0B02010
:10D3100020706770029860802671002D06D020462C
:10D32000FC2229460830FCF783FE05E02046FC225B
:10D3300000210830FCF794FE21460198FCF7E4FE3A
:10D34000002005B0F0BD1320FBE7000005481722C0
:10D3500002800988172901D204207047018000202B
:10D3600070470000965DFF1F0020704708B50A4611
:10D370000888498888420BD8002809D000230093E8
:10D380001379521DFEF77EFB002803D0002008BD54
:10D39000012008BD0A2008BDF3B50D46088849885C
:10D3A000002687B0814215D3002813D00027694694
:10D3B0000F710097002369881A46FEF763FB04008B
:10D3C0004FD068460079002807D06946497901297D
:10D3D00025D008E0012009B0F0BD217802291BD03A
:10D3E00002216A4651711222504301AA61898018B4
:10D3F0004180684600791223584380181022001D8E
:10D400006168FCF715FE68460079401C0106090EAC
:10D41000684601711FD11AE001216A4651712178D5
:10D4200002291ED1820001A86189121851806A4622
:10D4300012796168920010180222001DFCF7F8FDB5
:10D440006A461079401CC0B21071052803D2618968
:10D450000A48814200D101266089401C80B2002E1A
:10D46000A7D068460079002805D001A90798FDF7E4
:10D4700053FA0020AFE70A20ADE70000FFFF0000ED
:10D4800038B50C4608884988884215D8002813D03A
:10D490002379621D02210B48FDF7C3F900280DD046
:10D4A00000200090237961882088621DFEF7EAFA47
:10D4B000002805D0002038BD012038BD102038BD1F
:10D4C0000A2038BD800A011108B50A460888498833
:10D4D00088420BD8002809D0002300931379521DED
:10D4E000FEF7D0FA002803D0002008BD012008BDB7
:10D4F0000A2008BDF8B500250F4606460C46E03761
:10D5000017E06800205A0021FEF796FA002809D09B
:10D51000017A3046FEF709FC002808D06900615AFC
:10D520002180F8BD6800205A20800120F8BD6D1CC4
:10D53000EDB2B87DA842E4D80020F8BD10B504468D
:10D5400008880021FEF778FA002804D0017A2046E6
:10D55000FEF7EBFB10BD012010BD000030B585B01B
:10D5600005466946FDF74CFA040026D168468078E6
:10D57000C1071E4809D08268002A04D0688869461D
:10D580009047044619E0062417E04268002A05D0B7
:10D59000688869469047040001D10EE00624684679
:10D5A0004078002809D16846817801730021C18143
:10D5B0000474688803A9FDF76FF9A868002801D0F2
:10D5C000FCF7EAFD002C05D168468078122807D0C8
:10D5D0001B2803D068880121FEF76EFC05B030BD22
:10D5E000684640780128F5D1F8E700003C5EFF1F4F
:10D5F00070B505460C4608880021FEF71DFA002884
:10D6000005D0017A22462846FEF7A2FB70BD012014
:10D6100070BD000001494860704700003C5EFF1F7C
:10D6200010B50446801C00F02FFDFF20E07010BDF7
:10D6300010B500F025F8002800D0806810BD002249
:10D640009300CB5A834202D1900040187047521C7D
:10D65000D2B2022AF4D3002070470000074A00210A
:10D66000CB00D35A834202D1C80080187047491CAE
:10D670000906090EF4D0002070470000145BFF1F5C
:10D680000649896805E08A88824201D18868704726
:10D6900009680029F7D1002070470000045BFF1FD4
:10D6A000F8B50746012906D0022924D1012101F04D
:10D6B000BBFD00281FD13846FFF7D0FF050015D06D
:10D6C00000240D4E0CE0F8206968604308180188BA
:10D6D000002908D0F8220021FCF7C2FC641CE4B247
:10D6E00070788442EFD30020C04328800249384636
:10D6F0001831FDF78FFFF8BD045BFF1FF3B5064639
:10D7000083B008300190002000907088FFF7A6FFDA
:10D7100007002FD0002523E0F820796868430C1813
:10D720002188002920D00198007801280FD1608835
:10D730000090A3887088A21DFEF730F900900028A1
:10D7400005D0019900200870049821880180F822F2
:10D7500000212046FCF784FC00206D1C2080EDB2E7
:10D76000074840788542D7D30020C04338800098CE
:10D77000002802D17088FDF7B9F8009805B0F0BD17
:10D78000045BFF1FF3B50546374C064685B00835E8
:10D79000F62200212046FCF763FC03A800902B79B9
:10D7A000698828886A1DFEF76DF9074645E070888C
:10D7B0002E4A4100515C2E4BC91FC9B20093002272
:10D7C00002910192284B69468A89F63B3946FDF75A
:10D7D00081FF002812D126482989001F82889142A2
:10D7E0000CD121492846F6390A30FCF72DFC0028D7
:10D7F00004D021787889890009194880684682898F
:10D80000698804AB3846FEF76FF907462078810037
:10D8100009194A88002A10D0002F05D06A46128ABA
:10D82000401C20708A800AE002060021920DC94344
:10D830001219401C2070918006E0002F04D00D4882
:10D84000217800888142B2D32078002806D07088E1
:10D850002146FDF753F8002007B0F0BD069829884F
:10D8600001800A20F8E70000728DFF1F945DFF1F02
:10D87000085BFF1F905DFF1FF0B585B004460020D8
:10D880006946888120790E2869D00FDC082823D0CA
:10D8900004DC022813D0062818D118E025460835E4
:10D8A000484F0A281DD00C2810D138E010285BD032
:10D8B00012285ED0162861D0182877D163E043483B
:10D8C0004149008808806088FCF7F0FF6EE003A9FA
:10D8D0002046FFF757FF5AE003A9204600F076F9EB
:10D8E00055E0288804A9FEF7A7F8010015D0608844
:10D8F000354E4200BA5C0023521ED2B2019302920E
:10D9000000966A46B31C128AFDF7E4FE00281DD17A
:10D9100060883146FDF778F948E0012016E0288854
:10D9200004A9FEF789F80100F7D060886B884200EF
:10D93000BA5C254E521ED2B20193029200966A46FC
:10D94000B31C128AFDF7C6FE002803D029886A4658
:10D9500091811CE060883146FDF726F926E003A995
:10D96000204600F0D3F912E003A9204600F082F827
:10D970000DE003A9204600F039FA08E003A920468B
:10D9800000F028F803E003A92046FFF7B7FE0028BF
:10D990000CD06178142909D00B4922790A706A46A3
:10D9A00092894A8008716088FCF776FF2046FEF76E
:10D9B0002BF80748C168002901D02046884705B0E8
:10D9C000F0BD0000945DFF1F728DFF1F8E5DFF1F75
:10D9D000045BFF1FF8B504460F460546083400896E
:10D9E0006946FEF729F806003AD0307A80060ED54F
:10D9F00068460088FFF71CFE030006D068881222E4
:10DA000031469847060002D02BE00E2629E06E88AA
:10DA10003046FFF723FE010005D11448FFF71EFE34
:10DA200001000ED00E80124A0020527807E0F8263E
:10DA30004B6846439B5B002B05D0401CC0B2904214
:10DA4000F5D309260DE04968F8225043081821460D
:10DA5000FCF7EEFA002668882146FDF79BF802E005
:10DA60000126208838803046F8BD0000FFFF000006
:10DA7000045BFF1FF3B58BB000200B9E074603909D
:10DA800004A800903246337B718930894C4C0D32AA
:10DA90000836FDF7F7FF054678E00B98297A4088AD
:10DAA000FEF743F9070003D00C98698901806FE005
:10DAB0000B9844494088444B4200895C0093891F7D
:10DAC000C9B20022029101923D4B69460A8AF63B97
:10DAD0002946FDF7FFFD0700E6D10398002833D063
:10DAE00039486188001F8088021D914253D10399F3
:10DAF00009180B98408842003248805A801F8142A2
:10DB000049DC0399A87A6118087103986989401C57
:10DB100080B22218090A401C117180B20390684635
:10DB2000028A718807AB2846FDF7DEFF050011D099
:10DB300003986946898B2018017103986946401C37
:10DB4000898B80B2090A0CE01F48001F8088001DE5
:10DB50006080D6E70398FF21201801710398401CCC
:10DB600080B222181171401C80B217490390091F1E
:10DB70008A8813492018F639001DFCF759FA124912
:10DB80000398091F8988401880B20390002D84D122
:10DB9000039800280CD061880398FCF7DFFA207006
:10DBA0000B9821464088FDF709F800200DB0F0BD24
:10DBB000002F00D10A270C98318801803846F5E7FC
:10DBC000728DFF1F945DFF1F085BFF1FF3B50746B3
:10DBD000044608378BB049480490388800252E4603
:10DBE00005906AE007A800903B7979887A1D05982E
:10DBF000FDF748FF0890002852D04089059008980A
:10DC0000017A6088FEF791F806005DD160883C4992
:10DC10004200895C3B4B091FC9B20093002202916C
:10DC20000192364B69468A8BF63B0899FDF752FD07
:10DC3000060049D1002D36D0049841883148001F94
:10DC40008088801C814241D12E4B1B1F9888291847
:10DC5000608842002A48805A001F814220DC0898D0
:10DC6000817A04984019017108996D1C4989E8B2BC
:10DC70000A0A049909180A71401CC5B21946049889
:10DC80008A881E494019F639001DFCF7D1F91D4854
:10DC90001D49001F00792818C5B20598884209D18E
:10DCA000002D13D123E017480499001F8088801CA1
:10DCB0004880C9E7401C80B2059060884100104848
:10DCC000405A001FA8428DDA002D0ED004984188DA
:10DCD0002846FCF743FA01460498017060880499CD
:10DCE000FCF77AFF00200DB0F0BD002E00D10A260F
:10DCF0000C99059808803046F5E70000728DFF1FEB
:10DD0000945DFF1F085BFF1FFFFF0000F3B5064691
:10DD10000446002085B0324D009008362880074622
:10DD20003046E030049048E07800305A03A9FDF70F
:10DD300083FE01001AD060882B4B8446420029489C
:10DD4000805C0093401EC0B2002202900192244BDE
:10DD500068468289F63B6046FDF7BCFC00900028CF
:10DD600007D07800315A0698018035E001200090F4
:10DD7000F7E71D492888091F8988421861884B00E8
:10DD80001849C95A4B1E9A4204DD081A1649091F40
:10DD9000401E88802988A81C08181349091F8A88F2
:10DDA0000F49F639FCF744F90F482988001F80888D
:10DDB000081828807F1C0498FFB2807DB84207D9DC
:10DDC0006088298842000748805A401E8142ABDBA8
:10DDD00060882946FCF70EFF009807B0F0BD0000F0
:10DDE000728DFF1F945DFF1F085BFF1FF3B5054693
:10DDF00083B004460835008901A9FDF71DFE2746BA
:10DE0000E8370646002822D0307A80060ED56846CC
:10DE10008088FFF70DFC030006D06088122231468F
:10DE20009847060002D013E00E2611E00020009073
:10DE30006B88298860882A1DFDF7B0FD060007D190
:10DE4000787E002807D16088FCF70AFF03E00126EE
:10DE5000049829880180787E002802D0002005B02F
:10DE6000F0BD3046FBE700000149C8600020704764
:10DE7000045BFF1FF8B504460246F82042431948E8
:10DE800000250746457010377868002807D0002025
:10DE9000C100C919401C00064D60000EF8D0124E9A
:10DEA00000213046FCF7DCF8002001466143C9B28E
:10DEB000F82251438B190B49C2001031521800212E
:10DEC000536005E0F8274F435368491CDD53C9B23E
:10DED000A142F7D3401C0006000EE6D00148447072
:10DEE0000020F8BD045BFF1F848BFF1F7CB50C78FE
:10DEF000069D022C0FD14C682678647824023419D0
:10DF0000064EA4B2F44206D10224DBB2009501947D
:10DF1000FDF798FB7CBD01207CBD0000FED6FFFF15
:10DF2000F8B505461D48854223D0461C002921D05E
:10DF300001292BD002291CD10121284601F074F9B6
:10DF4000002816D12846FFF7AFF9040011D0A078B9
:10DF5000FF280ED0FE2807D000200090E0781E2376
:10DF600014222946FFF7C8F92046FFF759FBFF2086
:10DF7000A070F8BD2846FFF797F90028F9D1304680
:10DF8000FFF792F90028F4D00580F8BD2846FFF786
:10DF90008BF90400F9D02680D9E70000FEFF0000CD
:10DFA000F3B50C468978C1B01E2914D02E4D2878BF
:10DFB000FF2829D0182927D84808C2002B48121852
:10DFC000803A976F002F1FD0D06F00281CD0207888
:10DFD000002817D113E04198FFF766F905000BD030
:10DFE00000200090A378E87800224199FFF784F997
:10DFF00006462846FFF714FB304643B0F0BD627872
:10E00000012A03D1122901D00620F6E702AE0096BC
:10E01000A3886178A268B8470028EED1A0784008AC
:10E02000C100124808188038C26F02A94198904771
:10E0300000280FD061780029DFD1A27869460A70E4
:10E04000087168460189418069464198FCF724FCC3
:10E050000020D2E7A378042BCFD0009600222878A6
:10E060004199FFF749F9C8E72C5EFF1F1C0A01110F
:10E0700000B50346FDF740FE002803D0C018401E3F
:10E0800080B200BD184600BD10B5040008D020784D
:10E09000FF2805D0FE2803D0FCF7CCF8FF20207025
:10E0A00010BD0000F7B506460F461020FCF714F827
:10E0B00005461020FCF710F80446002D3AD0002C3D
:10E0C0002DD010220021FBF7CBFF2A4621463046F7
:10E0D00001F0B2F9060023D12878000604D43946AD
:10E0E000284600F0B3FF08E02146284600F0AEFFC6
:10E0F0003A461149204602F023FC3878000604D441
:10E100003846029900F0A2FF0AE02146384600F0A6
:10E110009DFF09492046029A02F012FC00E01326F6
:10E120002846FBF7EBFF002C02D02046FBF7E6FF6A
:10E130003046FEBD1326F6E7A60A0111F8B506988B
:10E1400000271D4614460E46002801D00B20F8BDBE
:10E1500030780021022801D019804DE070680278E3
:10E16000407800021018152280B25202801A030073
:10E17000FBF770FF0504121F1A254100F068FBF73A
:10E18000E1FFC2B20798824200D902462A80F168B4
:10E190002046FBF74DFF30E0F0680221008829801F
:10E1A0002070000A607028E0062028800246F1688E
:10E1B000EEE701202880F068007820701DE0F0680C
:10E1C000002816D008212980017821700188090AC9
:10E1D00061708178A1704188090AE170017921712B
:10E1E0008188090A61718179A171C088000AE07192
:10E1F00003E0298001E0298001273846F8BD10B5E9
:10E200000B78840702D50224234301E0FD24234038
:10E210000B7003070B7802D50824234301E0F72491
:10E2200023400B7083060B7802D52024234301E0A2
:10E23000DF2423400B700A21084201D1810603D557
:10E2400010780C21084304E0002803D11078F32152
:10E250000840107010BD0000FFB581B008780024A0
:10E260000A9E1F460D4602280FD168680178407843
:10E2700000020818152180B24902401A09D001286D
:10E2800029D0022848D003283CD00124204605B0DC
:10E29000F0BDE868FBF756FFC0B2864205D8F0191A
:10E2A0000090152803D90D24F0E70724EEE7E8686D
:10E2B0003A4680190399FBF7BBFE0098EA6880B2E2
:10E2C000002111541C4840680028DFD00168002953
:10E2D000DCD0002012E0002E12D1022BE3D10399F2
:10E2E000E8680A78497809025118018012484068A4
:10E2F0000028CBD001680029C8D001208847C5E795
:10E300000B24C3E7002EFBD1062BCCD10622E868F4
:10E310000399FBF78DFEB9E7002EF1D1012BC2D195
:10E3200003980078002803D0012801D08024ADE7AD
:10E33000E9680870AAE70000685BFF1F10B5044891
:10E34000C16B034A40321068D06000F021FA10BD62
:10E350000080004030B5C21F0A2A01D3062030BD1C
:10E360000124074D9440002905D0002100F0A4F8B5
:10E370002868204301E02868A0432860002030BDC1
:10E3800000380040054B01228240D868002901D0A6
:10E39000104300E09043D860704700000038004010
:10E3A00010B5114C2078002801D0072010BDFF21A6
:10E3B0002D310D48FBF744FF012020700B49002050
:10E3C000086348630A490862486202211020FDF789
:10E3D00091FF1020FDF782FF064A07490D20FBF749
:10E3E00035FF002010BD0000C491FF1F00800040D9
:10E3F00080F0004009E600117DE5001110B51728F6
:10E4000001D3052010BD0C4B9C6B012282401046AD
:10E4100020439863586B90435863DC6B012907D005
:10E4200020469043D863186B02431A63002010BD46
:10E4300010462043F6E7000000800040054B012213
:10E44000801E82405869002901D0104300E09043AB
:10E45000586170470038004070B5044614480E46B5
:10E460000519002902D16878012808D0002120462A
:10E47000FFF788FF022C04D0032C02D005E0072010
:10E4800070BD01212046FFF7D9FF00212046FFF78C
:10E4900061FF08490120A0404A68012E05D082434F
:10E4A0004A6002206870002070BD02434A60FAE7AB
:10E4B000C491FF1F0080004070B5420083180D4AD0
:10E4C0009C18A5786478D65C641B0122641CA24069
:10E4D000521EAA40084BA940132806D2B000C0180B
:10E4E000836893430B43836070BD5869904308432E
:10E4F000586170BD9709011100F0004007494A6852
:10E50000012383401A4201D0096802E003494031E7
:10E510000969C140C807C00F704700000080004073
:10E5200070B5154C45002E1976780123114AB34079
:10E5300000290ED0142809D0152807D0162805D098
:10E54000605780008018816819430DE050691843B6
:10E550000EE014280AD0152808D0162806D06057D7
:10E560008000801881689943816070BD506998432C
:10E57000506170BD00F00040DC09011170B5104D14
:10E5800000242E197078012803D1E0B20121FFF791
:10E59000C7FF707802280ED1E0B2FFF7AFFF01216C
:10E5A0004140E0B200F074F8E0B2FFF7A7FF0C21A1
:10E5B000614349194876641C172CE2DB70BD0000EA
:10E5C000C491FF1F10B50F4C0D4A0123245C142881
:10E5D00009D2106A002902D0A340184301E0A340E9
:10E5E0009843106210BD506A002903D0203CA3401C
:10E5F000184302E0203CA3409843506210BD000045
:10E6000080F000408009011170B502211020FDF753
:10E6100071FE1020FDF762FE00241C4D07E0022C65
:10E6200001D0032C03D1E0B20121FFF707FF281925
:10E63000407801280BD1E0B2FFF760FFE2B201465B
:10E64000104600F061F8E0B20021FFF769FF0C20EE
:10E6500060434019007E002814D0E0B200F066F854
:10E66000E6B23046FFF74AFF002801D0012100E062
:10E6700000210C2272435219527E824202D030464F
:10E6800000F0BAF8641C172CC9DB70BDC491FF1FE1
:10E69000F8B542008318184AD55C9A189278521E31
:10E6A000D4B2164A12185278022A21D1144EB76BEE
:10E6B0000122134683401F43B763124B13280ED227
:10E6C000002906D0A900C9188B68A24093438B602B
:10E6D0000BE0A900C9188B68A2401343F7E7002993
:10E6E000596906D0A240914359610121FFF76AFFA1
:10E6F000F8BDA2401143F7E797090111C491FF1F2C
:10E700000080004000F00040012200B5064B82402E
:10E710000029196801D0114300E0914319600121DB
:10E72000FFF79AFE00BD00000080004070B504466F
:10E73000164821460C2251430D186A680026002A0B
:10E7400002D1AA68002A1CD0104B0222183B1B19C8
:10E750005A700122425400212046FFF77DFE68686E
:10E76000002808D0A86800280DD02046FFF7C6FE74
:10E77000002808D0002631462046FFF73FFE002043
:10E7800070BD122070BD0126F5E70000DC91FF1F6F
:10E79000F3B5184E002481B0074601252846A04055
:10E7A000384223D00299084000D001200090E0B206
:10E7B000009900F021F80C206043801941688068BE
:10E7C00000290ED0002807D00098002802D0002190
:10E7D000E0B203E00121FBE7E0B20121FFF70EFE0A
:10E7E00004E0002802D0E0B20021F7E7641C172CF7
:10E7F000D4DBFEBDDC91FF1F074A0C2343439B186B
:10E800005A68002A01D0012904D09A68002A02D04F
:10E81000002900D110477047DC91FF1F08B5094857
:10E820008368002B0CD01A78694601205B1CFDF729
:10E8300020FE002804D00078C00701D0012008BDC8
:10E84000002008BD045EFF1F10B503460B4A0020E0
:10E850000A21414389184988002905D0401CC0B2CB
:10E860000328F5D3002010BD0A210024414354544D
:10E870000446403488184480037210BD0494FF1F7E
:10E880000A7802700A88120A42708A7882704A886E
:10E89000120AC2700A7902718A88120A42718A7950
:10E8A0008271C988090AC17108207047F8B5054608
:10E8B0000C4648680421FBF78DFC217A0170218900
:10E8C0000346401C090A0170217841702188090A19
:10E8D0008170207A001DC2B2FB2A36D81C488542BE
:10E8E00015D114461E460C20FBF732FC01000CD05B
:10E8F00090200870022008714D808E601548CC80F1
:10E900000078FBF701FC00271DE013271BE05C20CB
:10E9100011496843441826464036307E002806D008
:10E9200008465C30416A0727491C41620BE02146DA
:10E93000284600F095F90746307E002803D121468D
:10E940002846FBF789FC3846F8BD0220F8BD0000D8
:10E95000FEFF0000495EFF1F8094FF1F10B50A4AAA
:10E9600000210A234B439B185C88002C06D01B799E
:10E97000834203D10A204143881810BD491CC9B203
:10E980000329EED3002010BD0494FF1F0021418015
:10E990000170704770477CB504000FD06088002874
:10E9A0000CD00025009501951323E188207A1722C9
:10E9B00000F028F8FF206072658025707CBDF8B5F6
:10E9C000074615460E461020FBF7C2FB040017D081
:10E9D000A0202070002060706680002D05D00C22E1
:10E9E0002946201DFBF724FB04E00C220021201DFA
:10E9F000FBF736FB21463846FBF786FB0020F8BDC7
:10EA00000120F8BDFFB581B01E46174614200B9DAE
:10EA1000FBF79EFB04001AD0A220207067700298BA
:10EA200060800A9820716671002D06D020460C2265
:10EA300029460830FBF7FCFA05E020460C220021AD
:10EA40000830FBF70DFB21460198FBF75DFB05B095
:10EA5000F0BD022A1CD34B780A781B02D21892B25E
:10EA60000280012A02D0022A06D00FE08A78C978F3
:10EA700009025118418009E0CB788A781B02D2182C
:10EA800042800A7949790902511881800020704733
:10EA900001207047F8B506464D88002070600A795D
:10EAA0000C46022A12D0290160480091415A0029DF
:10EAB00006D0009B1F18BB68002B01D0012A7DD017
:10EAC0005A486C304169491C4161A9E0E288042A36
:10EAD00043D3A068437801781B02C91889B200911A
:10EAE000C37881781B02C9188FB2017AC0790002FD
:10EAF00008184F4948800099091D8A4220D1072FE4
:10EB000013D0052F11D0042F02D0062F25D10CE0F1
:10EB100046482901405A002807D02846FDF730FA18
:10EB200042486C300169491C01610098308137808E
:10EB30000321C943A068FBF74DFB70600020F8BDBE
:10EB4000072F18D0052F16D0042F07D0062F12D06C
:10EB500036486C30C168491CC16064E03348290103
:10EB6000405A002807D02846FDF70AFA2F486C3093
:10EB70000169491C01612D492D01002048536E187F
:10EB80000098B081B7800098FDF77EFAB060002849
:10EB900018D00321C943A068FBF71CFBE28801469B
:10EBA000224F121FB068FBF743FA785BE1884018E8
:10EBB000001F785338466C30016800E008E0491CBB
:10EBC000016030E019486C308169491C81612AE09C
:10EBD000E2888918009A89B28152BA8991421AD87A
:10EBE0000546B868E2884018801AA168FBF720FA49
:10EBF0000098295AB889814215D13081B88830806F
:10EC0000B868706000990020685208486C3041680C
:10EC1000491C416007E005486C308168491C8160EF
:10EC20002846FDF7ADF90120F8BD00007094FF1FE4
:10EC3000645EFF1F022A01D0012070470A784978DC
:10EC4000090251180180002070470A7802704A7842
:10EC500042708A78C97809025118418070470000D3
:10EC6000FFB50C4607463D49A1208000096878435E
:10EC70004018FF30C130067E89B015463846FBF794
:10EC80005FFE001DB04204D23846FBF759FE001D5E
:10EC9000C6B2B54207D82A46002138460C9BFBF77E
:10ECA000E1FA0DB0F0BD31462846FBF757FA27468A
:10ECB000403738740C99616501467143691AC9B2CD
:10ECC00002910C9904910299002901D0401C3874DA
:10ECD000002523E00299002904D0401EA84201D15A
:10ECE000084600E03046E900059103916054FDF7C5
:10ECF000DFF803990919486000281BD00599625C68
:10ED00000499FBF795F90598215C0498081804907C
:10ED10001348C169491C6D1CEDB2C161387CA84221
:10ED2000D8D8606D002803D0FBF736FA0020606564
:10ED30000020B6E7002038740646606506E0F00063
:10ED400000194068FBF728FA761CF6B2AE42F6D3FB
:10ED50000348C16A491CC1621320A2E73409FF1F9E
:10ED6000DC94FF1FF7B586B016460D464878FFF7CE
:10ED7000F5FD040010D0002727712878012802D063
:10ED8000132809D105E06A88314602A8FFF761FE21
:10ED90000AE02078032802D0002009B0F0BD6A887C
:10EDA000314602A8FFF746FF0646204600F046F926
:10EDB00002A8019000972B78207A32460699FFF737
:10EDC00021FE2046FFF7E2FD3046E6E7FEB50446A9
:10EDD000468801466846FFF75DFE05460198002813
:10EDE0002FD068460088052806D0042809D00628B8
:10EDF00007D0072805D026E06946304600F030F8F5
:10EE000021E081001548081801464039098E002983
:10EE100019D02038807C6A463146FFF7D0FD0028A3
:10EE200011D168460088042803D001213046FDF73F
:10EE300043F8012D04D1A068002801D0FBF7ACF9FC
:10EE4000FEBD012D04D1A068002801D0FBF7A4F974
:10EE500001213046FDF730F8FEBD0000F493FF1F9E
:10EE600030B50546088987B00C46042817D302A898
:10EE70006168FFF7EAFE68464089172837D821897C
:10EE8000001D81421ED16846007AC10709D0626820
:10EE900002A92846121DFFF765FF002812D107B00E
:10EEA00030BD6168091D122805D000206946088020
:10EEB000497A6A4622E06846428903A8FDF72CF8A1
:10EEC000002803D02846FFF765FDE8E70D48818854
:10EED0000029E4D06946497A03AA01920091694663
:10EEE0000B7A807900222946FFF78CFDD7E70121B4
:10EEF0006846018017214180417A6A462846FCF71E
:10EF0000BFFFCCE7F493FF1F70B5144C002626809A
:10EF1000A681A680A0683546002802D0FBF73CF900
:10EF2000A5600E4C103420464030057445740576BB
:10EF3000606D002802D0FBF72FF965655C20002585
:10EF400046433419E80020184068002801D0FBF738
:10EF500023F96D1C0A2DF5DB70BD00007094FF1FB6
:10EF6000FFB589B015460E461720129FFDF78CF8A5
:10EF7000040021D0684606704570002F03D0201D84
:10EF80000C99B84700E000206946488026706570FB
:10EF90004888A070010AE170052269468A82001D36
:10EFA0000694888305A90998FFF780FC050004D022
:10EFB0002046FBF7F1F800E0132528460DB0F0BD20
:10EFC000FFB581B01E46054601210A9F0B9C00F04B
:10EFD0002BF9002811D02046FFF736FC00280AD074
:10EFE000C5800446077012484178491C0A06120E73
:10EFF000427004D005E015250FE014250DE0012234
:10F000004270227100962846039B0299FFF7A8FFE1
:10F01000050005D02046FFF7B9FC284605B0F0BD35
:10F0200023462146034A09330348FBF721F9F4E755
:10F03000645EFF1F3075000097E9001110B50446AB
:10F04000407AFBF7F7F8FF20607210BD10B500247E
:10F050000F22835C5B0023438B54835C521EDC09CC
:10F0600052B2002AF5DA10BDFFB581B01E46174630
:10F070000D46084600F04AF8002802D0112005B0DD
:10F08000F0BD0E4800F042F8040015D00A98A071B7
:10F090000622E01D0B99FAF7CBFF65802771667198
:10F0A00001982070002060620C98E08100212846C1
:10F0B00000F0CCF80020E2E71520E0E7FFFF0000B9
:10F0C00070B514460D46064600F020F800280BD017
:10F0D000416A007900290CD0C20611D580070AD4F4
:10F0E000002C08D0052070BD074886420AD01420A5
:10F0F00070BDC006F6D5887EA84203D20C2070BD34
:10F100000F2070BD002070BDFEFF0000084A0021E6
:10F1100028234B439B185B88834203D1282041431B
:10F1200088187047491C0906090EF1D00020704765
:10F130002494FF1F30B50B4C0B4B002128224A436F
:10F14000D5186D88A54206D09A5C824203D128204A
:10F150004143C81830BD491C0906090EEED00020F5
:10F1600030BD0000FFFF00002494FF1F10B50020F9
:10F170000B4C0C4B014628224243D2185480401CB1
:10F18000117100065162000EF5D0064A00202832A7
:10F190008300401CC0B2D1500528F9D310BD000037
:10F1A000FFFF00002494FF1F0020074A0146282388
:10F1B0004B439B181B79002B01D0401CC0B2491C4B
:10F1C0000906090EF3D070472494FF1F074A002157
:10F1D0008B00D358002B05D0491CC9B20529F7D3A1
:10F1E0001320704789005050002070474C94FF1F37
:10F1F00010B5FFF78BFF040013D06088012100F0E9
:10F2000025F8606A002801D0FAF778FF282200214B
:10F210002046FAF725FF0020C043608000202071BF
:10F2200010BD022010BD000010B50C4606498842F2
:10F2300006D0FFF76BFF002804D00079204201D0F0
:10F24000012010BD002010BDFEFF0000F8B5084DE4
:10F250000E4607460024A0002A58002A02D0314654
:10F2600038469047641CE4B2052CF4D3F8BD000086
:10F270004C94FF1FFFB581B00298FFF747FF0400D1
:10F2800069D00298354986008A59002A63D0136AEA
:10F290001820002B00D03420936A002B00D01430AB
:10F2A000049B002B00D01C30516A002900D016307E
:10F2B000FAF74EFF05004ED018220021FAF7D0FED3
:10F2C0002620FBF791FF070000D12778D020287077
:10F2D000019868700A20A8700298A8800398A87105
:10F2E0001E482C4680591834006A002808D01B4953
:10F2F000AC60895920461C34096A1C22FAF798FE32
:10F3000016488059806A002808D01449EC60895951
:10F3100020461434896A1422FAF78AFE04980028D9
:10F3200006D02C6120461C341C220499FAF780FE7A
:10F330000A488159496A002906D06C618059162211
:10F34000416A2046FAF774FEF8B22946FAF7DCFE65
:10F350000298FDF7BFF805B0F0BD0000FC5DFF1F8F
:10F36000FFB581B01D46174614200E9EFAF7F0FE39
:10F37000040020D0D0202070019860700520A0707B
:10F38000E770002D05D006222946201DFAF750FE11
:10F3900004E006220021201DFAF762FE0A9860812F
:10F3A0000B98A0810C98E0810D982082A6742146CC
:10F3B0000298FAF7A9FE05B0F0BDF8B506461C465E
:10F3C00015460F460820FAF7C3FE010009D0D020E9
:10F3D00008704E70062088708D808C713846FAF760
:10F3E00093FEF8BD007841078207C90F920F89008C
:10F3F0000006C00E1143C0000843704701468A0052
:10F4000008491020895800290AD00A6A002A07D022
:10F410008968002904D0107A097E884200D3084602
:10F42000704700006C5EFF1F10B502460146203297
:10F430001031FAF723FF10BD10B5FAF71FFF10BD0A
:10F440007FB50D46044681000948405800280ED07B
:10F45000014668314EC903966E460EC6037FC288C8
:10F4600001782846FDF7A4F8204600F003F87FBD98
:10F470006C5EFF1F70B5044600F0BEFCA500134C87
:10F480006059002821D0006A002801D0FAF736FE22
:10F490006059806E002801D0FAF730FE6059C06EC6
:10F4A000002801D0FAF72AFE6059006F002801D029
:10F4B000FAF724FE6059406F002801D0FAF71EFECB
:10F4C0006059FAF71BFE0020605170BD6C5EFF1F93
:10F4D0007FB5084D84002959102268462531FAF776
:10F4E000A7FD2859044BC0886A46112100F014FC7E
:10F4F00004B070BD6C5EFF1F3D0201117FB50C4C66
:10F5000085006159002910D0694600F029FC605936
:10F510000178C088002901D0064B00E0064B6A46FE
:10F52000072100F0F9FB04B070BD0120FBE70000EB
:10F530006C5EFF1F990201112B03011170B50D467E
:10F54000064600240AE0FAF79FFE010A3155641CC2
:10F55000E4B2AC4202D23055641CE4B2AC42F2D305
:10F5600070BD00007FB5084D8400295910226846FF
:10F570003531FAF75DFD2859044BC0886A461121E0
:10F5800000F0CAFB04B070BD6C5EFF1F7702011172
:10F5900010B5064A8300D258002A06D0D28882428B
:10F5A00003D1012901D1FFF765FF10BD6C5EFF1F7C
:10F5B00070B50E4C064685006059002813D00078BF
:10F5C0002146002810D08868002804D0416800290E
:10F5D00001D03046884760594078122803D1002175
:10F5E0003046FFF72DFF70BD4868EDE76C5EFF1FEA
:10F5F00010B50A46024B112100F08EFB10BD000031
:10F60000A50101111CB50446684613460170062287
:10F610001946401CFAF70CFD034B6A4608212046A8
:10F6200000F07AFB1CBD0000C701011110B50A46AD
:10F63000024B112100F070FB10BD0000ED01011123
:10F6400010B586B004466846134601800822194664
:10F65000801CFAF7EDFC044B6A460B21204600F0B3
:10F660005BFB06B010BD00000F02011110B50A4689
:10F67000024B112100F050FB10BD000039030111B5
:10F6800030B587B00446002069460875A068057843
:10F690002B00FAF7DFFC0C2C07070F1215181B1EA6
:10F6A0002124272C00F0CAFE12281DD1062069460D
:10F6B000087529E000F094FE16E000F0B0FE13E0BB
:10F6C00000F09DFE10E000F048FE0DE000F074FE3A
:10F6D0000AE000F062FE07E000F04EFE04E000F0F9
:10F6E00025FF01E000F014FF002802D008E0072009
:10F6F000DEE760886A46294600F028FF69460875FB
:10F700006846007D002805D0608805A900F0F2FA5F
:10F7100007B030BD608800F043FBF9E7F8B52B4D2A
:10F7200006468700E8590C46002807D0C188B14238
:10F7300004D14178062904D0112930D0002C36D0CC
:10F740003EE002782149002A25D08368026A5B697D
:10F75000DC0704D0147BE40701D0072105E09C07F7
:10F7600005D5147BA40702D5092141702CE05B0765
:10F7700004D5127B520701D50B21F6E788680028D3
:10F7800022D0416800291FD030468847E859407888
:10F79000122802D018E04868F1E7002103E0002CAD
:10F7A00000D0322421463046FFF74AFE0CE03046B6
:10F7B000FFF7ACFC002803D001791022114301713E
:10F7C00031462046FDF7BAFB0120F8BD6C5EFF1FF5
:10F7D00070B501780124922902D0A02919D130E016
:10F7E00041780E2902D03E2913D10BE081881A4AB4
:10F7F000D14205D18068411C007800F033F81EE04A
:10F8000000201CE0014680780124052803D0082848
:10F8100011D000241DE011480078400719D5104888
:10F820000068002815D08368002B12D0CA89888808
:10F83000891D984703E088888979FFF76FFF0446A0
:10F8400007E00546FFF71CFFA868002801D0FAF77B
:10F85000A3FC204670BD0000E8DFFFFF9B5DFF1F9B
:10F86000705EFF1F70B51D4C05462068002825D02E
:10F87000002D06D10278002A21D008220A30FAF79A
:10F88000D7FB20682E46002817D01220FAF760FC1C
:10F8900005000DD0C12028706E7021681022A81CB0
:10F8A000891CFAF7C5FB206829464078FAF72CFC3A
:10F8B0002068FAF723FC00202060012070BD082298
:10F8C000801CFAF7B5FBFAF7E5FC002801D001250A
:10F8D000D7E7216801200870EFE70000685EFF1F8E
:10F8E00001494860704700006C5EFF1FF7B588B0A3
:10F8F00016460446102200216846FAF7B1FB334D44
:10F90000A700E859002835D0C188A14232D101783A
:10F9100000292FD14278062A0FD0816E002929D0E4
:10F92000088A112A19D0B04224D10822123109982C
:10F93000FAF78AFB01283CD01CE00246014655320A
:10F94000353104AB0C3000F000FC002812D1204609
:10F95000FFF754FD024604A930E0B04206D1082268
:10F9600012310998FAF770FB01281BD0322120468A
:10F97000FFF766FD2046FFF7C9FB05000CD0696A5A
:10F98000002909D0088AB04206D10822123109980C
:10F99000FAF75AFB01280FD02046FAF781FC012024
:10F9A0000BB0F0BD2046FFF729FDE9590246896EEC
:10F9B00004E0E859816E00E0696A8A7E6846FAF7D9
:10F9C00037FB20466946FAF771FCE8E76C5EFF1FDB
:10F9D000F1B582B00298694C850060590178002920
:10F9E00076D141788768066A062907D0CA1F1300B6
:10F9F000FAF730FB050A48525B1872007969CA07AA
:10FA000006D0327BD20703D0806E002813D019E0D5
:10FA1000880702D5307B80073ED4480764D5307B09
:10FA2000400761D5FCF79CFD6159CA880146104624
:10FA3000FFF71CFE58E01C20FAF74EFB6159002826
:10FA4000886653D060591022866E00213046FAF73E
:10FA500007FB0298FFF7D2FC01463046FFF76EFD28
:10FA6000FAF712FC3082304608211230FFF766FDAB
:10FA70000298FFF7C3FCB07660593146C088FFF7A3
:10FA8000B7FD33E0816E002932D00A461232098A6E
:10FA9000C088FFF7D5FD2BE0FCF75CFD6159CA88F3
:10FAA00001461046FFF7C2FD3FE001200190FCF740
:10FAB0004BFD009001280CD0002000900198FCF72D
:10FAC00035FD024660590099C088FFF79BFD39E07B
:10FAD00023E000200190F2E7072907D0082907D08A
:10FAE000092922D00A292DD078690EE008201DE0CE
:10FAF0007869810704D5317B890701D5092015E094
:10FB0000410721D401E00B2010E0C10520D5B189C7
:10FB1000C9051DD50C2061594870FEBD40051ED594
:10FB2000B08940051BD51020F5E70A2061594870BF
:10FB30006059C088FFF7EAFA002812D0C08941084E
:10FB40000A1810E07869DBE7317B4907DDD5DAE791
:10FB50008105E3D5B1898905E0D50E20DBE71220C8
:10FB6000D9E7FF22F53206490298085402986359F2
:10FB7000091804481B1DFAF77BFBFEBD6C5EFF1FD6
:10FB80006094FF1FEDFD0011F8B5044600200090C1
:10FB90000E461020FAF7A0FA544AA5005159002841
:10FBA0000862515978D017468C6810223146FAF70E
:10FBB0003FFA78590178002962D1026A6069177B9F
:10FBC0002146C307FF071431DB0FFF0F0C32BB4286
:10FBD00004D1C30702D00123184301E040084000CC
:10FBE000086017788307BF07DB0FFF0FBB4204D104
:10FBF000830702D50223184301E0022398430860DB
:10FC0000177843077F07DB0FFF0FBB4204D1430781
:10FC100002D50423184301E00423984308601788A1
:10FC2000C305FF05DB0FFF0FBB4205D1C30503D59D
:10FC3000FF230133184302E0FF2301339843086098
:10FC400017888305BF05DB0FFF0FBB4205D1830576
:10FC500003D501235B02184302E001235B029843B2
:10FC60000860128843055205D70F0122DB0F92026C
:10FC7000BB4203D1430501D5104300E09043086027
:10FC80007078002809D06078002806D01748052130
:10FC900040592030017125E026E03079400708D432
:10FCA000A07C400705D41149012049592031087131
:10FCB00018E00E4842591078002802D02078317898
:10FCC00001E021783078042801D8042901D91820CE
:10FCD00007E08B00C918064BC918085C2032107168
:10FCE000002000900098F8BD1320FAE76C5EFF1F1B
:10FCF000B60A011170B50C460A460646054B0221AC
:10FD000000F00AF8054621783046FFF799FB2846AF
:10FD100070BD00005F020111FEB5164605460622C1
:10FD20006846028001811C460846FCF7ADF9019047
:10FD300000280ED001463046A047040005D1694690
:10FD40002846FCF767F9040004D00198FAF724FA72
:10FD500000E01324284600F023F82046FEBD0000F2
:10FD600070B50D4681000D48405800280FD08468BA
:10FD7000002C0CD02078287060786870A17C281D39
:10FD800000F054F8207E28726069E86070BD10228F
:10FD900000212846FAF764F970BD00006C5EFF1F71
:10FDA000F8B504462020FBF71FFA0D4E0546A700C4
:10FDB000F059002812D0002D10D0C078FF2804D0B0
:10FDC0002946FAF779FA002808D006482A46045549
:10FDD000F35901190448DB1CFAF74AFAF8BD000090
:10FDE0006C5EFF1F1095FF1F23FE001110B50078F9
:10FDF000FFF7DEFB10BD000070B5064C85006059B2
:10FE0000002805D0C078FAF715FA6159FF20C870AC
:10FE100070BD00006C5EFF1F10B51721FFF710FBCF
:10FE200010BD10B50078FFF7F7FF10BD10B50268E0
:10FE30008B07920892009B0F1A434C070423026021
:10FE4000002C01DA1A4300E09A43F823C9089A43C8
:10FE5000C9000A43026010BDFFB587B017461020E5
:10FE6000FAF73AF901901020FAF736F90090019864
:10FE700000287DD0009800287BD002460199079881
:10FE8000FEF710F904007ED11020FAF725F9029050
:10FE90001020FAF721F90646029800286BD0002EB0
:10FEA0007CD038460F30050902D038070CD000E06E
:10FEB000012500202901103900280898C9B205D071
:10FEC0004018324601991AE00120F3E740188446B1
:10FED0003A07120F002003A98023904202D26746FE
:10FEE0003F5C04E0904201D10B5401E000270F5425
:10FEF000401CC0B21028F0D3324603A8009900F08D
:10FF00001FFD102200210298FAF7AAF800276D1EA3
:10FF10000FE038070899000E091803AA029800F0AC
:10FF20000FFD03A9029A0798FFF786FA7F1C044683
:10FF30003FB2AF4202DA002CEBD011E0002C0FD11F
:10FF400003AA3146029800F0FBFC03A9029A079825
:10FF5000FFF772FA0446082202990A98FAF768F83D
:10FF60000298002801D0FAF7C9F8002E08D004E062
:10FF70001AE017E007E013E010E03046FAF7BEF8A9
:10FF80000198002802D00198FAF7B8F800980028E4
:10FF900001D0FAF7B3F820460BB0F0BD1324E2E726
:10FFA0001324E2E71324EEE71324EFE770B58CB0D7
:10FFB00015460E460446302200216846FAF750F8EE
:10FFC000102221466846FAF70BF907A803223146AA
:10FFD0000130FAF705F96846FFF726FA04460BA93F
:10FFE000032228460131FAF7FBF820460CB070BD19
:10FFF000FFB5244D07468600A8598DB000281AD0B9
:020000041101E8
:10000000C088FFF783F8040018D005A93846FFF729
:10001000A7FEA8590178002912D005A90291006A0B
:100020000190FCF791FA00900020FCF77FFA064659
:10003000A779E51D12E0122011B0F0BD1420FBE7F6
:10004000006A029005A80190FCF77EFA074600209E
:10005000FCF76CFA0546A079E61D009009A9019805
:1000600000F063F90BA9029800F016F910980490BB
:100070000BAB09AA0297019603950F990E9800F011
:1000800003F8D9E76C5EFF1FFFB595B004461F4625
:100090003022002104A81E9E209DF9F7E1FF1022C6
:1000A000214604A8FAF79CF8102200216846F9F7C7
:1000B000D7FF072268461799FAF792F801A8072296
:1000C00039460330FAF78CF8002D01D0012000E00A
:1000D000002069468873002E01D0012000E0002036
:1000E000C8731022002110A8F9F7BAFF062211A840
:1000F0001F99FAF775F812A8062202302199FAF72B
:100100006FF808A8102206461699FAF769F86946AA
:10011000304600F03AF804A8FFF786F904460CA927
:1001200010220D463046F9F783FF10A9304600F043
:100130002CF804A8FFF778F90443102229462298E6
:10014000FAF74EF8204619B0F0BD70B50C468CB0E9
:10015000164601461D4610226846FAF741F8082265
:10016000214604A8FAF73CF80822314606A8FAF717
:1001700037F86846FFF758F904461022284608A9C0
:10018000FAF72EF820460CB070BD10B500220378A7
:100190000C78521C63400370D2B2401C491C102AD8
:1001A000F5D310BD10B500290BD0002809D00622C8
:1001B0000A704B1C014610221846F9F739FF00203F
:1001C00010BD022010BD10B500290DD000280BD0A5
:1001D00009220A704B1C01781970411C0622581C18
:1001E000F9F726FF002010BD022010BD10B5002930
:1001F0000BD0002809D008220A704B1C014610229F
:100200001846F9F715FF002010BD022010BD10B5EB
:100210000346002910D0002B0ED007200870481C80
:100220001978017019880822090A4170991C801CEC
:10023000F9F7FEFE002010BD022010BD10B5002908
:100240000BD0002809D003220A704B1C0146102253
:100250001846F9F7EDFE002010BD022010BD002960
:1002600007D0002805D005220A70007848700020C9
:1002700070470220704710B500290BD0002809D024
:1002800004220A704B1C014610221846F9F7D0FED2
:10029000002010BD022010BD0A4610B50146012005
:1002A00000F001F810BD70B50C46002A3BD0002CC0
:1002B00039D010702078507060789070D51C201D57
:1002C000FFF790F82870207A6870A089C005C00FE9
:1002D000A870A1898905C90F49000843A870A189A0
:1002E0004905C90F89000843A870A1890904C90EEE
:1002F000C9000843A870207BC007C00FE870217BAD
:100300008907C90F49000843E870217B4907C90FD5
:1003100089000843E870217B0906C90EC90008431B
:10032000E870002070BD022070BD0A4610B501467D
:100330000220FFF7B8FF10BD10B500290BD0002830
:1003400009D00A220A704B1C014610221846F9F700
:100350006FFE002010BD022010BD10B50B46002816
:1003600008D0002B06D0411C10221846F9F760FE79
:10037000002010BD022010BD10B50B4600280AD089
:10038000002B08D041781970811C0622581CF9F7FF
:100390004FFE002010BD022010BD10B50B460028F6
:1003A00008D0002B06D0411C10221846F9F740FE59
:1003B000002010BD022010BD10B50B4600280DD046
:1003C000002B0BD082784178120289181980C11C49
:1003D0000822981CF9F72CFE002010BD022010BD49
:1003E00010B50B46002808D0002B06D0411C102267
:1003F0001846F9F71DFE002010BD022010BD002890
:1004000009D0002907D040780870092805D80028AD
:1004100003D000207047022070471820704710B5A5
:100420000B46002808D0002B06D0411C102218468D
:10043000F9F7FEFD002010BD022010BD70B50C467E
:1004400000281DD0002C1BD041782170817861706C
:10045000C178051D201DFFF7E9FC28782072697816
:10046000FF22E06801329043CA07D20D10430122F7
:100470008B075202AD1CE060002B03DA104302E050
:10048000022070BD9043214AE0604B0701D5104324
:1004900000E090431F22D202C9089043C9020843DA
:1004A000E06029784008CA074000D20F10438B074C
:1004B0000222E060002B01DA104300E090434B077A
:1004C0000422E060002B01DA104300E09043F822A0
:1004D000C9089043C9000843E0602120FAF784FE70
:1004E000217A884205D82220FAF77EFE217A8842B6
:1004F00001D2122070BD2078042802D8607801282B
:1005000001D9182070BD002070BD0000000400005B
:1005100010B50A46002807D0002A05D041781046B9
:10052000FFF784FC002010BD022010BD10B50B4663
:10053000002808D0002B06D0411C10221846F9F7DD
:1005400077FD002010BD022010BD000070B51546DB
:100550000E460724FEF7DAFD002807D042790D4940
:10056000002A05D0012A09D0052070BD082070BDE1
:10057000094A127812070BD5896800E049680029FA
:1005800006D00B68002B03D02A4631469847044614
:10059000204670BD6C5EFF1F9B5DFF1FF8B5124CBF
:1005A0000646850060590F4641780C291AD1C06E65
:1005B000002806D11C20F9F78FFD61590028C86674
:1005C00010D060591022C06E3946F9F731FD30461F
:1005D000FEF714FF6159C96E887661590D20487085
:1005E0000020F8BD0720F8BD6C5EFF1F70B5104CF1
:1005F00005468600A05942780F2A01D0072070BD19
:10060000006F06221030491CF9F712FDA0598168CD
:10061000898A490506D5016A8989490502D51021CB
:10062000417003E000212846FEF70AFF002070BD5C
:100630006C5EFF1F70B50F4C850060590E46417807
:100640000E2901D0072070BD006F002806D11620AA
:10065000F9F742FD61590028086705D0605910225A
:10066000006F3146F9F7E4FC61590F204870002013
:1006700070BD00006C5EFF1FFEB5054640882A4B2A
:1006800086009B590024002B04D0DD88854214D0BD
:100690000820FEBD01290ED11446101DFEF7A2FE52
:1006A000E1680291217A009001916378227869884B
:1006B0000020FCF7CBFC0020FEBD1B78012B09D0ED
:1006C0000B00F9F7C7FC0B2E092E0D122A161A1E65
:1006D00022262E000720FEBD114600F0ABF802E0F6
:1006E000114600F055F804461CE0114600F076F87B
:1006F000F9E71146FFF752FFF5E7114600F016F84B
:10070000F1E71146FFF796FFEDE71146FFF76EFFA1
:10071000E9E7114600F0EAF8E5E71178FEF790FE08
:1007200000E007242046FEBD6C5EFF1F70B5174C2D
:1007300005468600A059C26E002A02D040780D28D6
:1007400001D0072070BD08881082A0590822C06E11
:10075000891C1230F9F76CFCA15988684069820540
:1007600005D50A6A9289920501D50E2006E040055A
:1007700006D5086A8089400502D51020487003E03C
:1007800000212846FEF75CFE002070BD6C5EFF1F56
:10079000F8B5114C074685006059002610224530F7
:1007A000F9F746FC61594878042812D00B460A46EE
:1007B0002533353238460C31FFF71AFC3846FEF740
:1007C00087FE002800D00826615905204870304671
:1007D000F8BD0320FAE700006C5EFF1FF0B5144C73
:1007E00007468500605985B0002610225530F9F77C
:1007F0001FFC61596B460A46553238460C31FFF7EB
:10080000F7FB6159102268464531F9F71DFC0128B4
:1008100003D00426304605B0F0BD3846FEF7A2FEF0
:10082000002801D00826F5E7615906204870F1E755
:100830006C5EFF1FF8B504460026FFF7A5F90028F7
:1008400004D018284ED008263046F8BD2046FEF7C2
:1008500055FEA500244C60598168897CC90709D0E0
:10086000016A09798907890F012903D1017F0122D2
:100870001143017760592421095C042702291ED005
:1008800003291CD004291AD0012901D00529DBD164
:100890000221417060592421095C01291CD0816822
:1008A00010220C30891CF9F7C3FB6059017F3943D2
:1008B0000177605910213530FEF740FEC4E7022968
:1008C00000D00121C088FBF709FF6059017F39433F
:1008D000017760594770B7E7102200210C30F9F713
:1008E000BFFBE6E70326AFE76C5EFF1FF8B5134CCE
:1008F0000646850060590F4600281CD0406F00282E
:1009000006D11420F9F7E8FB61590028486710D098
:1009100060591022406F3946F9F78AFB615900206F
:10092000496FC043086100213046FEF789FD002071
:10093000F8BD0820F8BD0720F8BD00006C5EFF1F61
:1009400030B50023C45CCD5C6C40D4545B1CDBB27E
:10095000102BF7D330BD0000020000007E0A011109
:1009600000000000EDDE00110000000002000000A9
:100970007C0A01113DE1001159E200110000000064
:100980000001020307090A0B0E0F101112141718A9
:10099000191A1B1F2021220002010005040008076C
:1009A000000B0A001716001D1C01020101050401BD
:1009B0000E0D011110011413011716011A1902026C
:1009C00001020B0A020E0D02111002141302171677
:1009D000030504030807030B0A030E0D000D000EA8
:1009E000001000110013001401070108010A010B97
:1009F000011C011D02040205020702080219021A65
:100A0000021C021D030103020317FB349B5F8000DD
:100A10000080001000000000000000006DA900111F
:100A20004DD30011DFA9001199D3001197A900112E
:100A30006DD30011B9AA0011C9D4001139AB00114E
:100A40003DD5001197AA00113DD50011F5AA00115E
:100A5000F5D40011B9AA001181D4001151AB0011D5
:100A6000F1D5001100000000000000005FAA001195
:100A7000F1D5001185A9001169D3001100180118E2
:100A80000028012802280328002901290229032916
:100A900004290529002A012A022A032A042A052AF0
:100AA00006290729082900000000000000000000B6
:100AB00000000000008701010201020101020102A1
:100AC0000303040103010101010103030201030007
:020000041FFFDC
:10000000000000008941FF1F385AFF1F5C5AFF1F84
:10001000EC5CFF1F0000000000000000000000007A
:1000200000000000000000000000000000000000D0
:1000300000000000000000000000000000000000C0
:1000400000000000000000000000000000000000B0
:1000500000000000000000000000000000000000A0
:100060000000000000000000000000000000000090
:100070000000000000000000000000000000000080
:100080000000000000000000000000000000000070
:100090000000000000000000000000000000000060
:1000A0000000000000000000000000000000000050
:1000B0000000000000000000000000000000000040
:1000C0000000000000000000000000000000000030
:1000D0000000000000000000000000000000000020
:1000E0000000000000000000000000000000000010
:1000F0000000000000000000000000000000000000
:1001000000000000000000000000000000000000EF
:1001100000000000000000000000000000000000DF
:1001200000000000000000000000000000000000CF
:1001300000000000000000000000000000000000BF
:1001400000000000000000000000000000000000AF
:10015000000000000000000000000000000000009F
:10016000000000000000000000000000000000008F
:10017000000000000000000000000000000000007F
:10018000000000000000000000000000000000006F
:10019000CD36FF1F6537FF1F7151FF1F00000000A4
:1001A000000000000000000000000000000000004F
:1001B000000000000000000000000000000000003F
:1001C000000000000000000000000000000000002F
:1001D000000000000000000000000000000000001F
:1001E000000000000000000000000000000000000F
:1001F00000000000000000000000000000000000FF
:1002000000000000000000000000000000000000EE
:1002100000000000000000000000000000000000DE
:1002200000000000000000000000000000000000CE
:1002300000000000000000000000000000000000BE
:1002400000000000000000000000000000000000AE
:10025000000000000000000000000000000000009E
:10026000000000000000000000000000000000008E
:10027000000000000000000000000000000000007E
:10028000000000000000000000000000000000006E
:10029000000000000000000000000000000000005E
:1002A000000000000000000000000000000000004E
:1002B000000000000000000000000000000000003E
:1002C000000000000000000000000000000000002E
:1002D000000000000000000000000000000000001E
:1002E000000000000000000000000000000000000E
:1002F00000000000000000000000000000000000FE
:1003000000000000000000000000000000000000ED
:1003100000000000000000000000000000000000DD
:1003200000000000000000000000000000000000CD
:1003300000000000000000000000000000000000BD
:1003400000000000000000000000000000000000AD
:10035000000000000000000000000000000000009D
:10036000000000000000000000000000000000008D
:100370001119FF1F00000000000000000000000035
:10038000000000000000000000000000000000006D
:10039000000000000000000000000000000000005D
:1003A000000000000000000000000000F720FF1F18
:1003B000000000000000000000000000000000003D
:1003C000000000000000000000000000000000002D
:1003D000000000000000000000000000000000001D
:1003E000000000000000000000000000000000000D
:1003F00000000000000000000000000000000000FD
:0C04000001FF01FF01FF01FF41000000AF
:020000041FFFDC
:1018380000FFFF1F4119FF1F81840000F1280000ED
:101848000000000000000000000000000000000090
:101858000000000000000000000000004D19FF1FFC
:101868000000000000000000CD8400005119FF1F97
:101878005319FF1F5319FF1F5319FF1F5319FF1F38
:101888005319FF1F5319FF1F5319FF1F5319FF1F28
:101898005319FF1F5319FF1F5319FF1F5319FF1F18
:1018A8005319FF1F5319FF1F5319FF1F5319FF1F08
:1018B8005319FF1F5319FF1F5319FF1F5319FF1FF8
:1018C8000000000000000000000000000000000010
:1018D8000000000000000000000000000000000000
:1018E8005319FF1F000000005319FF1F5319FF1F52
:1018F8000448854600F02EF8004800473541FF1F90
:10190800C046C04600FFFF1F0948483869460160C5
:101918000430F0C044464D4656465F46F0C030BCE1
:10192800F0BCF0C0F0BCF0C04438024908470000E1
:101938000004FF1F792BFF1F044880470448004715
:10194800FEE7FEE7FEE7FEE7FEE7FEE7912AFF1F58
:10195800F918FF1F064C0125064E05E0E36807CC81
:101968002B430C3C98471034B442F7D3FFF7C4FF1D
:10197800805AFF1F005BFF1F70B58C180578401C4C
:101988006B075B0F01D10378401C2A1106D102783E
:10199800401C03E006780E70401C491C5B1EF9D100
:1019A8002B0705D40023521E0DD40B70491CFAE7EF
:1019B8000378401CCB1A921C03E01D780D70491C5B
:1019C8005B1C521EF9D5A142D8D3002070BD00007F
:1019D80003B40148019001BD75A9000003B4014892
:1019E800019001BD9DA9000003B40148019001BD0B
:1019F800D94F010003B40148019001BDF9A60000C8
:101A080003B40148019001BDA1AF000003B401482F
:101A1800019001BDE927000003B40148019001BD10
:101A28007511000003B40148019001BDDD3F0000BD
:101A380003B40148019001BD8944000003B4014882
:101A4800019001BD2144000003B40148019001BD8B
:101A5800750F000003B40148019001BD113000006A
:101A680003B40148019001BD53B9000003B4014813
:101A7800019001BDC95C010003B40148019001BD9A
:101A88001907010003B40148019001BDBD0B010015
:101A980003B40148019001BDDD0C010003B4014805
:101AA800019001BDDD0A010003B40148019001BDA8
:101AB8000134010003B40148019001BD093401005B
:101AC80003B40148019001BD0534010003B4014885
:101AD800019001BDF535010003B40148019001BD35
:101AE800F935010003B40148019001BDE91701006F
:101AF80003B40148019001BD6137010003B40148F6
:101B0800019001BD01D7000003B40148019001BD57
:101B18006DF6000003B40148019001BD791201007F
:101B280003B40148019001BD4DF9000003B4014818
:101B3800019001BDC1F7000003B40148019001BD47
:101B48006189000003B40148019001BDA9D80000D3
:101B580003B40148019001BDB352010003B4014828
:101B6800019001BD0D52010003B40148019001BD6F
:101B78008B52010003B40148019001BDC1A50000CA
:101B880003B40148019001BD9D6A000003B40148F7
:101B9800019001BD116E000003B40148019001BD20
:101BA8008D82000003B40148019001BDE1AC000042
:101BB80003B40148019001BDE53A010003B40148AE
:101BC800019001BD496D010003B40148019001BDB8
:101BD8003D71010003B40148019001BD0189000075
:101BE80003B40148019001BD156B010003B401481D
:101BF800019001BD016C010003B40148019001BDD1
:101C0800BD5C010003B40148019001BDCD4C010049
:101C180003B40148019001BDA96F010003B4014854
:101C2800019001BD9573010003B40148019001BD05
:101C38004D74010003B40148019001BD810E0000FC
:101C480003B40148019001BDB9E4001103B401488F
:101C5800019001BDB30E000003B40148019001BD1D
:101C680021A9000003B40148019001BDADAE0000F8
:101C780003B40148019001BDB54C010003B401480B
:101C8800019001BD4550000003B40148019001BD19
:101C980029F2001103B40148019001BD15B60011E5
:101CA80003B40148019001BDC56D010003B40148AA
:101CB800019001BD51B8000003B40148019001BD75
:101CC80085C1000003B40148019001BDE9D40000BA
:101CD80003B40148019001BDF9ED000003B40148C7
:101CE800019001BDE9F6000003B40148019001BD6F
:101CF80075F8000003B40148019001BD19FA00000D
:101D080003B40148019001BDE90B010003B4014887
:101D1800019001BD090E000003B40148019001BD06
:101D28006D0B010003B40148019001BDC11501000C
:101D380003B40148019001BDCD0C010003B4014872
:101D4800019001BD71B0000003B40148019001BDCC
:101D5800D9B0000003B40148019001BD59760100D3
:101D680003B40148019001BDE94C010003B40148E6
:101D7800019001BDED6B010003B40148019001BD64
:101D88008937010003B40148019001BDC9A90000C9
:101D980003B40148019001BDC5A2001103B4014874
:101DA800019001BDEDA5000003B40148019001BDFB
:101DB800A1E3001103B40148019001BD3D4B0100AE
:101DC80003B40148019001BD154D010003B4014859
:101DD800019001BDB14E000003B40148019001BD5E
:101DE8003D18000003B40148019001BDD1BE0011A7
:101DF80003B40148019001BD01B2001103B40148C8
:101E0800019001BD7DBB001103B40148019001BDE3
:101E180081C1001103B40148019001BD59AD001101
:101E280003B40148019001BDC9B5001103B40148CC
:101E3800019001BDE9AE001103B40148019001BD54
:101E4800B5BD001103B40148019001BD95B400115E
:101E580003B40148019001BD95BD001103B40148C8
:101E6800019001BDA9B5001103B40148019001BD5D
:101E780069DE001103B40148019001BD1DAC0011D9
:101E880003B40148019001BDCD12010003B401481B
:101E9800019001BD1DBC000003B40148019001BDC3
:101EA8006DBC000003B40148019001BDF54E01006E
:101EB80003B40148019001BD434D010003B401483A
:101EC800019001BDFDB0001103B40148019001BDAE
:101ED800CDF1001103B40148019001BD09B9001109
:101EE80003B40148019001BD71AC001103B401486D
:101EF800019001BD19BD001103B40148019001BD55
:101F0800E9B1001103B40148019001BDF9B800110D
:101F180003B40148019001BDE1BB001103B40148BD
:101F2800019001BD45B6001103B40148019001BDFF
:101F3800ED4A010003B40148019001BDA54F01001D
:101F480003B40148019001BD8552010003B4014862
:101F5800019001BD055E000003B40148019001BD78
:101F6800894A010003B40148019001BD2D11010007
:101F780003B40148019001BD8914010003B401486C
:101F8800019001BDD544010003B40148019001BD91
:101F98002D6C010003B40148019001BD7997000040
:101FA80003B40148019001BD6911010003B401485F
:101FB800019001BD8512010003B40148019001BDE3
:101FC8008D11010003B40148019001BDE512010023
:101FD80003B40148019001BDF90D010070B5514AE3
:101FE8008AB0012800D1504A4301504802AC1D185C
:101FF800287E00280AD084208058C3B2002002E03E
:1020080016782654401C9842FADB04E0107D012320
:1020180010786A461072E869002807D06846017689
:1020280008A807940370E96906A888470AB070BD34
:10203800FEB5044642013D483A4D1318805C191D0F
:1020480000282AD0187E002827D0987E002824D07F
:102058000878022821D188884A888E68801A82B236
:10206800102A01D9102201E0002A02D0012C17D031
:102078001DE001200870002048808880D869002869
:1020880006D02B4A6D4607CA07C5D96968468847EE
:10209800002C03D0192001F02DFBFEBD0820FAE723
:1020A800214D04E04888431C4B80305C2870104662
:1020B800521E92B20028F5D1FEBD1B488068000769
:1020C800000F062812D006DC02280AD004280DD1F9
:1020D8000121012082E7072805D00C2806D102211A
:1020E800F7E70120A4E710484030C06B70470D485F
:1020F80080680007000F062812D006DC02280AD0E4
:1021080004280DD10121002068E7072805D00C28F4
:1021180006D10221F7E700208AE702484030C06B69
:10212800704700000040004000900040F092FF1F00
:10213800605AFF1F10B5FFF74BFC0A480468094AAC
:1021480041178032116008490160FFF747FC2046BB
:1021580010BD10B50446FFF73BFC02480460FFF7CA
:102168003DFC10BD00E100E01000100010B50D4965
:102178007620C860FFF738FC10BD0446FFF728FC3E
:102188000949C86940229043C8612046FFF732FCDC
:1021980001F03AFA04490420C03108600120FFF731
:1021A8002FFCFEE70020004000F0004010B5FFF7CC
:1021B8002DFC022805D0072805D0122800D10220BE
:1021C80010BD142010BD224904200A6B521C0A635A
:1021D80010BDF8B500260C460D46074640341FE0F2
:1021E800607CC1004A1953686A5C002801D001214B
:1021F80000E000213846FFF7D9FF002802D001216E
:102208002176F8BD607CC00040194660607C401CA7
:102218006074207C401E20740D48016A491C0162CC
:10222800207C0028DCD166742676F8BD084A5C213B
:1022380041435C3A10B589185822525C012A05D1ED
:10224800FFF7C7FF0248816A491C816210BD000080
:10225800DC94FF1F0020704738B5044600F09EF953
:102268000146684601704470210A81706A4603215C
:102278000248FFF7D1FB002038BD00001B200000FA
:1022880038B5044600F0B0F901466846017044705C
:10229800210A81706A4603210248FFF7BDFB00202E
:1022A80038BD00001A20000070B50124A407A368F7
:1022B80010252B43A360FFF7B5FBA068A843A060D7
:1022C80070BD0000FFB5064601208007816881B017
:1022D8001D46102211438160554F0020386030465A
:1022E800D730FFF7A5FB9D20800034468059FF3684
:1022F800CA3401360028306822462CD00121FFF765
:102308009DFB4B4F2078F863641C2046FFF79CFB2D
:1023180000BA000AE17800020843B863241D204689
:10232800FFF792FB00BA000AE178000208437863DD
:10233800241D2046FFF788FB00BA000AE178000256
:10234800084338630398029900020843F860039F22
:1023580000243F1D0EE00021D1E72819401CFFF79B
:1023680073FB0102285D0143324820180160241DD7
:10237800A4B23F1F042FF0DA032F04D0022F08D095
:10238800012F0CD011E02819FFF75EFB0102090AA2
:1023980006E0291948780A780102114300E0295D0E
:1023A800244820180160241DA4B20021214F02E016
:1023B800E0190160241DFF2CFADD1D481E4A426009
:1023C8000F220261012202604269002AFCD04269A0
:1023D800930701D4520708D401208007826810218E
:1023E8008A438260002005B0F0BD01600020039A96
:1023F80011E0C11909682954401C80B20B0A2B54FA
:10240800401C0B0C80B22B54401C80B2090E29547E
:10241800401C80B2121F002AEBDC3068401C306080
:1024280001208007826810218A4382600120DAE750
:102438000000044000010440080F0000FFB50546F5
:1024480001208007816881B01E46102211438160F7
:10245800504F002038602846D730FFF7E9FA9D2012
:1024680080002C464059CA3480350028E86F22463F
:102478002BD00021FFF7E2FA464F2078F863641C5E
:102488002046FFF7E1FA00BA000AE17800020843A3
:10249800B863241D2046FFF7D7FA00BA000AE1788E
:1024A800000208437863241D2046FFF7CDFA00BADE
:1024B800000AE17800020843386303980299000291
:1024C8000843F8600024039F0EE00121D2E7301989
:1024D800401CFFF7B9FA0102305D01432E4820186D
:1024E8000160241DA4B23F1F042FF0DA032F04D08B
:1024F800022F08D0012F0FD014E03019FFF7A4FAEB
:102508000102090A09E031194878097800020843EC
:1025180021496118086003E0315D1F4820180160F7
:10252800241DA4B200211C4B02E0E0180160241D08
:10253800FF2CFADD0F221748120242600F220261B7
:10254800012202604269002AFCD00160039A00203F
:10255800121D11E0C11809683154401C80B20C0AE0
:102568003454401C0C0C80B23454401C80B2090E08
:102578003154401C80B2121F002AEBDCE86F401C6B
:10258800E86701208007826810218A43826005B0CD
:10259800F0BD0000000004400001044010B5114ADD
:1025A800A1218900126841438C189D21890009598D
:1025B800012901D00C2010BDFFF74CFA0028FAD1F0
:1025C800E01DF93002790621012A06D041710D215A
:1025D8002046FFF745FA002010BDFF2021300155A5
:1025E8000221F5E73409FF1F70B50D46134AA121F2
:1025F8008900126841438C189D21890009590129D5
:1026080001D00C2070BD002D16D0FFF723FA00284A
:10261800F8D110210B1A2A5C1B19E033401CC0B2F8
:102628009A711028F6D30121F8200155052120467A
:10263800FFF716FA002070BD122070BD3409FF1F85
:10264800F8B5FFF713FA564908600420FFF714FAA3
:10265800FFF718FA0646C00715D05249002008604F
:1026680051480078012811D0032813D0042815D028
:10267800022817D0052819D0FFF70AFA4B4F04464D
:1026880001281AD01EE0FFF709FAF8BD3046FFF717
:102698000BFA0EE03046FFF70DFA0AE03046FFF776
:1026A8000FFA06E03046FFF711FA02E03046FFF76E
:1026B80013FA40B20128E8D04FE0387805280BD04B
:1026C800062809D03A483B4D0078022808D005284A
:1026D80006D0022C0ED005E0304601F0C7FC3CE0E5
:1026E800022C02D0012C11D014E0A87B002805D0C0
:1026F800022803D03878052804D00BE0304601F0D2
:10270800CDFC15E0304601F0BDFC11E0012807D0F2
:10271800062809D03046FFF7E5F9022C08D01CE05E
:10272800304601F0D3FC18E0304601F0C3FC14E059
:102738003878012811D170050FD4687BC10701D002
:10274800252004E0800701D5262000E02720297DE8
:10275800814202D93220FFF7CBF9154C20780428A2
:1027680004D003280ED0072811D014E0FFF7C6F9CB
:10277800002810D0FFF7C8F95820FFF7CBF902203E
:10278800207008E00C48807CFFF7CAF903E00B488A
:10279800807BFFF7CBF90320FFF76EF9F8BD000047
:1027A8009C09FF1F9809FF1F9009FF1F1C09FF1FA5
:1027B8002309FF1FA60BFF1FBC0BFF1FD40BFF1F16
:1027C80010B5FF2815D0002913D0A1229200094B7B
:1027D80050431A688218FF32C132948B8C80128B56
:1027E8000A801A688018FF30C130C28BCA80408BBB
:1027F800488010BD3409FF1FF8B56E4D0028AB792D
:1028080016D0012B01D0032B12D16B490A78FF2A6D
:102818000ED14A78FF2A0BD18A78FF2A08D1CA78C4
:10282800FF2A05D10A79FF2A02D14979FF2937D031
:1028380062490A78012A1DD00027614C0F7022785E
:10284800092A76D00A2A74D00B2A72D00C2A70D0A2
:102858000D2A6ED0052A6CD0062A6AD0A97B0029D9
:102868000AD0012908D0032906D0022904D0042956
:1028780016D101E00C20F8BD002B05D0012B03D0A8
:10288800022B01D0032B0BD1032901D0022902D13D
:102898006B88202B04D34B4E002869D0012801D027
:1028A8001220F8BDA888012843D0002A17D10B00B0
:1028B800FFF742F9050408100C08240001202070D5
:1028C8001F200AE002202070202006E0042020704B
:1028D800222002E0032020702120FFF7CDF8207885
:1028E800282201280CD002280AD0042808D003285E
:1028F80006D007280DD008280BD01AE01E20ECE7D8
:10290800314807602A75FFF71DF900281FD0AF80EE
:102918000FE02E484068808D80060AD52C48017843
:10292800002906D1A97B032905D0022903D0002953
:1029380001D02120F8BD022101702A750C0321461F
:102948003078FFF705F921463078FFF707F90120BD
:10295800A8802048007800282AD01F480121028832
:102968007D20C0004243C9033078FFF7FDF81FE01F
:10297800FFF72EF8AF802078072808D0082806D05F
:1029880027701648FFF7F6F81E20FFF775F810486D
:102998000178002905D00770012149033078FFF735
:1029A800D7F8FFF71BF80121C9033078FFF7D0F8F3
:1029B8000020F8BDA60BFF1F6B09FF1F1A09FF1F98
:1029C8001C09FF1F1B09FF1F4809FF1F645DFF1F2C
:1029D8002309FF1F2109FF1F2C09FF1F00100040BA
:1029E800F0B585B014468C4686460AAD87CD0D4EA7
:1029F800357803976F4607C7224661467046FFF74A
:102A0800BFF83570012C01D0042C08D10649802468
:102A18000978CA0105498B88A3431A438A8005B0FF
:102A2800F0BD00001C09FF1F7809FF1F6C11FF1F74
:102A380010B5FB2908D8084B9A4205D81B2903D39F
:102A4800FF2349339A4201D2302010BD034B19822B
:102A58005A82FFF79BF810BD480800008410FF1F3A
:102A680010B5FFF799F802490020488010BD000012
:102A7800645DFF1FC106C90E012088400149086036
:102A88007047000000E100E0024901480860704713
:102A980040787D01605DFF1F8307FF22DB0E9A40AF
:102AA8008907090E9940002808DB830809489B001C
:102AB8001B18186890430843186070470007000FF8
:102AC8000838830804489B001B18D86990430843BA
:102AD800D861704700E400E000ED00E08307FF22C2
:102AE800DB0E9A408907090E9940002808DB830805
:102AF80009489B001B1818689043084318607047E2
:102B08000007000F0838830804489B001B18D86981
:102B180090430843D861704700E400E000ED00E00E
:102B280002E008C8121F08C1002AFAD1704770478E
:102B3800002001E001C1121F002AFBD170470000EC
:102B48000248C069002800D0004770474003FF1FB3
:102B58001CB569460120FFF725F8012000900348BD
:102B6800019000F0C3FA01201CBD0000BB0B00005F
:102B7800044629A0FFF71CF82DA0616AFFF718F892
:102B88002FA0A16AFFF714F831A0E16AFFF710F847
:102B980033A0216BFFF70CF835A06168FFF708F840
:102BA80037A0A168FFF704F839A0E168FFF700F83B
:102BB8003BA02169FEF7FCFF3DA06169FEF7F8FF25
:102BC8003FA0A169FEF7F4FF41A0E169FEF7F0FF1D
:102BD80043A0216AFEF7ECFF45A0616BFEF7E8FF12
:102BE80047A02168FEF7E4FF49A0A16BFEF7E0FFCC
:102BF8004BA0E16BFEF7DCFF4DA0216CFEF7D8FF80
:102C08004F4841684FA0FEF7D3FF5248006800289C
:102C180000D08047FEE700005B486172642066616F
:102C2800756C742068616E646C65725D0A000000E2
:102C380052302020203D203078253038780A000096
:102C480052312020203D203078253038780A000085
:102C580052322020203D203078253038780A000074
:102C680052332020203D203078253038780A000063
:102C780052342020203D203078253038780A000052
:102C880052352020203D203078253038780A000041
:102C980052362020203D203078253038780A000030
:102CA80052372020203D203078253038780A00001F
:102CB80052382020203D203078253038780A00000E
:102CC80052392020203D203078253038780A0000FD
:102CD80052313020203D203078253038780A0000E5
:102CE80052313120203D203078253038780A0000D4
:102CF80052313220203D203078253038780A0000C3
:102D080053502020203D203078253038780A0000A4
:102D18004C522020203D203078253038780A000099
:102D280050432020203D203078253038780A000094
:102D380050535220203D203078253038780A000042
:102D480000ED00E049435352203D203078253038CB
:102D5800780A0000E85CFF1F10B500F0BBF9FFF728
:102D6800F7FE002802D00248804710BDFEE70000A9
:102D7800E1A20000F0B585B005460291002927D0F0
:102D8800154F0024144E803F002300940222194658
:102D980005200194FEF712FF30698007FCD420203B
:102DA8000090411E009101D30846FAE738680028D0
:102DB800FCDA012103A8FEF707FF6846007B2840DC
:102DC80007D00520FEF706FF0298401E0290DBD1CF
:102DD800112005B0F0BD000080C80040F8B54D488E
:102DE8004068C043000603D53C20FEF7F3FEF8BD5B
:102DF800FEF7F6FE474D0746803D28680121890405
:102E080008432860E869444908402830E8610320FD
:102E1800FEF7E0FE686AC603F60B0320FEF7DAFE4B
:102E2800686AC403E40B0320FEF7D4FE686AC5038E
:102E3800ED0BA64201D3204600E03046A84200D35D
:102E48002846A64201D3314600E02146A94200D2D5
:102E58002946324AB218C32A26D2304AD24394426B
:102E680022D92F4B9C421FD295421DD99D421BD27D
:102E7800081A132818D2274841680C229143416048
:102E88004168FF221202914341601420FEF7A2FE1E
:102E980020488038416AC269C903C90B08239A438C
:102EA800C26120480161F8BD26462C460320FEF782
:102EB80091FE18488038406AC503ED0BFEF790FE76
:102EC800B84201D3C01B01E0C01B401E164988420E
:102ED800AFD310484168090A00914268FF210902EE
:102EE8008A430099491C0906090C0A434260416853
:102EF8000C229143091D41600020FEF777FE0B4824
:102F0800009988400A49884200DB0846FFF735F9EE
:102F18008FE70000C0F0004000FEFEFF91FCFFFFBD
:102F280032040000645DFF1FE40C0000E88000002C
:102F380060361E00F8B53D4840683C4C0006803CB1
:102F48008021002806DB6068084360600320FEF7E4
:102F580041FEF8BD364D0020A86120680122920488
:102F680010432060334F606880210843606003206D
:102F7800FEF730FEA869401CA861606801210904B9
:102F8800084360600026E0692B4938404018E0613A
:102F98000320FEF71FFE606AE169C003C00B082228
:102FA8009143E161296906225143814201D3091AFB
:102FB80000E0411A3C2909D2E269012109048A4347
:102FC800E26162688A4362606861F8BD761CF6B2A5
:102FD800052ED8D3E169012000048143E1616168CD
:102FE80081436160A8692E46052807D3BFF34F8F38
:102FF80013491248C860BFF34F8FFEE7606880210D
:10300800884360600320FEF7E5FDE069384028301A
:10301800E0610320FEF7DEFD606AC003C00B30618B
:10302800E16908208143E1619DE70000C0F00040AC
:10303800645DFF1F00FEFEFF280001000400FA0582
:1030480000ED00E0F8B504460120FEF7C3FDFEF7E9
:10305800D3FD1849184A0860966A184B1E60184B29
:10306800DF6A184D2D68AF4202D2DB6AEB1A00E026
:103078000023154D2B603319D362536A2924E403C6
:1030880023435362114A1278002A0FD0104A13784A
:10309800022B07D01378012B06D01278032A06D00A
:1030A800C01E02E00F3800E008380860F8BD401F75
:1030B800FBE70000E408FF1F00F00040340AFF1F90
:1030C80000100040180AFF1F1C0AFF1F1C09FF1FE1
:1030D8004A0AFF1F03490020486103490860486005
:1030E8007047000040F0004040F1004070B58AB0E1
:1030F80000241E4D049405942878012806D004A9BC
:103108000120FEF74FFD002802D000200AB070BD54
:103118000498009005980190154881680291C0684C
:103128001349039006AA10316846FEF77BFC104E3F
:1031380010222036314606A8FEF764FD002811D07B
:10314800012028700B4A31466846FEF76BFC049450
:103158000020694605948200401C8C500428FADB44
:103168000120D3E7FF202870CFE700008C5DFF1F08
:1031780000290011C893FF1F38B5FEF729FC01226A
:103188009207936A08240094002B01D101209062D1
:103198000A480221016000994D1E0095FBD20321C7
:1031A80001600094641E0094FCD200210160002B91
:1031B80000D19162FEF712FC38BD000000C000404B
:1031C800012292070121202804D2936881400B43F1
:1031D80093607047402805D25369203881400B43DB
:1031E800536170476028FCD2136A403881400B4312
:1031F80013627047F1B584B0FEF79CFF0124A40761
:103208000190A76AFEF7E4FB254902200860606286
:103218000120A062FEF7E2FB224D28698007FCD45A
:1032280020200090411E009101D30846FAE71D4E68
:10323800803E30680028FCDA1B490120FFF79AFD20
:10324800002817D10498FEF7E3FCC0B20290286961
:103258008007FCD420200090411E009101D308462D
:10326800FAE730680028FCDA0F490320FFF782FDEF
:10327800002802D0112005B0F0BDFEF7A9FB0849CF
:103288000020086003216162A062FEF7A7FB002FFF
:1032980001D1FFF771FF0198FEF75BFF0298EAE79B
:1032A80000C0004080C80040FFFFFF07F7B582B0AC
:1032B8000446FEF73FFF009060031121400B09060A
:1032C80047188D01AE6A22488168E812814209D9FF
:1032D8001F20C004044005D01E4844620168AA1398
:1032E80011430160002E09D1FEF772FB1A49022032
:1032F800086068620120A862FEF770FB002003E006
:103308003A5C03990A54401C04998842F8D3002770
:10331800002E08D1FEF75CFB0F48076003206862A7
:10332800AF62FEF75BFB0A4881680120C004814256
:1033380008D9002C06D00748476202680121090411
:103348008A4302600098FEF704FF002005B0F0BD34
:103358003C5DFF1F00C8004000C00040F7B584B0C6
:10336800FEF7E8FE0190FEF733FB244F0220386099
:10337800440760620120A062FEF730FB204D2869F7
:103388008007FCD420200090411E009101D30846FC
:10339800FAE71B4E803E30680028FCDA1949012004
:1033A800FFF7E8FC002818D104AB07CBFEF736FC82
:1033B800C0B2029028698007FCD420200090411EEA
:1033C800009101D30846FAE730680028FCDA0D4975
:1033D8000120FFF7CFFC002802D0112007B0F0BD74
:1033E800FEF7F6FA0020386003216162A062FEF75A
:1033F800F5FA0198FEF7ADFE0298EFE700C000402D
:1034080080C80040FFFFFF07F7B584B0FEF792FEC3
:103418000190FEF7DDFA244F02203860440760620D
:103428000120A062FEF7DAFA204D28698007FCD453
:1034380020200090411E009101D30846FAE71B4E58
:10344800803E30680028FCDA19490120FFF792FC19
:10345800002818D104AB07CBFEF7E6FBC0B20290F8
:1034680028698007FCD420200090411E009101D3D8
:103478000846FAE730680028FCDA0D490120FFF712
:1034880079FC002802D0112007B0F0BDFEF7A0FAA1
:103498000020386003216162A062FEF79FFA01985C
:1034A800FEF757FE0298EFE700C0004080C80040D2
:1034B800FFFFFF07F0B52E4C89B02078012818D0FF
:1034C800FEF738FE2B4D079028698007FCD420278B
:1034D80000970098411E0091FBD2264E803E30682E
:1034E8000028FCDA24490120FFF744FC002821D1F8
:1034F80002E0002009B0F0BD00200090034601461C
:10350800019003229F20FEF759FB032102A8FEF732
:103518005BFB28698007FCD400970098411E009146
:10352800FBD230680028FCDA13490120FFF722FC9F
:10353800002801D01120DDE70798FEF70AFE6A4649
:10354800917A527A0804120210436A46127A0B4B97
:1035580010436060084611380122052802D8104639
:10356800884001E00120C004A06098612270C0E793
:103578003C5DFF1F80C80040FFFFFF078008FF1F5A
:1035880030B58DB0302217496846FEF753FB00244A
:103598006D46600041194978285CFEF751FB641CB0
:1035A800E4B2172CF5D310484169C20091430522B3
:1035B800120489184161416901225206114341618F
:1035C800416903225205914301225205891841613C
:1035D800072000F00DF800F021F800F007F80DB012
:1035E80030BD0000B459FF1F00F000400F207047A5
:1035F8000449420903D00020C86006207047C8600B
:1036080000207047485DFF1F0348C1691F2252040C
:103618009143C1610020704700F000400548C1692E
:103628001F2252049143044A928952041143C161F2
:103638000020704700F00040485DFF1F10B578215A
:103648000C48FEF703FB0C480078012803D0022839
:1036580004D0042804D1FEF7FFFA01E0FEF702FBCC
:1036680006480078C00702D00649054808630020CC
:1036780010BD00003093FF1F485DFF1F0020004071
:103688007521FF1FC000FF1F30B50D4C00230C250E
:103698005D43655D854201D1072030BD002D04D012
:1036A8005B1C0A2BF3DB032030BD0C256B431B1975
:1036B800F9D000245C7018709A602046596030BDBB
:1036C8003093FF1F70B5FFF7A9FF094D002420466E
:1036D8000C214843295C002907D04019406800287C
:1036E80000D08047641C0A2CF1DB002070BD00006C
:1036F8003093FF1F70B5054616480024007801284E
:1037080011D004280FD0FEF763F90021124A0B46A6
:1037180008460C267043165C002E0FD0AE4205D129
:103728008018437007E0FEF797FA0DE0801840789C
:10373800002800D0641C491C0A29E9DB002C05D0AC
:10374800FEF78AFAFEF74AF9002070BDFEF78AFAFA
:10375800F8E70000485DFF1F3093FF1F70B5194858
:103768000121890742688A60826801231A434A61F5
:1037780015490A6B0261496B416100210420FFF77A
:10378800ADF901211420FFF7A9F901211520FFF750
:10379800A5F901211720FFF7A1F90C4D00242046B7
:1037A8000C214843295C002909D040198068002869
:1037B80000D08047641C0A2CF1DB002070BD122069
:1037C80070BD0000485DFF1F80F000403093FF1F70
:1037D8001CB51A491F20087019480124047019499A
:1037E800002008701848C16B490949010931C163B3
:1037F800C16B602291432031C16300F02DF8002194
:103808000420FFF749F901211420FFF745F90121A8
:103818001520FFF741F901211720FFF73DF9610352
:103828000A48FEF725FA05200090022301220849DC
:1038380001940848FEF722FA1CBD0000480AFF1F41
:10384800490AFF1F680AFF1F80F00040885EFF1FBB
:10385800887EFF1F0089FF1F10B5FFF77DFA10BD96
:1038680070B540251C4C012802D0002811D027E053
:103878006069052140014009C90640186061E06996
:103888001649084016494018E061E0692843E0619C
:1038980016E000210A20FEF7D3F900210B20FEF7DD
:1038A800CFF9E069032109020843E061E069A84310
:1038B800E06160690B214001400909074018606117
:1038C80060690121090708436061A069032149046F
:1038D8008843A06170BD000000F000407F00FEFF3B
:1038E80080FD010010B5064AD160906000F082F8B2
:1038F800044A00211320FFF7C7FE002010BD000076
:103908002C5DFF1FFD39FF1F1CB504460F4884427C
:103918001AD0012907D0022916D101212046FEF725
:10392800B3F9002810D10A492046FEF7B3F9084830
:10393800001F0168002907D004206A461070002083
:1039480050700190684688471CBD0000FEFF0000CB
:10395800585CFF1F10B501F019FA0848017A0029D0
:1039680009D002460121603A1170002141720549CF
:103978000348C86710BD01F0DBF910BD248FFF1F95
:1039880000B3FF1F4491FF1F10B501F0FFF908486D
:10399800017A002909D002460121603A11700021FC
:1039A800417205490348C86710BD01F0C1F910BD4F
:1039B800248FFF1F00B3FF1F4491FF1F10B5642021
:1039C80001F0E4F90848017A002909D002460121EA
:1039D800603A11700021417205490448C86710BD5A
:1039E80001F0A6F910BD0000248FFF1F00B3FF1FD0
:1039F8004491FF1FF8B500251848009542680078E3
:103A08002B460121FEF74CF9164915488863012019
:103A1800154980040860BFF34F8FBFF36F8F1348B9
:103A28000168FF22120402269143B2051143016086
:103A3800642000904120FFF7C3FB4020FFF7C0FB44
:103A4800740766620098411E0091FBD203206062F1
:103A5800FFF792FBA562FFF72DFDF8BD345DFF1F50
:103A6800050001FF00C8004080E100E010E400E02C
:103A780070B50D4E7068FF300130056AFDF7A8FF7C
:103A880001F040F971680024FF310131496A491990
:103A9800814204D205490968002900D1441BFDF779
:103AA8009DFF204670BD0000645DFF1F9809FF1F41
:103AB80070B50D460446282910D1A420005BE18882
:103AC800401A0B4980B2884208D321466A31052240
:103AD8000E46481FFEF796F8002804D029462046CF
:103AE800FEF7E4F870BD31462046FEF7E5F870BDF4
:103AF800FF7F000010B5002901D0FEF7E3F810BDE4
:103B080070B50024FDF764FF0D484068FF30193098
:103B180060C801F0F7F8A919814203D20948006882
:103B280000280AD008490420087008488169491CFF
:103B38008161FDF753FF204670BD0124F9E70000BD
:103B4800645DFF1F9809FF1F2309FF1FFC0FFF1F5C
:103B580010B5FEF7BDF80649A122897892005143B5
:103B6800044A12688918044A498C518010BD000023
:103B7800300DFF1F3409FF1F645DFF1F70B51F481C
:103B8800012201781E4D002915D01E48A1218078F8
:103B9800890048431C491D4C096822704618207842
:103BA80001F08EFAA87B00281AD003281BD002281F
:103BB8001CD0002070BDA97B002904D0032904D0A3
:103BC800022904D005E0027003E0042100E003218B
:103BD8000170FDF7B7FF0E4900200870012070BD85
:103BE800FEF77CF804E0FEF77FF801E0FEF782F8C4
:103BF800FF36FF360236317B217070BD1C09FF1F6E
:103C0800A60BFF1F300DFF1F3409FF1F490AFF1FB6
:103C18002309FF1F70B5264D264E2868002804D0BA
:103C2800FEF76EF82978C84004E0FEF769F83168B5
:103C3800FEF76CF804462868002804D0FEF76CF8F4
:103C48002978C84004E0FEF767F83168FEF75EF8A7
:103C58001949A122897892005143184A184B1268D1
:103C680089180D78174A002D17D0FF31FF3102311E
:103C78004C6C1548641C4C6400689968884201D3F0
:103C8800401A02E0114B591A0818D2381060012C5A
:103C980002D1FF30F530106070BDFF31FF310025D3
:103CA80002314D645968201AC9684018F3E70000CA
:103CB8001C08FF1F1808FF1F300DFF1F3409FF1FC6
:103CC800645DFF1FA009FF1F9C09FF1FFFFF3F0046
:103CD800F3B506466548A1218078890048436449C0
:103CE80083B00968A12244182046FF3021305F497B
:103CF80000908978920051435D4A407D1268002502
:103D08008F18FF37813732281DD022281BD0F86A38
:103D18000168002909D08188001D090A891CFEF75D
:103D280001F8F96A002001250860FEF701F80499F6
:103D38002746FF370880C137387C002821D0B04299
:103D48001FDC002014E04B49012008600020F96ABC
:103D580001250860E9E780000019FF308130006B19
:103D68008188001D090A891CFDF7DCFF0198401CA9
:103D78000190397C8142EEDCC8B2361A4519002020
:103D880038743D490020C870FF20AD3000590168E3
:103D9800002903D00079C04380071ED00098C07D59
:103DA80000281AD00098807D002816D1387CB042AF
:103DB80013DAFF204930005B010A2046FF30493002
:103DC800891CFDF7AFFF00990020C87500980121F4
:103DD800817529486D1CC170761E387C002802D078
:103DE800284605B0F0BD2046FDF7A8FF0090002842
:103DF80021DD002E1FDD002718E02046FDF7A4FF77
:103E080080000019FF300130C06E8188001D090A4A
:103E1800891CFDF787FF2046FDF79CFFE01DFF305A
:103E2800FA30016A6D1C491C7F1C016200988742A8
:103E380001DAB742E1DB092080012018817E0029E0
:103E480011D0017D00290ED0428E002A0BD0817F2F
:103E5800914202D2491C817705E0002181771A211D
:103E68002046FDF7FDFDA8B2BBE70000300DFF1F9F
:103E78003409FF1F00140340E010FF1FF8B5504835
:103E88000068012803D14F48816D491C8165FDF701
:103E9800EDFD4D4C4D49A0604D4841610125C5607F
:103EA80005602078002806D006224A494A48FDF7CE
:103EB80057FF002020704949486B494AC0B2127820
:103EC800002A17D1474A0023D356002B464BD35616
:103ED80006DB1B040026965732029A18121808E0CF
:103EE800FF331B040026965732029A183F4B1218CC
:103EF800D2184A63022801D2022002E0502800D9D1
:103F080050203B4A1278022A11D03A4A16783A4B86
:103F18001F78BE420FD916781B78F31A801E4010FE
:103F2800434310784001C01A1030401104E0334A6E
:103F38001678334BECE710784A69120A12021043DC
:103F48004861FDF7A5FD0646052801D0042E1ED1BF
:103F58002C480078002806D02B480078002802D08A
:103F68000020FDF703FF2948A121807889004843F4
:103F7800274909684018FF30FF300230007B0428C9
:103F880001D0032803D1FF205F30FDF7C3FD022EC7
:103F98000ED120480078012807D0032805D0022830
:103FA80003D01D480078022802D16C20FDF7B2FD2D
:103FB8001A48C582094840380068E060F8BD00002A
:103FC8009809FF1FFC0FFF1F645DFF1FFF3F0000E4
:103FD80000100340D50BFF1F7211FF1F8000034024
:103FE8008C09FF1F680AFF1F00000000FFFE000089
:103FF800490AFF1F440AFF1F450AFF1F460AFF1F01
:10400800470AFF1FF908FF1F2209FF1F300DFF1F76
:104018003409FF1F1C09FF1F2309FF1FBC0BFF1FCB
:104028000A48094901600B49094A4A630A4A0A636E
:104038000A4A82600A4A8A63064A0A4980325161FA
:104048000949C16270470000E929FF1F4000FF1FAE
:10405800793AFF1FC001FF1F093BFF1F0128FF1FFF
:10406800853BFF1FED40FF1F593BFF1F10B504495B
:104078000968002901D0884710BDFDF733FD10BD40
:104088008002FF1F10B504498968002901D08847BC
:1040980010BDFDF727FD10BD8002FF1F10B50449B4
:1040A8004968002901D0884710BDFDF71BFD10BDE8
:1040B8008002FF1F10B504490969002901D088470B
:1040C80010BDFDF70FFD10BD8002FF1F10B504499C
:1040D800C968002901D0884710BDFDF703FD10BD50
:1040E8008002FF1F10B50D49A12289789200514323
:1040F8000B4A126889182422535C0A4A5288934250
:1041080009D2D21A084BC9695A435143421C02D0FA
:10411800C82800D04018FDF72FFE10BD300DFF1F36
:104128003409FF1F645DFF1F7102000070B5114C58
:1041380001202070104D2870FDF724FEFDF728FEA1
:10414800FFF76EFFFFF744FBFFF71AFA2078FDF739
:1041580025FE2878FFF784FBFFF770FA074903C9A3
:10416800FFF7C0FBFDF720FE00F0FCF800F0E1FAD5
:10417800002070BD4A0AFF1F005BFF1FAC59FF1FDC
:1041880070B500241220FDF715FE154912220860AB
:104198000021FDF715FE20460124FDF717FE022534
:1041A8002046FDF719FE03242846FDF71BFE0425CB
:1041B8002046FDF71DFE05242846FDF71FFE0625AF
:1041C8002046FDF721FE07242846FDF723FE082593
:1041D8002046FDF725FE284600F004F870BD0000D3
:1041E800EC5CFF1F30B54A4D89B068700121684604
:1041F8000171072202720022828101740C218182DE
:1042080001838283FF21F5310184C320414C02AA36
:1042180001218000FDF70AFE01AA01213E48FDF7B1
:1042280005FE3D4803AA0221401CFDF7FFFD00F0F2
:10423800C7F8002802D02078401C20703448062295
:104248001D302146FDF78CFD314A33480C321921C7
:10425800801CFDF7EBFD312004AA01210001FDF7C8
:10426800E5FD2D4805AA02210C30FDF7DFFD2A489F
:1042780006AA02210D30FDF7D9FD274807AA022119
:104288000E30FDF7D3FDC52008AA02218000FDF7F6
:10429800CDFD1F4A152125320020FDF7CDFD012156
:1042A8001F20FDF7CFFDFF24913421460620FDF79E
:1042B800C9FD21460720FDF7C5FD21460820FDF769
:1042C800C1FD21460920FDF7BDFD0024E443204639
:1042D800FDF7BEFD2046FDF7C1FD0221687800F01C
:1042E80075F80E48FDF7C0FDF020FDF7C3FDFF206F
:1042F8000130FDF7C5FD0120FDF7C8FD0120FDF7E0
:10430800CBFD01216878FDF729FC09B030BD00001C
:10431800F05CFF1F6509FF1F050300002945FF1F0B
:1043280010B50C4608040AD50D484078FDF7BAFDCB
:10433800002801D0FDF7BCFD0120C0030CE0E00718
:1043480005D00748001DFDF7B9FD012004E0A007CE
:1043580004D500F029F80220604010BD002010BDEF
:10436800F05CFF1F10B50D48416B0D4A0907090F96
:10437800426309D001290AD00A4803290AD006292C
:1043880001D10021417010BD0BF086F810BD01F07D
:1043980087F810BD0121017010BD000000F0004039
:1043A80030110000E05CFF1F10B50448816F4167C1
:1043B8006821872000F0D8FC10BD00004491FF1F41
:1043C8000148407870470000E05CFF1F10B5084ABC
:1043D800507010462038418400F0AAFC04480C3084
:1043E80000F05EF9034800F00DF8002010BD000051
:1043F800248FFF1F3D4CFF1F0149C01EC884704712
:10440800048FFF1F10B504460848FDF75DFD0849F5
:104418000848FDF73FFC0648074A08210830FDF721
:1044280059FD0349091F0C6010BD00001139FF1F19
:10443800585CFF1FFFFF00002C5AFF1FF8B5234DE3
:104448000446052807D028780126214F052809D0D9
:1044580002281FD038E01D491D48891C0930FDF786
:104468003FFD31E06846067020210820FDF7EAFC90
:1044780020210920FDF7E6FC00210846FDF7E2FCB3
:104488006A4601213846FDF7D1FC00210846FDF7B0
:104498002DFD19E0032C17D10820FDF72DFD20284C
:1044A80012D16846067020210820FDF7CBFC202198
:1044B8000920FDF7C7FC00210846FDF7C3FC6A4642
:1044C80001213846FDF7B2FC2C70F8BDF05CFF1FE7
:1044D8000503000038B5044669460E48FDF700FD9F
:1044E8006A460D491088FDF70DFD6A4611880B4A8A
:1044F80091420CD0C0070AD00748002248304089B2
:104508002080684621460088FDF702FD38BD12204C
:1045180038BD00000E030000585CFF1FFFFF0000BD
:104528001CB54178172917D00179022914D10489BB
:104538000A480088844200D904462046FFF75CFFF9
:1045480069460020FEF73CF968468088A04203D2FD
:1045580001214803FDF7CAFC1CBD00008E5DFF1F4A
:10456800097A0220C90600D508207047FEB584469E
:104578001546087A0026089A0C46800601D50820B8
:10458800FEBD21780120022923D0264A6189528D57
:10459800DFB291420AD123490C390968002905D0B4
:1045A8006A46107057706846019588471D486189AA
:1045B8004030408F81420AD11A480C3801680029DE
:1045C80005D0022268460270477001958847304638
:1045D800FEBD61680F78497809027918124F89B2CF
:1045E800B942F4D100920190DBB22A4621466046D6
:1045F800FDF794FC0600EAD10A480C380168002946
:10460800E5D06A7828781202801880B2012807D08D
:1046180006206A4610700020507001906846D5E761
:104628000520F6E7605CFF1F02290000F8B50D467B
:104638001121044609060C43144910208C4203D367
:1046480062198A4200D8002011498C4204D3114AC9
:104658006119914200D800200F4A6119914200D88F
:10466800002021462943090501D00C20F8BD002867
:10467800FCD1002601273F0303E0A019FEF7BAFD8D
:10468800F619AE42F9D30020F8BD00000030001141
:1046980000400011001001110000081100207047AF
:1046A8003CB50446002000900190114D04221149A8
:1046B800684625600AF019FF0098411C10D0202890
:1046C8000CD80C490422091D01A80AF00EFF019814
:1046D800012807D0022808D0002806D068203CBD51
:1046E80067203CBD0448206000E0256000203CBDF8
:1046F8000010011100300011CB08AF3210B513467D
:104708008A0701D00C2010BD0A4601460248181835
:10471800FEF77AFE10BD00000030001110B58307C7
:1047280001D00C2010BDD21C92089200FEF76CFE3E
:1047380010BD10B5FDF7F8FB0120FDF7FBFBFDF7F9
:10474800FFFB002010BD0000FEB5304D1421A87AF3
:104758002F464843603FC619A87A142250433A4668
:10476800297980187436846F002919D1306828494E
:10477800A04212D0FA6E841820050ED0200B000338
:104788004A1C8018B2681219121A5118090B090329
:10479800FFF74CFF00280BD102E0200B0003F1E7E4
:1047A8001C48B268C16F2046FFF7B8FF002802D046
:1047B800FFF7D0F8FEBDA87A697A401C88421FD15D
:1047C8002879002801D101F0A9F80A22694612487F
:1047D800FEF76CFD00280CD168460078FF2808D049
:1047E8000E4C2046FEF706FD0A2269462046FEF7D3
:1047F800B5FD042038700021832000F0B5FAFEBD15
:104808000220387000218520F7E70000248FFF1F61
:10481800FF0F00004491FF1F002004110010041135
:10482800F0B50F46002199B00A91122F5DD80146C4
:104838003A4602A8FDF794FA0AF020FEBB4ABC4C9F
:10484800907008906846017A0520C0012618204615
:10485800513001901038009030380F9025462030A4
:10486800603514900B00FDF767F909F06AB7F0EFAF
:10487800EE062244F0000620207010220021149831
:10488800FDF79EFA02A9102201311498FDF768FA83
:104898001021601CFDF75AFBA54A611C2132154600
:1048A800A448FDF7BFF8102229468B201BE00720FB
:1048B8002070102200210F98FDF782FA02A9102219
:1048C80001310F98FDF74CFA0BAA9A480F99FDF79A
:1048D800A9F810220BA81499FDF794F9002806D01E
:1048E8001022611C8C2000F063FA19B0F0BD6B2017
:1048F8002EE0102200210098FDF762FA02A910228A
:1049080001310098FDF72CFA10AA611C0F98FDF7E9
:1049180089F810A98748019AFDF784F810220099B0
:104928000198FDF76FF9002807D010228D20019912
:1049380000F03EFA01202070D7E76C2008E02078CC
:10494800274601287ED16846407A202803D90620C8
:10495800FFF71AF8C9E70120E8721078287174483F
:1049680014466C30FFF79CFE022038706846407A87
:1049780068727148F0676E480522D20100217430D0
:10498800FDF71EFA1020A0806846807A002805D01E
:10499800A080FF2802D10020C043A08028790028E9
:1049A80017D11490159016901790A07800280DD064
:1049B800102214A80099FDF725F9012842D01022E9
:1049C80000200199FDF71EF901283BD05B48FEF74E
:1049D80011FC81200A99A0E06846477A14207843A0
:1049E80000192178743002292CD16946097B0A0400
:1049F8006946497B09060A43694649890A43694663
:104A08000260097C0A046946497C09060A4369462A
:104A1800C9890A4369464260097D0A046946497D95
:104A280009060A436946498A0A43826008990029A7
:104A380069460FD0097E0A046946497E09060A4379
:104A4800694603E064E03BE025E069E0C98A0A437F
:104A5800026101E0C98A81812979002906D1384A91
:104A68004168384B8A189A4200D2016000F076FDFE
:104A780000280ED003202070AF7200207067B06746
:104A88002D48314AFF21F067FDF79AF9002184206B
:104A980043E0062039E000202874012F02D0022FBD
:104AA80003D006E00AF0D8FC03E06846407A012803
:104AB80001D0062102E00120287400218A202CE080
:104AC8002078022824D12879002821D06846C07A85
:104AD80002046846007B000602436846817A437AEE
:104AE8000802184302436846C07B01046846007CFC
:104AF800000601436846837B447B18022043014338
:104B08001046FFF793FD002805D0FEF723FFECE6DB
:104B1800FEF754FFE9E60021892000F025F9E4E6D4
:104B2800082020700521FF20F7E70000E05CFF1F48
:104B3800C48EFF1FC893FF1F00B3FF1F0030001172
:104B4800FFFFFFEEFEFF07001040000010B5054A0A
:104B58001278032A02D0FEF731FF10BD00F004F8E6
:104B680010BD0000C48EFF1FF8B5304E0F46B17A55
:104B78001422514332462C4C603A89187431656FBF
:104B88000091E16F3A464B1901461846FDF7E8F8DF
:104B98000099ED198868A84201D265203DE0656753
:104BA800A06F224F22492A1A203FF88C898848434F
:104BB800824208D10021872000F0D6F8606FA067F4
:104BC8007D20400101E07D20C00000F0BBFC009882
:104BD8008068A84223D1798C7078FDF7BDF9798C6B
:104BE8007078FCF7B5FF12488078002810D1B07AA9
:104BF800142148430D4960394518EA6F002074357F
:104C0800E16F0AF057FCA989814201D0662004E0CF
:104C180000F054FC002803D06A20FEF79BFEF8BD84
:104C2800FFF792FDF8BD00004491FF1F248FFF1F7E
:104C3800E05CFF1F10B5124904780A466032230071
:104C4800FCF77AFF0709050A090F171909004178C7
:104C58004068FFF7E5FD10BD41784068FFF776FF33
:104C680010BD107C002801D00AF0F6FB00F060F8B7
:104C780010BD012000E000200870107210BD000077
:104C8800C48EFF1FF8B51E484168090601D50020EB
:104C9800F8BD4168802211434160194D0A2600275A
:104CA800803DE86940084000E8610620FCF792FF73
:104CB800134CC03CA06980210843A061E869012128
:104CC8000843E86102E00820FCF784FFA86A800531
:104CD80004D43046761EF6B20028F4D1002E07D050
:104CE800286A7E21C70BA0690F4088433843A0611A
:104CF800A16980208143A1613806400EF8BD0000FB
:104D0800C0F0004010B5FCF7B1FE0748406806281F
:104D180007D30649096801221205114201D180080A
:104D280010BD002010BD00000010004000E200E0AF
:104D3800F8B50B4C03222546203D204667786E8C3B
:104D4800120200216038FDF73BF80120E0720548A7
:104D5800007820711420E88467706E84F8BD000024
:104D6800248FFF1FE05CFF1F30B5BFB00D4604461F
:104D7800F82200216846FDF723F8022168464180A1
:104D880005714471FFF7A6FB3FB030BD10B5BEB04A
:104D98000446F82200216846FDF712F8012168460A
:104DA80041800471FF214171FFF794FB3EB010BDB3
:104DB80070B5BEB014460E460546F8220021684676
:104DC800FCF7FEFF601C694648800D71002003E077
:104DD800325C0B185A71401CA042F9D30846FFF701
:104DE80079FB3EB070BD000010B500F0A5FA044A8A
:104DF8000121582000F010FAFFF744FF10BD000011
:104E0800600AFF1F30B53848016801229204114337
:104E180001604168032212069143344A13781B0645
:104E2800194341604368032189058B4330490C7855
:104E3800A4052343436043686024234343601378F5
:104E4800022B08D01378012B05D00B78022B02D047
:104E58000B78012B04D14368FF24013423434360BA
:104E68001278032A02D00A78032A03D142688023E1
:104E78001A434260426803239B041A4342600B783A
:104E88000122D2051B48002B03D11B4B1B78032B97
:104E980019D0C3689343C360164A184B4032D36095
:104EA800FF2581351561164C5461164B9361114BE2
:104EB80080335D609C60144CDC60144B036009789F
:104EC800002903D006E0C3681343E4E7016801231F
:104ED800194301600E4909780E4BC906C90BC91858
:104EE80081630D48D06130BD40F000404C0AFF1F7F
:104EF8004B0AFF1F800003404A0AFF1FC00B002017
:104F08007A3E6A070000890400808904CC240000E6
:104F1800480AFF1F250800002FFCA601F8B5050068
:104F28004A484B4B4B4C4C4A4C4934D0022D32D05A
:104F380086155710066286699E43B31883612078E8
:104F4800002833D00F61464808634648007801229C
:104F5800120380184861414E404C434B803E403C10
:104F6800002D27D06521414AC9024148012D2ED084
:104F7800022D31D0032D5AD0042D58D03D4969183F
:104F880031603D49A1602360E06002210846FCF7DA
:104F9800E9FF3A482BE08026066286699E43012392
:104FA800DB04F61886612078002801D00A61CAE778
:104FB8000B61C8E7324830600020A06023603148A8
:104FC800E06003210846FCF7CDFF2F480FE02F4B88
:104FD8003360A2602160D7E72C4B5B1C3360A26072
:104FE8002160E06002210846FCF7BCFF28482061E8
:104FF800F068FF210843F060264860612648A061F8
:105008002648E06126482062264860622648A06259
:105018002648E0622648206326486063E020012D88
:105028000DD02168022D0ED081432160F8BD224B9E
:10503800EB183360214B73602160A260A4E72168FC
:1050480081432031F1E781434031EEE7C00003405E
:1050580000001C004B0AFF1F0000040080000340F2
:1050680003000001440AFF1F00280B00555555375F
:10507800D6BE898E008006425555550080550822B7
:105088000080067807EE7536806608220180063DA6
:1050980080450822A49C5C544C44434241524C46EF
:1050A800403A342E28007F554F49433D37312B4C29
:1050B80046403A342E28221C00800698545A9850AC
:1050C800F0B5224B214D21498026204A0727BF04ED
:1050D800403BC03DE024803902281662966914D00E
:1050E800BE430127BF04F6199661194A1278002AAF
:1050F8001ED07A101A6101281ED0164A801828601E
:10510800154808610868A04314E00120BE43C004A4
:10511800361896610E4A1278002A00D0401018619D
:105128000E4828600E4808610868A043403001E036
:105138001F61E0E70860F0BD0848401E2860094884
:1051480008610868A0432030F4E70000C00003406D
:105158004B0AFF1F00800698805508220280063DF2
:10516800804508228066082210B50A490020087088
:10517800094902200870FFF745FE0848007800F04A
:1051880011F8074C2078FFF7C9FE2078FCF7F0FEED
:1051980010BD00004B0AFF1F4C0AFF1F480AFF1FE3
:1051A800490AFF1FF0B51A4A03230725D6001949F3
:1051B8009B026024ED0157693F281AD0B7430526A2
:1051C8003604BE195661CA689A43CB14D218CA600D
:1051D800CA69A2432032CA61CA69AA43CA610D4991
:1051E80040398A6BC0061205120DC00B02438A6350
:1051F800F0BDB7430126B604BE195661CA689A4382
:10520800CA60CA69A243CA61CA69AA438032E5E78B
:1052180000F00040C0000340F8B53A4B5D6A9C6A54
:1052280000265E629E62384B58630E2018629E15F7
:105238005E62402098625020D862FF202B3058626E
:1052480031484030012915D0802101622F49FF23C0
:105258002D48A533403083602D4B43602A4B2D48A1
:10526800403B18617D20C0000090471E009705D381
:105278003846FAE7066225498331E8E72648890572
:105288000F18214840388763234B5B1CC91881637A
:1052980022480090224800780300FCF74DFC0504E2
:1052A8000408060D08001F4800E01F4800901F482A
:1052B80010601548403005E01D48F7E7C16AC9434A
:1052C800890F14D000994B1E0093F7D20E4940392C
:1052D8008F630D4900228A62CA6282604E620A6246
:1052E800FF2041304862074845628462F8BDC16AC0
:1052F800104B1940116011680122090C1204891819
:105308004160E3E70010034080000340CA02000048
:105318002020000080560C20646521001027000022
:105328004A0AFF1F204E00003075000000002020B0
:10533800409C0000FFFF3F3F00B50021022000F025
:1053480021F80C49801C08700021422000F01AF84E
:105358000949801C08700121022000F013F8074950
:10536800801C08700121422000F00CF80449801CC0
:10537800087000BD440AFF1F450AFF1F460AFF1FA9
:10538800470AFF1FF8B53B4C394A2260394D394A64
:1053980007239B04803540320129A9690ED099431F
:1053A80001239B04C918A9613349D16033490B789B
:1053B8000121C905324E002B07D009E0994301238A
:1053C800DB04C918A9612F49EFE73378032B14D000
:1053D800D3688B43D36050630E2010620027576256
:1053E800FF20153050622848009030780300FCF701
:1053F800A3FB0507070D090B0D00D3680B43E9E76D
:10540800224802E0224800E0224800900098431E0B
:105418000093FBD2686B57620002000E17621E4BA6
:10542800D360FF23413353626523DB0223601B4DA6
:105438002F78E023012F0AD02D78022D25680AD075
:105448009D4325600D4B1B78002B07D009E025688C
:105458009D432035F5E79D434035F2E73378032B2C
:1054680003D0D3688B43D360F8BDD3680B43FAE706
:1054780010000300400003407F4073004B0AFF1FE9
:105488004A0AFF1F7F40530010270000204E0000EB
:1054980030750000409C000040401000490AFF1F82
:1054A80010B5FCF795FAFFF7F9F8002801D009F0D4
:1054B800EDFFFCF793FA002010BD000038B51E4C34
:1054C8002079002836D1FDF711FE00282AD0A07ACD
:1054D80014214843214660394418184DE16F74344B
:1054E800E86F00F07DF800281BD0A1681448091F58
:1054F800A1608078002816D005CC083C9042E86F5F
:1055080008D16B46002209F083FF20690099884280
:1055180007D10FE022460023103209F08BFF002844
:1055280008D06A2038BDE86F0A460146002009F015
:10553800C1FFA081002038BD248FFF1F4491FF1FA9
:10554800E05CFF1F024610B50348418C20304078CC
:10555800FCF70AFB10BD0000048FFF1F30B51A4985
:105568001A4B0C791A4A0168002C0CD0002926D154
:10557800416880680C189C4221D890421FD8154871
:1055880081421CD31DE044688C420AD1EF231B06DC
:10559800C9180123DB04994211D2806890420ED8C1
:1055A8000FE00D4D64190D4DAC4208D28068904251
:1055B80005D81122120611430818984201D9002073
:1055C80030BD012030BD0000248FFF1F00000811EE
:1055D8001040000000300011000001E0010001004F
:1055E80070B50C460546FDF781FD002806D02A193E
:1055F8000023211F2846121F09F01CFF012070BD3F
:10560800F8B5614C60688030806880F30888FCF7E2
:10561800B9FB5E485E4900680225884206D0002032
:10562800FCF7E4FA68070169A943016100F0D6F8BC
:1056380058480078FCF79CFC574E0020F061F56153
:10564800564D75610120FCF7C5FA0320F061FCF79F
:10565800C7FA0746FCF70AFA0646FCF7C1FA5049AA
:105668000860FFF781FD4F480068874201D9381A62
:1056780001E0381A401E4C49884200D90840616848
:105688008A8DD20709D0494A030C126880B2534365
:1056980050431B02000A18180BE0C2018300D21AFB
:1056A8004300D21AC3001818921C80309208400A8E
:1056B80010182062FF313E48013149680068091816
:1056C8003C480068081A41198B083B488A073B493F
:1056D80003600D68920F52190A60042A04D95B1CF2
:1056E8009207920F03600A60216A354FC81839463D
:1056F800FCF70CFB02463348334D0368D3180360AC
:105708002A688A182A60BA4206D95B1C036039469F
:105718001046FCF7FBFA2960FCF730FC2B480078B0
:10572800002810D0FCF7A2F9294A216A801B1268C8
:105738000B18934202D2511A091A01E07D21C900BF
:105748001548FCF721FC234D287A002811D0FCF7D6
:105758008DF9811B236A1048EA685C183C30A24224
:1057680002D9D21A511A00E01B49FCF70DFC00209F
:105778002872FCF70FFC0220FCF77EF90020FCF7EA
:1057880035FAFCF7DDFBF8BD645DFF1F0C0AFF1F4F
:10579800B6412103490AFF1F00100040C409000058
:1057A800100AFF1F340AFF1FFFFF3F00380AFF1FC0
:1057B8001C0AFF1F200AFF1F240AFF1F280AFF1FB9
:1057C800710200006008FF1F2C0AFF1F1C09FF1F41
:1057D800E408FF1F740BFF1FDC050000F8B5FDF798
:1057E80079FCFDF7ADF90120404E00903078404C2F
:1057F800022810D0FCF7F4F905463220FCF7EAF944
:10580800FDF7ECFA0F20FCF7E5F93078012808D00D
:10581800FDF790FB1AE037484068006AFCF7DAF9B0
:1058280024E033484038C06B4007400F012802D1BC
:105838000020FCF7B3FA6068FF270137B8436060BF
:105848000220FCF7C7F9606838436060FCF7C8F9C4
:10585800A84201D3401B01E0401B401E25491E22DF
:10586800C8615043244A49688018C86124492348BC
:105878000860234823498030C163FF2141314162D8
:105888003078FCF78BFA20492048FCF77DFB1F484D
:105898001F491430FCF778FB0420FDF7EBF81420BF
:1058A800FDF7E8F81520FDF7E5F81720FDF7E2F811
:1058B800FF20FCF75BFA0120FCF772FBFF20F530B4
:1058C800FCF774FB5820FCF725F91248FCF774FB29
:1058D8000098FCF777FB0720FCF77AFBE0690E4994
:1058E8000840FF300930E061F8BD00004A0AFF1F98
:1058F80040F00040645DFF1F720600000180063D15
:105908000000034034080000710200001410004039
:10591800FFFF3F003075000000FEFEFF7FB510223C
:1059280000216846FCF74CFA1B48FDF763FC1B4D49
:105938000022687A0090002001900290401E039097
:1059480010216846FEF7DAFE002823D100242E46EF
:10595800603E1BE0142060438019416F0091816F05
:105968000191C16F02910E498978002902D08030D7
:10597800406801E0803000882201039010216846C9
:105988001032FEF7BBFE002804D1641C687AA042DE
:10599800E0DC002004B070BD00300011248FFF1F30
:1059A800E05CFF1F000000003B000108020003004C
:1059B800050206020703080309030A000C030D0386
:1059C8000003010304030B000E030F03100311036C
:1059D8001203130314031503160323F16E53A422B1
:1059E800426191518B9B01FF335823F16E53A422DE
:1059F800426191518B9B02FF335823F16E53A422CD
:105A0800426191518B9B03FF335823F16E53A422BB
:105A1800426191518B9B04FF335800001000000035
:105A2800E259FF1F6945FF1F7545FF1F0000000071
:105A3800F1590000FD2400004DBF001169B30011A9
:105A480011BC0011A5C100119DAD00119DB600113A
:105A58002943FF1F090000000300000000000000A8
:105A6800000000005048592B36325858504C5553B6
:105A78003035303400000000005BFF1F887EFF1FB8
:105A880084010000282BFF1F887EFF1F005BFF1F7B
:105A9800882300008019FF1F0004FF1F887EFF1F56
:105AA8000C000000282BFF1F887EFF1F0004FF1F2B
:105AB800000400008019FF1F00B3FF1F887EFF1F2E
:105AC80084000000282BFF1F887EFF1F00B3FF1FE4
:105AD800104000008019FF1F845CFF1F887EFF1F95
:105AE80098160000382BFF1FFCF6FF1FFCF6FF1F5F
:105AF80004080000382BFF1F41021FFF32023680C6
:105B08000A0111012D58090111105A86102D645BE4
:105B1800FF1F101A9E10A9301A8C1032031A1C206D
:105B2800B2201A0F0221ABE80354DA6C545AE85435
:105B38006A94204A8E1069205AE9205A96105A68A9
:105B48001069205AEA105A9C102A70101A02122959
:105B580091715C3075FFF712062B800C92012404BA
:105B68001C02010612081210DA043299E8CB245AF2
:105B7800A8364D5CFF1F104BF259181A4E10A92079
:105B88005A4F201A023829105A50201A8C2029AF4F
:105B9800DA58305A51305A12681A52101119192904
:105BA80014C11B45441849CE800F090950506C7523
:105BB800734F54410BFF04051C3930581201192941
:105BC800E3123BAB0108F92980148821082C5902FB
:105BD800E00B91BC40787D10C1A9191A6CB4211250
:105BE800F71205720BD2FF22B42A2802143075A0CE
:105BF800490219751D08E001F0DE89023A500229B0
:105C08000A63D0071A0F6612051C307507141201B3
:105C1800CA815509136A211341C71B11D10413A95D
:105C2800D0AA111CBAFFB201121779060111D1F9D5
:105C38001411EDF80A1611E801FF01FF01FF01FF39
:105C480001FF01FF01FF01FF01FF01FF01FF01FF4C
:105C580001FF01FF01FF01FF01FF01FF01FF01FF3C
:105C680001FF01FF01FF01FF01FF01FF01FF01FF2C
:0C5C780001FF01FF01FF01FF01380000E7
:020000041FFFDC
:10B3000001FF01FF01FF01FF01FF01FF01FF01FF3D
:10B3100001FF01FF01FF01FF01FF01FF01FF01FF2D
:10B3200001FF01FF01FF01FF01FF01FF01FF01FF1D
:10B3300001FF01FF01FF01FF01FF01FF01FF01FF0D
:10B3400001FF01FF01FF01FF01FF01FF01FF01FFFD
:10B3500001FF01FF01FF01FF01FF01FF01FF01FFED
:10B3600001FF01FF01FF01FF01FF01FF01FF01FFDD
:10B3700001FF01FF01FF01FF01FF01FF01FF01FFCD
:04B380000150000078
:020000041FFFDC
:10F4000003B40148019001BD3953010003B4014820
:10F41000019001BD1D530100FEB504460D46164680
:10F420001F462B4622460349034801970096FFF7E3
:10F43000E7FFFEBD30280011C893FF1FFEB504464C
:10F440000D4616461F462B462246034903480197A0
:10F450000096FFF7DBFFFEBD30280011C893FF1FA9
:10F4600072B606480168491C01600549042008601D
:10F470000020012189074860FEE700007808FF1F8F
:10F48000C0F0004010B5F3F735FE002800D110BDE4
:10F490000120FCE701484168084700003818FF1FB9
:10F4A00010B5F2F799FA00F04EF8002801D1FFF7F5
:10F4B000F1FFF2F797FA002010BD000070B515E0DB
:10F4C00003070D78DC0E744B060928071C5BC00E81
:10F4D000185A664070400407E40E1E5B04092809B0
:10F4E0004000185A74406040491C521E002AE7D15F
:10F4F00070BDF0B501239B079D6A04460C4314437D
:10F50000A40701D00C20F0BD644C654E0C19B44228
:10F5100001D31020F0BD634E002D04D102243460CD
:10F520005C6201249C62002402E00F59241D80C00B
:10F530009442FAD3002D04D1002030600321596297
:10F5400098620020F0BDF0B589B0002053490490C6
:10F5500007900422494204A8FFF7CBFF0498411CFE
:10F5600062D020280DD800280BD004224E4907A8CD
:10F57000FFF7BFFF0798022806D0012806D0002811
:10F5800004D0682009B0F0BD484E00E0484EFFF7B7
:10F5900079FF089064200090411E009101D3084635
:10F5A000FAE73D4804224349001FFFF7A2FF3A4C07
:10F5B0000125183C6AE03C482F01001F39183648E5
:10F5C00004221838FFF795FF3748042239183248CB
:10F5D0001438FFF78EFF34480422001D39182E48D6
:10F5E0001038FFF786FF30480422083039182A48BF
:10F5F0000C38FFF77EFF2068411C15D06368591C4A
:10F6000012D0A1684A1C0FD0E268521C0CD0834271
:10F6100013D1089A002A09D01F4B0022083BFFF79C
:10F62000FBFE2169E0682EE06720ABE7224A6369B0
:10F6300093422AD00A4601461FE0204F1A0CBA42D4
:10F6400023D0089A002A0CD0134A80190C3AFFF7ED
:10F65000F5FE002819D01A4902204863FFF700FF81
:10F6600013E080190A4601461846FFF742FF124888
:10F670006169814209D0A26861680020FFF71EFF1E
:10F680002061A18989B28142E5D16D1C0498401C9A
:10F69000854290D3002075E7DCF6FF1F00D0FFEE17
:10F6A000FFCF070000C0004004300011CB08AF328C
:10F6B00000100111F03F00115A5AA5A5FFFF0000EC
:10F6C00000F000400000000000000000000000000A
:10F6D000000000000000000000000000000001CC5D
:10F6E00001D8001401F0003C002801E401A0006CE6
:0CF6F000007801B40050019C0188004427
:040000051FFF18F9C8
:00000001FF
