:020000041101E8
:1000000003B40148019001BDADAE000003B4014846
:10001000019001BD456B010003B40148019001BD91
:100020000189000003B40148019001BDC53F0000F3
:1000300003B40148019001BDE94C010003B401483B
:10004000019001BDC95C010003B40148019001BDEC
:10005000CD4C010003B40148019001BD618900004D
:1000600003B40148019001BD154D010003B40148DE
:10007000019001BDF54E010003B40148019001BD9E
:10008000434D010003B40148019001BD2526000045
:1000900003B40148019001BD8B52010003B4014833
:1000A000019001BDB352010003B40148019001BDAC
:1000B0000D52010003B40148019001BDC94A01007D
:1000C00003B40148019001BD691F000003B4014859
:1000D000019001BD5D17000003B40148019001BD0E
:1000E0003D4B010003B40148019001BD595201008C
:1000F00003B40148019001BD5125000003B401483B
:10010000019001BD014C010003B40148019001BD03
:10011000594F010003B40148019001BD1D4B01007E
:1001200003B40148019001BD8D12000003B40148E1
:10013000019001BD4D1F000003B40148019001BDB5
:100140005522000003B40148019001BDDD520100B9
:1001500003B40148019001BD1D4D010003B40148E5
:10016000019001BD810E000003B40148019001BD62
:10017000017F000003B40148019001BDE1170000B8
:1001800003B40148019001BD7918000003B401488F
:10019000019001BDD949010003B40148019001BD9E
:1001A000E928000003B40148019001BD5549010050
:1001B00003B40148019001BD4551010003B4014859
:1001C000019001BDC926000003B40148019001BDA2
:1001D0001DBC000003B40148019001BD6DBC0000CE
:1001E00003B40148019001BDC946FF1F03B4014893
:1001F000019001BD6934FF1F03B40148019001BDA6
:10020000C51D000003B40148019001BDA946FF1FB0
:1002100003B40148019001BD7147FF1F03B40148B9
:10022000019001BDC52CFF1F03B40148019001BD21
:100230005D35FF1F03B40148019001BDC145FF1F9B
:1002400003B40148019001BD090E000003B4014848
:10025000019001BD750F000003B40148019001BD7C
:100260007919FF1F03B40148019001BD5D45FF1FCF
:1002700003B40148019001BD313CFF1F03B40148A4
:10028000019001BDF94C010003B40148019001BD8A
:10029000C521000003B40148019001BD291C0000E4
:1002A00003B40148019001BD851F000003B401485B
:1002B000019001BD1147010003B40148019001BD47
:1002C000B30E000003B40148019001BDB942FF1F05
:1002D00003B40148019001BD3945FF1F03B4014833
:1002E000019001BDE93CFF1F03B40148019001BD2D
:1002F000993DFF1F03B40148019001BDBF23FF1FBB
:1003000003B40148019001BD9923FF1F03B40148C4
:10031000019001BDA946010003B40148019001BD4F
:100320002124000003B40148019001BD4550FF1F86
:1003300003B40148019001BDD134FF1F03B401484B
:10034000019001BD0D0F000003B40148019001BDF3
:100350004D19FF1F03B40148019001BD9D18FF1FF7
:1003600003B40148019001BD350E000003B40148FB
:10037000019001BD9533FF1F03B40148019001BDF9
:10038000C118FF1F03B40148019001BDAF18FF1F42
:1003900003B40148019001BDE548000003B40148E1
:1003A000019001BD2951010003B40148019001BD34
:1003B000D91B000003B40148019001BD9124FF1F27
:1003C00003B40148019001BDB924FF1F03B40148E3
:1003D000019001BD51470100F8B5D349D14A002031
:1003E00004464A608300401CD450FF28FADD486868
:1003F000CE4A014680318A606E22C262CC4A1278AF
:10040000002A01D07F22C2620A220265C94A1378FB
:100410008363C94BC36115781023022D08D015786A
:10042000012D05D01578032D02D01578042D00D1AB
:100430000362C24D45611925AD0185613725CD6047
:1004400036272826C7630825466405644F6032278F
:100450000F603B27CF634127CF6439274031E0C18C
:1004600032274F6002274F6142270831E0C11E2723
:100470004F60CE608D6005264E6142260E615A2681
:1004800060390E614D613C258D61AF25ED00056041
:10049000AB4D05631578022D09D01578012D08D0D4
:1004A0001578032D07D01578042D06D007E0152503
:1004B00004E0436003E00E2500E00C254560FF25C5
:1004C0002D358560C560FF25F53505619D4D856439
:1004D0007D25ED009C4ECD67C66445629B4D8562CF
:1004E0007325C565062545658565C51D0826F9354D
:1004F00002272E6047664B27FF0087660927C766DD
:10050000934F07674667BE108467C667914F8E4E4C
:100510003E601678022E09D01678012E0AD0167881
:10052000032E0BD01278042A0CD00EE01A22CA61D6
:10053000212205E01422CA61182201E01322CB61B6
:100540000A6202E00E220B62CA617E4A8A627D2242
:10055000D2008A6764224A620522CA6202220A63C2
:10056000C8228C634A63382169607B4929647B49CE
:10057000A9614B21C900E9617349FF3064392962DF
:100580007D2109016962EC661E212C67A96670490C
:10059000A965E96589102966696469677049A96771
:1005A0007049714A8130E967026082604160FF21D1
:1005B000F531C16001616E486C495A4A81606D49EC
:1005C000803A11616A496C4A80318A626B4ACA6218
:1005D0006B4A82616B4AC2626B4A02636B4A64482F
:1005E0004038C2636A4ACA616A49816360496A489D
:1005F000403188616A49694888605D48694A803845
:100600004260694A4263694A0A626949816058499D
:100610006848C039C860FFF7F3FC0120FFF7F6FC1B
:10062000F8BDF3B50746644881B0C169634A11401B
:10063000FF310931C161002613E000252C4611204D
:10064000FFF7EAFC5C48406A8007800F6100884041
:100650002843641CE4B20546102CF0D301C7761C75
:10066000F6B202988642E8D3FEBD10B52E4C6078F3
:1006700000280AD104215248FFF7D3FF5048042133
:100680001030FFF7CEFF0120607010BDF0B50024E0
:100690008BB00D460646102902D901200BB0F0BDE3
:1006A000FFF7E3FF464900200A5C401C1419C0B262
:1006B0001028F9D3002C03D0102D03D90B20EDE71F
:1006C0000E20EBE73F483E4C0023006802A910349F
:1006D000E25CC75C7A40CA545B1CDBB2102BF7D3D8
:1006E00006AA3748FFF79EFC102D00D910252A4690
:1006F00006A93046FFF79CFCFFF7A0FC21684018D4
:100700002060FFF79BFC616840186060FFF796FC73
:10071000A1684018A060FFF791FCE1684018E06014
:100720000020BBE70004FF1F3870FF1FD0D2FF1F5F
:10073000246DFF1F4A0AFF1F3A07000080C3C9014A
:100740009A02000050C30000280A00006A18000046
:10075000204E0000F009FF1F00400011681000004B
:10076000DC05000040420F0010270000D14BFF1FA6
:100770000001FF1F7928FF1F2D51FF1F0554FF1F88
:10078000E124FF1F7526FF1FFD24FF1F4138FF1FB7
:100790001D6AFF1F4168FF1F1924FF1F312CFF1F17
:1007A0000002FF1F4948FF1F254AFF1F6949FF1F1D
:1007B0000548FF1F612CFF1F40F0004000FEFEFFB8
:1007C00008A9FF1F3C71FF1F0A7802708A784270E7
:1007D0004A88120A82700979C170042070470A7829
:1007E00002700988090A41700220704710B5002282
:1007F0000EE093005B189C7804705C88521C240AFD
:1008000044701C7984709B88D2B21B0AC370001D8F
:100810000B789342EDD81806800D10BDF8B50D4643
:1008200006464978012031700024761C16E069786C
:10083000012917D01221614349198A7832704A88F8
:10084000871C120A7270B61C10223046091DFFF771
:10085000EFFB1037B8B21036641CE4B22978A1421D
:10086000E5D8F8BDA10049198A7832704A88871CFA
:10087000120A7270B61C02223046091DFFF7D8FB1F
:10088000BF1CB8B2B61CE7E710B50C46097801707A
:100890002188090A41706288211D801CFFF7C8FB6E
:1008A0006088801C80B210BD10B50C4609780170BC
:1008B0002188090A4170A17881706188090AC17094
:1008C000A288A11D001DFFF7B3FBA088001D80B208
:1008D00010BD10B50C460A88891CFFF7A9FB2088BB
:1008E00010BD10B50B788A7802705343DCB22246F3
:1008F000401C091DFFF79CFB601C10BD10B50B7858
:100900008A7802705343DCB22246401C091DFFF76F
:100910008FFB601C10BD10B50C460A88891CFFF7C0
:1009200087FB208810BD10B50C460A88891CFFF78C
:100930007FFB208810BD7FB515460446022901D0F3
:10094000102903D1022B04D0102B02D0002004B0B8
:1009500070BD994202D10A46294607E0102969462E
:1009600007D000F00DF8102269462846FFF76CFB0F
:10097000EDE7104600F004F8102269462046F5E73E
:1009800070B50C4605000CD0002C0AD01022064988
:100990002046FFF74DFB28782073687860730120AC
:1009A00070BD002070BD0000BCA1011110B50B4648
:1009B0000122024902F028FA10BD0000C907011106
:1009C00070B5064608880C46172812D30B4603223A
:1009D0000949304602F018FA050008D10749208875
:1009E0000988884200D20146304600F0B7F928460F
:1009F00070BD022070BD0000DF0701116C70FF1F89
:100A000010B500231922194602F0FEF910BD0000AE
:100A100010B50A78002A05D00B460722024902F0D9
:100A2000F3F910BD022010BDED07011110B54A7891
:100A3000012A01D0022A08D10A78002A05D00B46E3
:100A40000522034902F0E0F910BD022010BD0000AC
:100A50001D08011101494000085A70476A70FF1FC4
:100A600010B50B461B22024902F0CEF910BD000062
:100A70008908011101491720088070476A70FF1F1B
:100A80000098022B01D0042070471178527812028E
:100A900089180180002070470098012B01D00420A4
:100AA0007047117801700020704770B5049C1E4695
:100AB0001546062B1BD36978287809024018208038
:100AC000E978A87809024018608002222271291D65
:100AD000601DFFF7ADFAB61FB2B22281F02A06D828
:100AE0002046A91D0A30FFF7A3FA002070BD04209C
:100AF00070BD0098042B01D0042070475378117802
:100B00001B02C91801809178D2781202891841809D
:100B100000207047F8B584890D460646002C26D083
:100B2000B2681778380620D50C2C20D90C3CA4B21A
:100B30001019009001217088234601F0D7FD00288C
:100B400011D0022028707806C00F6870B806800E99
:100B5000A870641E2004000CA88001D0B068401C5E
:100B6000A8600020F8BD0120ECE70020EAE70120A2
:100B7000F8BD10B502981146042B14D34C780A78AE
:100B8000240212190280CC788A7824021219428039
:100B90001B1F9AB28280F22A05D8801D091DFFF71B
:100BA00047FA002010BD042010BD0098042B01D08E
:100BB00004207047537811781B02C918018091787E
:100BC000D2781202891841800020704710B502982F
:100BD0001146062B03D0142B03D0042010BD022293
:100BE00000E0102202714B780A781B02D2180280B2
:100BF000CB788A781B02D21842800279401D091DE9
:100C0000FFF716FA002010BD30B5039CD80718D1A5
:100C1000D805010E022914D30B488088814210D8D0
:100C2000F6200155002008E0557813782D025B1955
:100C30004500401C6353C0B2921C8842F4D300208C
:100C400030BD042030BD00006470FF1F0098022BEF
:100C500001D004207047117852781202891801805F
:100C60000020704770B5144602460498022B18D332
:100C7000667825783602AD1905800546E0352A7676
:100C80006976002A0BD0E8219B1E9AB242808A42E4
:100C900007D8A11C001DFFF7CBF9002070BDF4217F
:100CA000F2E7042070BD000010B50B461722024980
:100CB00002F0AAF810BD0000A908011110B50B46FA
:100CC0000D22024902F0A0F810BD0000D308011166
:100CD00010B50A78002A05D00B461122024902F00D
:100CE00093F810BD022010BDE308011110B50A7879
:100CF000002A05D00B460922024902F085F810BDF2
:100D0000022010BDFD08011110B50B460F2202494B
:100D100002F07AF810BD00001709011110B50B465A
:100D20000B22024902F070F810BD000027090111E2
:100D3000F72800D9F720084A01461080401EC31743
:100D40009B0F18188003000C5080491EC80F4018D4
:100D5000C003000C908070476470FF1F044A128823
:100D6000914203D8024A4000921D11527047000080
:100D70006470FF1F10B500231322194602F044F8D7
:100D800010BDCB22520105E000BF00BF00BF1146DD
:100D9000491EFDD1401EF7D2704703E00821491ECD
:100DA0000029FCDC401EF9D27047000070B50C46EB
:100DB0000146032000020A1A002534481300FFF7F9
:100DC00049F91D1012151C1F2326282C30323438E7
:100DD0003A3C3E40424446484A4E50525A54565875
:100DE0005A00C07911E01022294902E02849102256
:100DF00010312046FFF71CF945E0C06A206042E050
:100E0000224906223C31F4E7007820703BE08089DB
:100E100036E01E4942784231EBE71D4982781F399E
:100E2000E7E7007AF1E7407AEFE718490622303128
:100E3000DFE7807AE9E7C07AE7E7C08920E0808AC7
:100E40001EE0C0781CE0C08A1AE0008B18E0408BDE
:100E500016E0808B14E00D4906223631C9E7C08BBD
:100E60000EE0008C0CE0408C0AE08079CDE7008A2F
:100E700006E0408A04E0272904D2084600F0A4FADC
:100E8000208000E00225284670BD0000106EFF1F84
:100E90000195FF1F70B50E4C00256071A571691E8C
:100EA000E18100F0C1FB0420E0711022002109481B
:100EB000FFF7D6F80748102200211030FFF7D0F8CE
:100EC000E562257265720720A072E57270BD0000B0
:100ED000106EFF1F0195FF1FFEB53F4D0C46080425
:100EE0000CD56879FFF7C2F8050004D003F0CAF802
:100EF0002846FFF7C1F80120C00369E0600403D56C
:100F0000012080034840FEBDE007012600282ED0C6
:100F100032A002F071F92878002821D0A87905289C
:100F200021D0297A68460170697A41702A490622DF
:100F30003031801CFFF77CF8A97A68460172E97AA3
:100F400041726946687900F05BFA002808D00720F2
:100F5000A871696A002903D00968002900D0884770
:100F600020467040FEBD032069460870E4E7A007F4
:100F70000ED5A879052809D1E889FFF783F8AA8A50
:100F8000002A03D002216879FFF782F802201FE0CF
:100F9000600707D517A002F02FF9002003F0DEF854
:100FA000042015E0200715D518A002F025F92879AE
:100FB000012802D002280AD107E00096AB8B6A8B89
:100FC000298BE88A00F02EF801E000F07DF9082076
:100FD0006040FEBD0020FEBD106EFF1F0A5354414D
:100FE00052545F4144564552544953494E475F4518
:100FF00056540A0053544152545F434F4E4E5F556E
:1010000050444154455F455654000000434F4E4EF6
:101010005F504152414D5F54494D454F55545F45D6
:1010200056540000F8B5134C069EA579052D01D045
:101030001420F8BD104F851FBD4219D2062917D3C1
:10104000BD1DA94214D2FF27F537BA4210D20A2B90
:101050000ED3AB420CD2E08221836283A38330465D
:1010600003F07CF804216079FFF718F80020F8BD40
:101070001820F8BD106EFF1F7A0C0000F7B50D4662
:1010800080490098164642187F4F00247879B97934
:101090001300FEF7DFFF190E141BE92040455970BD
:1010A000777E888FE996A2A9B4BFC8E9E9E9E9D3B8
:1010B000E900102D76D11022314674486FE0102DD2
:1010C00070D1724810223146103068E0042D69D189
:1010D0003068F862CEE0012D64D13B7832783A7006
:1010E000002B0AD0002A07D1022903D0062901D0FB
:1010F000042901D100F03EF9BCE0002A0AD0012900
:1011000005D0032903D0052901D0042902D10121EA
:10111000FEF7CAFFAEE0022D44D13088B881A9E0C5
:101120001F2D3FD858481F2200214230FEF798FF5C
:1011300055482A4631464230FEF77AFF524B7D70C1
:1011400042332A46012112E01F2D7CD84F481F222E
:1011500000211F38FEF784FF4C482A4631461F38CD
:10116000FEF766FF494B2A461F3BBD700021787988
:1011700000F0D0FA83E0012D65D13078042862D8E0
:10118000387277E0012D5ED1307803285BD8787211
:1011900070E0062D57D13C48062231463030FEF72C
:1011A00047FF67E04FE0012D4DD1307807284AD83E
:1011B000B8725FE0012D46D13078032843D8F87229
:1011C00058E0022D3FD13288BA82002A52D0052938
:1011D00050D10221FEF75CFF4CE0012D33D1307875
:1011E000012830D8F87045E03088022D2BD1062830
:1011F00029D31921C901884225D8F8823AE03088DC
:10120000022D20D106281ED31921C90188421AD8DF
:1012100038832FE03088022D15D1FF21F531884227
:1012200011D2788326E03088022D0CD10A280AD307
:101230001921C901884206D8B8831BE03178012DF5
:1012400001D1012901D0182414E00821FEF732FF52
:10125000002801D016240DE0002002F07FFF0421B9
:101260007879FEF71BFF05E00098272801D2022DB0
:1012700002D002242046FEBD318800F0FBF904466E
:10128000F8E70000FFFCFFFF106EFF1F0195FF1F36
:101290001CB50B4CA179002901D011201CBD0028E0
:1012A00000D06062064907482C3103460191009046
:1012B000103B0022E179607900F016F800201CBD97
:1012C000106EFF1F1195FF1F10B506488179052983
:1012D00001D0122010BDC1891322407900F0DAF943
:1012E00010BD0000106EFF1FFFB581B01E460D46F9
:1012F00002240B9F0B00FEF7ADFE0D1A0B1A1A0B02
:101300001A1A1A1A1A1A1A081A000AA001F074FFF7
:101310002946019800F0D8F8040008D13A46304632
:101320000A9900F087F900F0EBF801F0CFF92046B8
:1013300005B0F0BD4741505F446576696365496E0D
:1013400069743A204741505F50524F46494C455FBF
:1013500043454E5452414C207C204741505F5052EF
:101360004F46494C455F5045524950484552414CC3
:10137000200A000070B5104C2168002904D00978BB
:10138000814203D0032070BD122070BD0B4D02219D
:101390002878FEF783FE0A48002646800421287834
:1013A000FEF77CFE07480680216803204870002075
:1013B000FEF786FE70BD0000D070FF1F0171FF1F99
:1013C000E470FF1F7470FF1F272803D202494000FA
:1013D000085A7047014870477C70FF1FFFFF0000EC
:1013E00010B5064C607005F051FA6078FEF76EFE9D
:1013F0000521607801F066F810BD00000071FF1F44
:1014000070B5284E054630680C46002801D01120E2
:1014100070BD254801780520014216D02348806818
:10142000002805D00078002802D0C80706D101E0C6
:10143000102070BD00F044F8002808D02078032860
:1014400005D0022803D0002801D0122070BD0C2046
:10145000FEF742FE3060002820D005700021417068
:101460000A222146801CFEF7E3FD02F05BFF040028
:1014700002D002F0DDF812E00D48007803280ED10A
:101480001D20FFF7A1FF0B490028088007D00B485B
:10149000094A04210078FEF725FE00E013242046C7
:1014A00070BD0000D070FF1F7170FF1FE470FF1F40
:1014B0007270FF1F7470FF1F60EA00000171FF1F50
:1014C00010B505F001FA10BD70B50C4605461C229A
:1014D00000210948FEF7C4FD084805704470FEF776
:1014E00007FE0549002803D000200870122070BDB7
:1014F00001220A7070BD000048A9FF1F7070FF1F15
:1015000070B50F4C0025A068002802D0FEF7F6FD4C
:10151000A560E068002802D0FEF7F0FDE56009480C
:1015200005210078084206D00548103002F052FC30
:1015300002F020F870BD002002F04CFC002070BDCD
:10154000E470FF1F7170FF1FFEB5344D0C46080498
:1015500019D56878FEF78AFD0121C9034C4006467B
:1015600000280ED002F056FB002807D12878FF286B
:1015700004D03146FEF7C8FD002802D03046FEF701
:101580007BFD2046FEBDE007012700280AD0A868A1
:10159000002804D04168002901D000208847204657
:1015A0007840FEBDA00709D56868002804D04168CE
:1015B000002901D00120884702202AE060072AD5AF
:1015C000174E308800281FD0401E0004000C3080C9
:1015D0001ED102F09FF8002809D0124807706868F1
:1015E000002804D04168002901D00120884702F07A
:1015F0006BF8694600F0C4FF684602F0F5FA1D205A
:10160000FFF7E2FE308003E004216878FEF746FD34
:1016100004206040FEBD0020FEBD00000071FF1FE1
:101620007470FF1F7370FF1F01490870704700003E
:101630000071FF1F70B50E4C0B46261D07C60546F0
:10164000102200211846FEF765FD012803D1102164
:10165000A06806F00BFB102200212846FEF75AFD79
:10166000012803D11021606806F000FB70BD000066
:1016700048A9FF1F272807D2044A914204D0044AF0
:10168000400011520020704702207047FFFF000009
:101690007C70FF1FF8B50D4617461D4906461B4ACC
:1016A0001224C868954208D100282DD00268002A6B
:1016B0002AD029463046904723E0144A521C9542CE
:1016C00013D1002807D00268002A04D029463046EA
:1016D0009047040005D03946304601F087FE0400EB
:1016E00012D10B48067047700EE0284605F09EF8B0
:1016F000002809D00078B04205D139462846FEF7C7
:101700000FFD044600E003242046F8BDFEFF000064
:10171000D470FF1FF8B50E460146194815460078EB
:1017200005221F46104028D0304326D01548012EF0
:101730001BD0C468002C20D01F2D18D8002D01D03C
:10174000002F14D001701F220021601CFEF788FCBE
:101750002A463946601CFEF76BFC28462570002E91
:1017600007D0611CFEF7E2FCF8BD8468E2E70220C6
:10177000F8BD611CFEF7E0FCF8BD1220F8BD0000CA
:101780007170FF1FE470FF1F014610B50020C907EC
:1017900004D0034A0421034800F0A6F910BD00005C
:1017A0008C960111946EFF1F70B50F4D0F4CA870F1
:1017B00029461831204600F01DF8002128460B4626
:1017C0001030CA0084521218491C09065360090ED1
:1017D000F7D0012003F086FCA87800F023FB044832
:1017E00005F084F870BD0000746EFF1FFFFF00005D
:1017F0001D49011170B50A4C0025A04209D10020F5
:1018000082008C525218401CC0B295700228F7D347
:1018100070BD03F052F80028FAD00480857070BDC6
:10182000FFFF0000F8B50E4607460699002407980A
:10183000002902D00B242046F8BD022B01D00D2434
:10184000F9E711785278120289188DB2294681433E
:1018500001D08024EFE73846F16800F03DF9A84256
:10186000E9D02A463846F16800F0A8F90400E2D130
:1018700071892A46384600F065F9DCE770B50C46F8
:10188000080412D50A488078FEF7F0FB050008D05E
:101890002878B02802D1284603F02CF92846FEF714
:1018A000EBFB0120C003604070BD002070BD000054
:1018B000746EFF1FFFB587B0087A0025109E1C4686
:1018C0000F46C0060DD5099802F0F0FF030006D0C0
:1018D0000A22394607989847050035D101E00E25C0
:1018E00032E0387802281DD17868292201784078C2
:1018F00012020002081880B2811A90427ED009DCE0
:101900007249401A23D0012821D0022851D003283F
:1019100008D125E0012972D0022971D003296DD0A8
:1019200004296ED0099802F0E9FF0028D7D0056895
:10193000002DD4D01299119801910090334622467F
:1019400039460798A847054628460BB0F0BD1198C0
:10195000002873D1F868017831800278416897E0F7
:10196000119800286AD101203080F86800210078A1
:1019700020707889401C80B200F04EF900280FD00A
:10198000318802788918891C3180817A6170418997
:10199000090AA17002784168E01CFEF749FBD3E711
:1019A00030880422001D30800021601CFEF758FBA7
:1019B000CAE71198002872D1F86804A9008800903D
:1019C00004203080009820700098000A6070009811
:1019D00000F022F9070028D0F86805906846028ACE
:1019E00003AB3B49384600F06FF900280FD13B7834
:1019F000022138487A68FEF79EFF03E027E031E0D5
:101A00001DE049E0002802D13148694688810598E7
:101A1000007802280CD1059802224168201DFEF7AB
:101A200007FB3088801C308002E06946009888817E
:101A300068468089A070000AE07085E72FE0119861
:101A400000282CD1F968079800F046F804E01198B6
:101A5000002824D1F8680088022131802070000A13
:101A6000607071E7F868FEF76DFB1199C0B28142B2
:101A700010D8814201D1002206E0129A89188142D1
:101A800002D31199401AC2B23280F968119809182C
:101A9000204682E7072557E71198002801D00B253B
:101AA00052E70721F8683180017821704178617030
:101AB0008178A1704188090AE170017921718179E9
:101AC0006171C088000AA0713EE700000028000094
:101AD000FFFF000032A2011110B502F0EEFE002857
:101AE00000D0807810BD00007CB51446050019D0E8
:101AF00068460195018000F09BF903001DD1002C80
:101B00001BD06D89002D0DD00C20FEF7E5FA0028C2
:101B10000AD0002303608580094A84609168002907
:101B200004D006E0022308E0132306E0906004E0FE
:101B300011460A68002AFBD1086018467CBD0000E7
:101B4000746EFF1FF8B50C4C0746207815460E46FC
:101B5000FF280FD00A20FEF7FBFA01000AD0B120BF
:101B600008700020487008714F80CE800D81207869
:101B7000FEF7CAFAF8BD0000746EFF1FFFB583B010
:101B800008461F4601A90C9E00F046F8050012D039
:101B90006846808802F0B2FE00280AD04468002C13
:101BA00007D000963B462946059A0398A04707B000
:101BB000F0BD0E20FBE70120F9E7000070B51446E8
:101BC0000E46054602F079FE002806D1314605484A
:101BD00002F073FE002803D005808470002070BDE1
:101BE000112070BDFFFF000010B50178B0290BD1A6
:101BF0004178002908D10179122906D01B2903D187
:101C00004088012100F0E8FB10BDFF210231095C92
:101C10000129F5D010BD0000F0B58C4610494B6885
:101C200019E09F687C89A04214D39E8831198142B3
:101C300010D900220CE011017D186989814205D17B
:101C40006046002800D004802846F0BD521C92B2A5
:101C50009642F0D81B68002BE3D10020F0BD0000B5
:101C60000C71FF1FFFB5174881B00A9F446824E03C
:101C700000251EE0A0682901461870890199884254
:101C800015D30299884212D80498002807D03178D9
:101C90007068049B039AFEF74EFE002807D0002FC1
:101CA00002D0A06840893880304605B0F0BD6D1C78
:101CB000ADB2A088A842DDD82468002CD8D100207D
:101CC000F3E700000C71FF1FFEB5174600256A46BA
:101CD0009580044640891D4A1E46904208D001AABC
:101CE0000092401C237880B26268FFF7BBFF054674
:101CF0002378022116486268FEF71DFE002807D1EE
:101D00002378022113486268FEF715FE002801D0EF
:101D100060890EE0237802210F486268FEF70BFE0F
:101D200000280DD0002D03D068468088B84203D02B
:101D3000384603F0D5FA04E06889401E80B200E01E
:101D40006089002E00D030802846FEBDFFFF0000D5
:101D500030A2011132A2011136A2011110B50549BC
:101D60000870042100F0AEFB00F006F8FEF782FEDA
:101D700010BD00001C71FF1F70B50E4C00200C4BF5
:101D8000651CFF228100C91800280ED00D80401C60
:101D9000CA70C0B28A700228F4D3074802F078FDF6
:101DA000064804F0A3FD002070BD0C80EFE70000A2
:101DB0001471FF1FFEFF000011520111915101111A
:101DC000F8B50D4614460646694602F0BDFB1728D5
:101DD0000CD0002C06D001221021304604F000FD6A
:101DE000002803D129463046FEF73AFEF8BD000030
:101DF00070B50C46080411D509480078FEF736F98D
:101E0000050007D00178A02901D102F0E5FC2846A1
:101E1000FEF732F90120C003604070BD002070BDA4
:101E20001C71FF1F01490870704700000C71FF1FF3
:101E300070B50546008800281DD068680221037827
:101E400042682248FEF777FD002808D16868022121
:101E5000037842681E48FEF76EFD00280BD01D4C2B
:101E60006088002805D0012229881204101A8142B6
:101E700003D9012070BD022070BD0C20FEF72CF9A3
:101E8000060001D000200AE0132070BD02016B683B
:101E900061880A329952491C401C618080B22988AD
:101EA0008142F3D80020306008222946301DFEF719
:101EB000BFF86068002802D1666004E00846016847
:101EC0000029FBD10660002070BD000030A2011186
:101ED00032A201110C71FF1F0649496806E08A68A9
:101EE0005289824201D18888704709680029F6D159
:101EF000002070470C71FF1F10B51422114201D051
:101F0000012202E04A0604D50022102104F068FCF8
:101F100010BDC80701D0002010BD022010BD10B5B3
:101F200014468A0604D50122102104F059FC10BD84
:101F3000882211420ED008220A40102104F050FCE1
:101F400000280BD0E034617E0029F0D0217E0129E9
:101F5000EDD103E0880701D4032010BD002010BD9F
:101F600070B50246012815D0022A15D0032A17D0D1
:101F7000092A1AD00B2A1CD00D2A1FD00E2808D1EE
:101F80000D46084600F020F80446284600F026F8E2
:101F9000604070BD084670BD084600F01FF870BD77
:101FA0000C46084600F01AF80CE0084600F02BF842
:101FB00070BD0D46084600F026F8E5E70C460846D9
:101FC00000F002F8604070BD70B5054600F015F8ED
:101FD0000446284600F00BF8604070BD4000FF2129
:101FE0000131084202D0C0B21B214840704710B5F1
:101FF000FFF7F4FFFFF7F2FF10BD10B5FFF7F7FF93
:10200000FFF7ECFF10BD10B50446FFF7F6FF604088
:1020100010BD0000014610B50020C90704D0034AD6
:1020200007210348FFF760FD10BD000078960111FD
:102030009C6DFF1F70B50D46164600241D49030018
:10204000FEF708F808051234341934222934112D0A
:1020500023D8122200211848FEF702F82A463146FA
:102060001548FDF7E5FF22E0022D16D11149108831
:10207000103908801BE0082D0FD10E480822314688
:102080000838FEF76BF812E0012D06D1CA6909493C
:102090003078283107E0012D01D0182407E0CA6B01
:1020A00004493078483103F098FA00E002242046D1
:1020B00070BD00009C6DFF1FD094FF1F30B5084A13
:1020C000084B08E00578140A55402A06D20D9A5AA2
:1020D000401C6240491E0029F4D1D04380B230BD7B
:1020E000FFFF0000F496011170B5124C0025206826
:1020F00061148843206000F08DF80520FEF74DFE46
:1021000020682614304320600520FEF746FE0D208F
:1021100003F0FEFB002800D001252068B0432060BA
:102120000220FEF73AFE00F07BF80220FEF735FEB3
:10213000284670BD00800040FFB581B01E461446A1
:10214000074600250AE000F0EFF80A20FEF725FE1A
:102150006D1C052D02DD012005B0F0BD00F0CAF8B0
:10216000384600F0A1F80028EDD1029800F09CF864
:10217000002801D00220EFE700F0BCF8384601212A
:10218000084300F091F8002801D00320E4E700257F
:10219000761E05E0002000F00DF82070641C6D1C18
:1021A000B542F7DB012000F005F8207000F0BCF824
:1021B0000020D1E7F1B5002500F02CF80520FEF74E
:1021C000ECFD134C00262714206838432060680675
:1021D000050E0D2003F09CFB002801D001200543D3
:1021E0000120FEF7DAFD2068B84320600520FEF7E5
:1021F000D4FD761CF6B2082EE6D300F011F80220CA
:10220000FEF7CBFD009800F011F82846F8BD00005D
:102210000080004010B500210D2003F027FB10BD09
:1022200010B501210D2003F021FB10BD012100B5E7
:1022300049030D4A0028106801D0084300E0884394
:1022400010600120FEF7A9FD106801239B031843CD
:1022500010600120FEF7A1FD106898431060012076
:10226000FEF79BFD00BD000000800040F8B516465B
:102270000D460746002400F03DF8384600F014F8FB
:1022800000280AD00120F8BD28786D1C00F00CF859
:10229000002801D00220F8BD641CB442F4DB00F039
:1022A00043F80020F8BD0000F8B58027104A00234D
:1022B000BE01054614143846D8402842106801D0A3
:1022C000304300E0B04310600120FEF766FD106867
:1022D000204310600120FEF760FD1068A0431060ED
:1022E0005B1CDBB2082BE6D3FFF7FEFEF8BD000057
:1022F0000080004010B50B4A10685314184310605A
:1023000010681414204310600120FEF746FD106889
:10231000984310600020FEF740FD1068A043106055
:1023200010BD00000080004000B50B4A1068531437
:10233000984310600120FEF730FD106801218903E9
:10234000084310600020FEF728FD10681843106055
:102350000120FEF722FD00BD008000400B780370D5
:102360000B8802221B0A43700B88801C012B02D0B1
:10237000022B07D011E08A7802704988090A41705F
:1023800004220AE08A7802704A88120A42700A79A6
:1023900082708988090AC1700622104670470000C1
:1023A00008B5044B009313460A46012104F044F992
:1023B00008BD00005D2301111CB5032301920093A9
:1023C0000A46024B122104F067F91CBD595F011146
:1023D00010B5FDF7C9FE10BD13B5044800780128FB
:1023E00003D101AA6946FDF7C5FE1CBD2871FF1F78
:1023F00070B50F490F4A087000210B468C00491C2C
:10240000C9B213530429F9D30A4C00211034FF2612
:102410000A460A256A4315196B80491CA354C9B2A0
:102420006E720329F4D3FDF7ABFE04F0D9F870BD4A
:102430002971FF1F64A9FF1F082A01D001207047DE
:102440004B780A781B02D2180280CB788A781B025C
:10245000D21842804B790A791B02D21882808A797D
:10246000C97909025118C1800020704770B50C4627
:10247000080411D509480078FDF7F8FD050007D0DC
:102480000178902901D104F00DF82846FDF7F4FDFC
:102490000120C003604070BD002070BD2971FF1F86
:1024A00070B500280AD1064C00252580A581A5809D
:1024B000A068002802D0FDF769FEA56070BD00008D
:1024C000F0A9FF1F072907D0052905D0042903D04B
:1024D000062901D002207047044A8B009A1813463F
:1024E000403B1986203A90740020704764A9FF1F72
:1024F00070B506001BD10E4C0025214640310D74ED
:102500004D740D76606D002802D0FDF73FFE6565C5
:102510005C20002546433419E80020184068002854
:1025200001D0FDF733FE6D1CEDB20A2DF4D370BD62
:1025300000AAFF1F70B50A880C460546072A07D077
:10254000052A05D0042A03D0062A01D0022070BD36
:10255000012104F0F9F9002804D02146284603F0AF
:1025600011FD70BD142070BD10B5001D80B2FDF7C7
:1025700013FE002803D00321C943FDF713FE10BD4D
:1025800038B50C46050014D0002C12D00321684643
:1025900005F06CFB6946887840218006800E084370
:1025A000694688702246284606F098F8050002D051
:1025B00006E0022038BD03226946E01CFDF738FD25
:1025C000284638BDF7B58EB00E9815460E46002841
:1025D0002DD0002D2BD0301DC0B20190FDF77CFD19
:1025E000040039D001F07CF807463246201D0E99D0
:1025F000FDF7DEFDF8B20890E0703804000E0B9095
:10260000A0703802000E0A9060703F0E277001F033
:1026100061F80146102202A8FDF7CAFD06AB21466B
:1026200002A8019A05F0B0FF060003D010E00220D6
:1026300011B0F0BD089828700B9868700A98A870BF
:10264000EF70082206A9281DFDF7B2FD01F04EF833
:102650002046FDF753FD00E013263046E8E7000072
:1026600010B5064C2070FDF7A9FD06212078FFF774
:1026700029FF034804F03AF910BD00003871FF1F2C
:10268000C17C011170B50C46080419D50D480078BD
:10269000FDF7ECFC05000FD005F032FC002808D156
:1026A00009480078FF2804D02946FDF72DFD0028B1
:1026B00002D02846FDF7E0FC0120C003604070BD59
:1026C000002070BD3871FF1F0071FF1F10B5054855
:1026D0000078400701D5044800E0002005F098FC90
:1026E000002010BD7170FF1F2C71FF1FFFB58DB052
:1026F0000F98169C0E46002815D0002C13D00D986C
:1027000004F094F8050011D061782078090240188F
:10271000A178E2780904120689184718286AB84295
:1027200006D3401C04D0022011B0F0BD1420FBE7FA
:10273000002E04D02879800701D40120F4E7082274
:10274000002106A8FDF78CFC1098001DC0B2019076
:10275000FDF7C2FC060017D0301D109A0F99FDF747
:1027600027FD042221463046FDF722FD1022A9183C
:1027700002A8FDF71DFD06AB314602A8019A05F03F
:1027800003FF050002D013E01320CDE7082206A9BD
:1027900008A8FDF70DFD0822211D08A8FDF754FC2F
:1027A000012801D0012503E039460D9801F014FEFF
:1027B0003046FDF7A3FC2846B6E7000070B50024BC
:1027C000224621466020FFF751FD144D144E00288B
:1027D00015D0002211466220FFF748FD002811D0D5
:1027E000002211466420FFF741FD00280DD0002291
:1027F00011466620FFF73AFD002809D00BE060245F
:10280000286807E06224686804E06424A86801E09E
:10281000E8686624F060204670BD0000BC98FF1F89
:10282000F46FFF1F30B55D4C8BB0607106211F2027
:10283000FEF720FF00226846027201210173072182
:10284000017482821821818319256D010584FF217D
:102850008284F531018552A003C80191009061780E
:102860006846017606AA01214F48FEF707FC4E484C
:102870006A460621801CFEF701FCC32004AA012140
:102880008000FEF7FBFB484802AA0121001FFEF76B
:10289000F5FB454805AA0221C01EFEF7EFFB2146C5
:1028A0005631084611223838FDF7C2FB2246612016
:1028B0001C321C21C000FEF7E1FB204610223B49E0
:1028C0003D30FDF7B5FB21460D310846032242306D
:1028D000FDF7AEFB3448224638321E21801EFEF73B
:1028E000CDFB312003AA01210001FEF7C7FB2E48D2
:1028F00007AA02210830FEF7C1FB2B4808AA0221D3
:102900000930FEF7BBFB284809AA02210A30FEF76E
:10291000B5FBC5200AAA02218000FEF7AFFB2246C4
:10292000563211210020FFF785FB29460620FEF7CD
:10293000A1FE29460720FEF79DFE29460820FEF746
:1029400099FE29460920FEF795FE0025ED4328460D
:10295000FFF760FB2846FEF717FF154804F070FAF2
:1029600086250120FDF730FC0120FDF733FC2846C9
:10297000FEF7DEF929460FA000F03EFC0121607948
:10298000FDF792FB6079FEF74FFE204603210A30E7
:10299000FDF726FCFDF72AFC0BB030BD746FFF1F5E
:1029A00001020304050600000903000098960111C6
:1029B000A16E01115B324D627073207C20444C4546
:1029C000207C204D54552025645D200A0000000025
:1029D000F0B587B000260296039668460496067501
:1029E000AC4C0D46080417D5ABA000F005FC60798F
:1029F000FDF73CFB04000CD02078912806D16078CC
:102A00000E2803D1A188A8A000F0F6FB2046FDF710
:102A100033FB0120C00338E1E807012700280CD070
:102A2000ACA000F0E9FB9B481430FEF731FCFDF749
:102A3000E3FB2846784007B0F0BDA80762D52178AF
:102A400094480B00C078FDF705FB050A0419263BE6
:102A5000240064210220FDF7D5FBFF2104E0FF21C3
:102A60000220FDF7CFFB64210020FDF7CBFBFF2107
:102A70000120FDF7C7FBFDF7CBFB0AE0002805D0DE
:102A8000FF210220FDF7BEFB64210BE0FF2105E0E2
:102A9000E0700220F9E00028F8D064210220FDF760
:102AA000B1FBFF210020FDF7ADFBFF210120FDF769
:102AB000A9FBFDF7ADFBE078002821D00020E7E777
:102AC00000280ED0FF210220FDF79CFBFF210020F3
:102AD000FDF798FBFF210120FDF794FBFDF798FB24
:102AE000DBE7FF210220FDF78DFBFF210020FDF732
:102AF00089FBFF210120FDF785FBFDF789FBBFE77F
:102B00000120C5E7680731D5E08803F0B3F8012854
:102B10001FD068460675002300961A4605A9184678
:102B2000019606F013FBE6800B2170A004F090FEE6
:102B3000002006F0A9FAA82006F0A6FA0421607980
:102B4000FDF7ACFA5A2208216079FDF7A1FA0420BA
:102B50009BE0E18868A000F04FFB642204216079CB
:102B6000FDF796FAE088401CE080F0E728072ED5B4
:102B700003F060F90220207006F046FC02460628A9
:102B800014D0052A14D0072A1FD027705FA102A8ED
:102B9000FDF744FB062102A804F05AFE7D22D20074
:102BA00008216079FDF774FA08206EE05A22F7E7F1
:102BB0000420207002F0A4FC26812671082160798F
:102BC000FDF76CFA46228021EBE72670DEE7280647
:102BD00042D550A000F010FB00F054F90A2816D09E
:102BE0000B2824D0002835D027700246267147A133
:102BF00002A8FDF713FB062102A804F029FE7D229E
:102C0000D20008216079FDF743FA80203DE0208959
:102C1000002808D1002245A102A8FDF7FFFA0C21E7
:102C200002A804F015FE2089401C20810FE02079C5
:102C30006421401CC0B220714843208142083BA15E
:102C400002A8FDF7EBFA0C2102A804F001FE0A220B
:102C50008021D7E72670C8E7680608D5FDF7E4FAB3
:102C6000364A40216079FDF713FA40200DE028052F
:102C70000DD533A000F0C0FA684607706A460121FE
:102C80003548FEF7FBF90120C0026840D3E600207A
:102C9000D1E60000746FFF1F5359535F4556454EF0
:102CA000545F4D53470A00003D3D3E204843495F75
:102CB000434F4D4D414E445F434F4D504C4554455D
:102CC0005F4556454E545F434F44453A2025780AA8
:102CD000000000005342505F53544152545F44453A
:102CE000564943455F4556540A000000446F776ECD
:102CF0006C6F61645F4F4B0048616E646C65204689
:102D0000696C65204E756D2025640A00436F64650B
:102D10003A2564005342505F5550444154494E4750
:102D20005F434849505F4556540A000050726F6730
:102D3000726573733A253033640000008813000015
:102D4000474150524F4C455F4144564552545F45B0
:102D50004E41424C45440A0005030000002805DBB3
:102D6000C106C90E01208840014908607047000073
:102D700000E100E08307FF22DB0E9A408907090E7D
:102D80009940002808DB830809489B001B18186835
:102D900090430843186070470007000F0838830805
:102DA00004489B001B18D86990430843D8617047BA
:102DB00000E400E000ED00E00A4610B50146002006
:102DC000FDF738FA10BD0000F3B585B000248D0082
:102DD0006E46281981000B484058694606F048F9AC
:102DE0000020A100059A03019A1887005358F7594B
:102DF000401C7B4053500428F4DB641C042CE8DBAB
:102E000007B0F0BD58A8FF1FFFB583B00F46039869
:102E10001B4940001646085AFFF7A6FB04002AD0BB
:102E20000125601C2670002F03D00699B847401C6E
:102E300085B2300610D51021039803F085FD0028D7
:102E400001D0192613E06219E9B22046FFF7BAFB58
:102E500006000CD10C35ADB2042168460180019406
:102E6000058169460398FFF765FB060004D02046FC
:102E7000FDF78CF900E01326304607B0F0BD0000E6
:102E80006A70FF1FF0B50F2787B03F02FFF796FC6F
:102E90006B4C0025207102950395049562892946A3
:102EA000A069FDF7DDF8617866A000F0A5F9667805
:102EB000022E68D2E078012821D161896448FDF7AB
:102EC000BFF960716348A171805D3946401E484377
:102ED000E061E1683A4640185E498C3104F04EFAF0
:102EE0000146E5705CA000F087F9E168E0694118EF
:102EF0005BA000F081F939465EA000F07DF9A17871
:102F00006279914237D86089352603464843801C50
:102F1000360380B2914213D14E49A3798C31A26914
:102F200004F0F1FC6089A178A27948436178090333
:102F300089194018A16906F027FA002811D11AE072
:102F40004449A2698C3104F0DEFC61786289A07882
:102F50000903504389194018A16906F015FA0028A1
:102F600005D048A000F048F9012007B0F0BDA078D6
:102F7000401CA0705BE06078401C60700120E07035
:102F8000A5700B20F1E7022E18D0032E33D00021BC
:102F900002A802F075FA2F480A2202A90A30FDF7AA
:102FA00047F82C493C480A3106F0A6F9002840D0E1
:102FB0003AA000F021F965700420D6E73EA103C9CC
:102FC000019100902078694648717D22D200072146
:102FD000684604F017FB60690178022905D1417841
:102FE000FD2902D1807800281ED0657034A000F041
:102FF00003F90220B9E739A103C9019100900A221F
:103000000721684604F0FEFA60690178032905D1BA
:103010004178FC2902D18078002805D0657028A06D
:1030200000F0EAF80320A0E76078401C60700A20F6
:103030009BE765702BA000F0DFF8002095E700000B
:10304000F46FFF1F6E756D3A25640D0A00000000D5
:10305000F40E0000CC98FF1F613A25640D0A0000B1
:103060006F66667365745F616464726573733A2535
:10307000640D0A00646174615F6C656E3A25640DCD
:103080000A0000007570646174655F736E6461743A
:1030900061206572720A00000052020055504441DE
:1030A00054455F4241434B444F4F525F4641494C68
:1030B00045440D0A00000000407D0402FD000000B0
:1030C0005550444154415F54595045444154415F27
:1030D0004641494C45440D0A00000000407D040370
:1030E000FC000000535543434553530D0A000000B4
:1030F000F8B51D480025056017211C4804F066F945
:103100001A480B300646FDF7A1F8184C0346217803
:10311000621C17A000F070F820781E4F002807D11D
:103120006078FF2804D03046FDF790F8B84218D0F8
:1031300019A000F061F80A221BA1601CFCF778FFBF
:103140000220207031463846FDF786F80749384698
:103150000F31FDF781F8E57425756575A5750120BA
:10316000F8BD0020F8BD0000DC6FFF1FA498FF1F12
:1031700066696C653A73746174653A25642C202025
:10318000563A25732C20616464723A253038580A07
:10319000000000000040021166696C655F696E66A0
:1031A0006F20696E69740A00303030303030303052
:1031B0003030000030B5002300229C0015012D188E
:1031C0002D5D0D70491C521C042AF7DB5B1C042B7F
:1031D000F2DB30BDF0B500252C460023A6001F0110
:1031E000425D7F185B1C6D1CBA51042BF7DB641C1D
:1031F000042CF2DBF0BD00000FB410B503AA0448A4
:10320000029903F0B3FB10BC08BC04B018470000DF
:10321000B92D011138B5034B00240FCB0094FDF7F5
:1032200021F838BD60960111F7B5AAB0104600F03C
:1032300029F9002042E017992A984018694614900D
:10324000FFF7C8FF0A216846FFF7BEFD092468465C
:1032500000F0AEF8684600F07FF8684600F034F8F9
:103260001AA9204602F0A2F81AA800F02DF81AA810
:10327000EE468446002100200A016346D5187244B8
:103280008300D658EF58401C7E40D6500428F7DB08
:10329000491C0429EFDB641E012CD8DA704600F0CB
:1032A00087F8684600F058F800216846FFF78CFD63
:1032B00068461499FFF77EFF1798103017902B99E6
:1032C0008842B8DB2DB0F0BDF1B594B000216A465C
:1032D000149C0B0100201D199C188300EE58401C03
:1032E000E6500428F9DB491C0429F1DB0024200105
:1032F00014991390401811901649139800254618F8
:10330000A8006946109009581248139A8058FEF791
:1033100027FE0746109869464018129001697068A8
:10332000FEF71EFE47401298016AB068FEF718FECD
:1033300047401298016BF068FEF712FE4740119962
:1033400010986D1C0F50042DDADB641C042CCEDBAE
:1033500015B0F0BD7CA10111F0B58DB0074600207D
:103360006C4604AD08AE8100CA1913696350136A34
:103370006B50126B401C72500428F4DB0121204674
:1033800004F0A2FA022104A804F09EFA032108A87E
:1033900004F09AFA00208100CA19635813616B582F
:1033A00013627158401C11630428F4DB0DB0F0BDAA
:1033B000F1B582B000250298002429010E18A00062
:1033C00000903758384602F01FF882010648390746
:1033D0001018890E41580098641C3150042CEEDB03
:1033E0006D1C042DE7DBFEBD149D011110B50C46CC
:1033F00003F030FA002804D040882146FCF790FE04
:1034000010BD122010BD00210B2806D90246303A0B
:10341000032A02D90C3A032A01D8022113E00246FA
:103420000C3A0B2A02D9403A032A01D801210AE0BA
:103430000246183A0B2A05D91C3A072A02D9403805
:10344000032800D8032108467047000070B54843A0
:1034500009490B4E086009494018C117090D0818A1
:103460000513002404E020038019FCF701FF641C0D
:10347000AC42F8D370BD0000DC6FFF1FFF0F0000EF
:1034800000400211F0B52C4C89B000239D00291892
:103490000A784E788F78120636043F02C978324394
:1034A0003A430A435B1C6251042BEFDB04250020E6
:1034B0000090A8070CD02049AA0050188038036F4C
:1034C000C06F43408B506D1C2C2DF2DB09B0F0BD5A
:1034D000A80019490790401880380690C06F0099DD
:1034E000059101A905F0C4FD012101A803F01AF915
:1034F000002401AEA700F05901F08AFF641CF051CE
:10350000042CF7DB019802060298010403980A4391
:10351000030204981A430243059808498000095899
:1035200005485140069A126F5140079A8150009801
:10353000401C0090C7E7000058A8FF1F14A101110C
:103540000022002913D0002811D0012806D04A7982
:103550009206920E4A71032805D007E04879C022EE
:103560001043487102E0402002434A710122104694
:103570007047000070B51248002500780521084208
:103580001BD02020FCF7A8FD0E4C0028A06013D013
:1035900020220021FCF764FD2020FCF79DFDE06067
:1035A000002804D020220021FCF75AFD05E0A06885
:1035B000FCF7A4FD0020A0601325284670BD000084
:1035C0007170FF1FE470FF1F002909D0012807D187
:1035D000497989098901C02902D0402901D00220F6
:1035E000704703207047FFB500200E4608701AE0B0
:1035F0001C5C401CC5B2002C17D02819904214D86E
:103600005F5D6D1CEDB2384600F00FFF002806D05C
:10361000641EE0B2307000998F4202D1581904B094
:10362000F0BD4019C0B29042E2D30020F7E700009D
:1036300010B5044C2068002803D0FCF75FFD002083
:10364000206010BDD070FF1F70B50E4D840028594A
:10365000002815D0006A002801D0FCF74FFD28593A
:10366000406A002801D0FCF749FD2859806A0028EB
:1036700001D0FCF743FD2859FCF740FD00202851FC
:1036800070BD0000DC70FF1F10B5044C606800289E
:1036900003D0FCF733FD0020606010BDD470FF1F25
:1036A0000100044805D104498978002901D0024865
:1036B000801D704758A9FF1F7070FF1F0148807858
:1036C000704700007070FF1F01484068704700009D
:1036D00048A9FF1F014880687047000048A9FF1FE4
:1036E0000148C0680068704748A9FF1F10B5074827
:1036F000C0680168491C016005480078FF2803D0B4
:1037000001218903FCF7D0FC10BD000048A9FF1F70
:103710007070FF1F02484068002800D001207047E9
:10372000CC70FF1FFFB581B00F460D9E0A9D039818
:1037300003F07CF8040042D0019800283FD12079A2
:103740001021084320710499490702D5022108433A
:1037500001E0FD21084020710B99284608430C998F
:1037600008433043207902D00421084301E0FB21C3
:1037700008402071002E06D03069102220623146A8
:10378000A018FCF755FC002D01D0002F05D00B9898
:10379000002814D0012F08D011E0606A002801D061
:1037A000FCF7ACFC1C21284606E0606A002801D02A
:1037B000FCF7A4FC1C210B98FCF760FD60620398E9
:1037C000224C8700E05900283ED0002D0FD0006A1F
:1037D000002806D11C20FCF77FFCE1590028086274
:1037E00005D0E0591C22006A2946FCF721FC0C9800
:1037F000002810D0E059406A002806D11620FCF7B6
:103800006BFCE1590028486205D0E0591622406A55
:103810000C99FCF70DFC002E10D0E059806A0028AE
:1038200006D11420FCF758FCE1590028886205D025
:10383000E0591422806A3146FCF7FAFB0B9B049A8C
:103840000399019804F070F805B0F0BDDC70FF1F1B
:10385000F3B581B0019802F0E9FF050029D00E20F0
:10386000FCF776FC040024D02620FDF7ADFD060011
:1038700000D12E78D0202070002767700B20A07018
:103880000622E91DE01CFCF7D3FB01986081029839
:10389000C1070120002901D0207300E0277302999D
:1038A000890701D5607300E06773F0B22146FCF729
:1038B0002BFCFEBD10B581881F4B0124CA1A99420A
:1038C00037D011DC1D4BCA1A994219D007DC1C4AAB
:1038D0008A1810D0022A1ED0032A29D11BE0472AB9
:1038E00027D0482A24D124E01300FCF7B3FB06219B
:1038F0002222222222218068007800F057FD08E071
:103900008068827841781202891889B2007800F0C4
:10391000ADFD04460DE0094A921E914201D10122FB
:1039200000E0002280680178104600F087FD00E08A
:103930000024204610BD0000532000000A20000093
:10394000FADFFFFF70B51A4D1A4A014600262878A3
:103950001268194C01290CD0002A09D0174909789E
:10396000490705D50221FCF799FB6680FFF760FE49
:1039700070BD6188002903D0114B1B78002B05D046
:10398000002AF5D01078FDF7F5FC70BD3C2902D374
:103990003C39618070BD0221FCF780FB62887D208C
:1039A000C000424302212878FCF772FB668070BD9C
:1039B0000171FF1FD070FF1FE470FF1F7170FF1FA8
:1039C0007370FF1F08B5418900910389C2888188FF
:1039D000C07800F037FC08BDF0B504468088A1210E
:1039E00089004843304987B009684018FF30FF30EC
:1039F0000230A1794167002C54D02C4D6868002812
:103A000023D006782A480068002804D0416800299D
:103A100001D0002088472146E07908310591FFF761
:103A2000D3FDE0710246277D638A218AE0890190F7
:103A300002A88AC0A0880090E0783146059B03F078
:103A4000E9FFE078002802D00DE01A48D9E7E079D4
:103A5000E2896B46059907C3A379A1880122304604
:103A600002F092FEE0706868002811D0FFF70CFEAB
:103A7000287800280CD06978FFF7B8FC002807D018
:103A8000E078A2880346297803F0F1FF002028702F
:103A9000A0881721FDF762F9A088FEF701FDA08834
:103AA000FEF726FD07B0F0BD3409FF1FD470FF1FDD
:103AB0000471FF1F7070FF1F70B5044600268088D8
:103AC00002F0B4FE002803D00678A08802F020FFA0
:103AD000144D2878002808D0864206D16978FFF76F
:103AE00085FC002809D000202870002E05D0A3797D
:103AF000A288A078314603F0BAFFA088094A810065
:103B000008325158002901D0FFF79EFDA0881721E7
:103B1000FDF724F9A088FEF7C3FCA088FEF7E8FCB7
:103B200070BD0000D470FF1F70B58288294D01243C
:103B3000531B2949AA4242D019DC284D531BAA42E3
:103B400018D00BDC264BD21826D0254B1033D218B8
:103B50001ED0032A17D0042A39D10BE0012B09D03B
:103B6000022B07D0032B21D0042B30D11AE0433B8A
:103B7000072B2CD8496800292AD00968002927D0AA
:103B80008847044624E08068007800F0ADF81FE024
:103B9000806800F001F9F4E78068411C007800F0CB
:103BA000D9F8EEE783681B78002B11D089680029CB
:103BB0000ED00B6808E0014610469847E1E7094936
:103BC0000968002904D04B68002BF4D100E00024E0
:103BD000204670BD0E2000000071FF1F082000006D
:103BE000F7EFFFFFE070FF1F10B5094CA178002927
:103BF0000CD001460622A01DFCF71AFAA11DA078E0
:103C0000FFF79EFCA01DFCF73FFB10BD002010BD80
:103C10007070FF1F1CB52F49037801240A68912B8F
:103C200002D0A22B2ED13EE04178052909D00E29E1
:103C300004D00F2908D03E2924D115E0FFF774FFE6
:103C400010E0FFF739FF3AE001468088224B01245B
:103C5000C31801D0062B15D1002A30D05268002A93
:103C60002DD0904704462AE081780124032917D0FB
:103C700004DC012911D0022904D105E015291ED048
:103C800016291CD000241AE014498968002916D08E
:103C90004968002913D0884711E0FFF79DFE0EE028
:103CA000FFF790FE0BE00E490978042909D0002A9D
:103CB00005D05268002A02D001460A4890472046A3
:103CC0001CBD00216A46118001794088FEF768FB1F
:103CD000F5E70000E070FF1FF3DFFFFF0071FF1F3B
:103CE0007170FF1FFFFF0000F8B5164F0646BD1F9D
:103CF0002878FF2814D00A20FCF72AFA04000FD0F5
:103D0000D020207066700820A070A878E07006228D
:103D10003946201DFCF78CF921462878FCF7F4F988
:103D2000E87801280DD108480068002803D0806891
:103D3000002800D080470648044A04210078FCF798
:103D4000D1F9F8BD7670FF1F0471FF1F60EA000013
:103D50000171FF1F70B500240546002805D1002918
:103D600003D006220B48FCF763F90A4810380178A3
:103D7000012907D10124002D06D000210170284619
:103D800000F03CFA204670BD02210170FCF782FA77
:103D9000F8E7000058A9FF1F10B50024002813D031
:103DA00002780B49002A03D14288CA8202790A7636
:103DB0000A78022A08D102780124002A06D00022BB
:103DC0000A70007800F01AFA204610BD0322F7E7C7
:103DD00048A9FF1F01494860704700000071FF1F9C
:103DE000F0B50546817887B086A0FFF705FAA87878
:103DF000002607278A4C0300FCF72CF908053E1D16
:103E000040406DB3E53E6878002869D185A0FFF792
:103E1000F3F983480622E91C3C30FCF709F901203C
:103E20007F4BA071014642331F226079FDF772FC7F
:103E3000002855D1BDE06878002851D1E8780028E5
:103E400007D07D4BA27800216079FDF763FC687094
:103E50000FE0A07902280FD001216079FCF72AF940
:103E6000002806D175A0FFF7C7F901216079FCF79A
:103E70001BF96878002833D107B0F0BD69780029B4
:103E80002ED103280AD0A289002A11D02078002838
:103E90000FD001216079FCF7FBF80AE0A079052832
:103EA00004D06CA0FFF7A8F9022012E0062010E071
:103EB0002670A079062802D0042802D008E0052048
:103EC00007E00120207001466079FCF7EDF870E012
:103ED0000320A0716DE06878002803D031283ED01F
:103EE000A77166E04E480622291D3630FCF7A0F87F
:103EF0006A89E281A9892182E88960820523A37108
:103F00002B8A059046480693039204913630C17877
:103F1000437902796F460EC7837842780178514819
:103F2000FFF76AF9A28A002A03D002216079FCF720
:103F3000AFF8A889E083E8892084288A6084E07843
:103F400001280AD11F20FDF73FFA7D21C90048430F
:103F5000024604216079FCF79BF8267029E0267060
:103F6000B6E72F48062200213630FCF779F8E683C1
:103F70002684668404216079FCF790F80821607932
:103F8000FCF78CF8A879082808D00320A0712078C5
:103F9000002805D06079FDF7EDF907E00420F5E78A
:103FA0000120207001466079FCF77EF80020C043B4
:103FB000E081606A002800D15EE701680029FBD03B
:103FC000A079884758E708216079FCF767F8687896
:103FD0000028F7D1E888E0832889208468896084F4
:103FE00004216079FCF766F80028EBD11EA0FFF7EA
:103FF00003F9A06A0028E5D00368628C218CE08B6D
:10400000984739E75359535F4556454E545F4D53D2
:1040100047206F70636F64653A20253032580A007C
:10402000106EFF1F5570646174652041647665727F
:10403000746973696E670A00E294FF1F4F70656EC2
:10404000204164766572746973696E672045766590
:104050006E740A004164766572746973696E670AEA
:1040600000000000D0A2011170476170526F6C65B2
:10407000735F506172616D55706461746543420A8B
:104080000000000070B50446017825A0FFF7B4F8E1
:1040900020782A4D912807D0A22827D0D02802D1F5
:1040A0002046FFF79DFE70BD60780E28FBD1A088EA
:1040B000234988420FD1A16803200856A979052910
:1040C000F1D17F28EFD0696A0029ECD04968002936
:1040D000E9D0884770BD1B498842FBD1A06883782E
:1040E0004278017818A0FFF787F870BD607913282F
:1040F000FBD12089012802D12879022808D0052087
:10410000FDF762F9024608216879FBF7C1FF70BD2F
:1041100008216879FBF7C2FFFDF7D6F870BD0000F3
:104120000A5359535F4556454E545F4D53472045FA
:1041300076656E743A20253032580A00106EFF1FE3
:1041400005140000222000005B48434920444C45F0
:104150005D25642025642025640A00007CB5154C8B
:104160000546E08BE18A88420AD3218B884207D832
:10417000208C618B884203D1608CA18B884217D040
:104180000520FDF721F90646E18A68460180218B6A
:104190004180618B8180A18BC18062796946E08911
:1041A000FEF70AF92571324608216079FBF770FFA6
:1041B0007CBD0000106EFF1FF8B507460E4608468E
:1041C00002F034FB040018D02620FDF7FDF80500AE
:1041D00000D125780620FBF7BBFF04000DD0062296
:1041E0000021FBF73DFFD020207067700E20A070EB
:1041F000A680E8B22146FBF787FFF8BD70B50F4DEA
:1042000006462878FF2818D00E20FBF7A1FF0400EF
:1042100013D0D020207066700020A07006220849BC
:10422000E01CFBF705FF06481038C18A6181007E5B
:10423000207321462878FBF767FF70BD7070FF1F61
:1042400058A9FF1FFFB581B01E4617460D460C202A
:10425000FBF77EFF040013D0284602F0E7FA00289F
:1042600010D00078D0212170019961700721A170D0
:10427000A580E78026810A9961812146FBF744FFEA
:1042800005B0F0BD0048ECE77070FF1F70B50D4D34
:10429000044628680E46002812D00620FBF758FF77
:1042A000010009D0D02008704C70032088708E80E7
:1042B00028680078FBF728FF002C01D0FFF7B8F939
:1042C00070BD0000D070FF1FFFB581B01F460E46C5
:1042D000084602F0ABFA050022D01020FBF738FFA9
:1042E00004001DD010220021FBF7BAFE2620FDF7A6
:1042F0006BF8002800D12878D021217001996170D5
:104300000F21A170A6800399217267720A99A17288
:104310000B99E1720C99E160C0B22146FBF7F4FE03
:1043200005B0F0BDF0B51F4D85B02868002837D026
:104330008778FDF7C5F8002805D00A20FDF744F876
:1043400004900B200EE001F0D5FD002805D00620DA
:10435000FDF73AF80490072004E00820FDF734F850
:1043600004900920FDF730F804460F480078002833
:1043700014D001262968C878091DFFF7E1F82968DB
:104380006D46CA7A8B7A091D0BC5039233463A46AD
:1043900021460498FBF784FF05B0F0BD0026E9E74D
:1043A0000120F9E7D070FF1F7270FF1F10B5094997
:1043B000096800290CD0002805D101204870FBF7BE
:1043C0007FFE002802D00021FFF760FF012010BD12
:1043D000002010BDD070FF1FF8B50C4602F026FA81
:1043E000020021D026201462FCF7EEFF05062D0EF8
:1043F00000D115789679D01D00901020176AFBF730
:10440000A7FE040010D0D02020700020607009208A
:10441000A070E6700622201D0099FBF709FE2146D8
:104420002846E760FBF770FEF8BD411E152903D949
:10443000FF2801D0002070470120704770B50A4E58
:10444000054630780C46FF280DD00420FBF780FE8F
:10445000010008D0D02008704C7002208870CD7008
:104460003078FBF751FE70BDE470FF1FF3B5284DA7
:1044700081B0286800284AD04078264E012803D011
:104480003078002831D041E001F034FD224F00287F
:1044900013D00120FCF798FF0446412808D91F4A91
:1044A00002213878FBF71EFE1D483C3C44800EE09C
:1044B0007D20C0002246424303E00020FCF784FF39
:1044C0000246002A03D002213878FBF7E1FD296873
:1044D000022048703078002802D00020307015E0AB
:1044E00002990198FFF7D2FE10E00320019CFBF730
:1044F0002FFE010008D0D02008704C700420887076
:1045000028680078FBF700FEFFF792F80120FEBD57
:10451000D070FF1F7370FF1F0171FF1F60EA000062
:10452000E470FF1F074A00218B00D35A834202D157
:10453000880080187047491CC9B20229F4D30020B2
:10454000704700001471FF1F10B50C46FFF7EAFF1B
:1045500000280DD0002C00D020608078FE2803D0E9
:10456000FF2803D0162010BD172010BD002010BD5D
:10457000022010BDFFB581B0FF201E461746053052
:104580000A9DFBF7E5FD04001BD0B020207067708A
:10459000029860802671002D06D02046FC22294614
:1045A0000830FBF745FD05E02046FC2200210830DD
:1045B000FBF756FD21460198FBF7A6FD002005B04C
:1045C000F0BD1320FBE70000054817220280098890
:1045D000172901D204207047018000207047000095
:1045E0006C70FF1F0020704708B50A46088849888C
:1045F00088420BD8002809D0002300931379521D5C
:10460000FDF730FB002803D0002008BD012008BDC5
:104610000A2008BDF3B50D4608884988002687B0F2
:10462000814215D3002813D0002769460F710097E7
:10463000002369881A46FDF715FB04004FD0684631
:104640000079002807D069464979012925D008E07A
:10465000012009B0F0BD217802291BD002216A4651
:1046600051711222504301AA618980184180684625
:1046700000791223584380181022001D6168FBF74F
:10468000D7FC68460079401C0106090E6846017196
:104690001FD11AE001216A465171217802291ED1E9
:1046A000820001A86189121851806A4612796168F6
:1046B000920010180222001DFBF7BAFC6A4610791E
:1046C000401CC0B21071052803D261890A4881429A
:1046D00000D101266089401C80B2002EA7D0684618
:1046E0000079002805D001A90798FCF79FF9002060
:1046F000AFE70A20ADE70000FFFF000038B50C4629
:1047000008884988884215D8002813D02379621D6B
:1047100002210B48FCF70FF900280DD00020009073
:10472000237961882088621DFDF79CFA002805D056
:10473000002038BD012038BD102038BD0A2038BD0A
:1047400030A2011108B50A460888498888420BD86A
:10475000002809D0002300931379521DFDF782FA37
:10476000002803D0002008BD012008BD0A2008BD94
:10477000F8B500250F4606460C46E03717E06800FE
:10478000205A0021FDF748FA002809D0017A304666
:10479000FDF7B2FB002808D06900615A2180F8BDFE
:1047A0006800205A20800120F8BD6D1CEDB2B87D54
:1047B000A842E4D80020F8BD10B5044608880021BE
:1047C000FDF72AFA002804D0017A2046FDF794FB71
:1047D00010BD012010BD000030B585B0054669460A
:1047E000FCF798F9040026D168468078C1071E4876
:1047F00009D08268002A04D0688869469047044638
:1048000019E0062417E04268002A05D06888694646
:104810009047040001D10EE0062468464078002845
:1048200009D16846817801730021C18104746888C8
:1048300003A9FCF7BBF8A868002801D0FBF7A6FC89
:10484000002C05D168468078122807D01B2803D099
:1048500068880121FDF7C0FD05B030BD684640788D
:104860000128F5D1F8E700001C71FF1F70B505465F
:104870000C4608880021FDF7CFF9002805D0017A01
:1048800022462846FDF74BFB70BD012070BD00009D
:1048900001494860704700001C71FF1F10B50446B5
:1048A000801C00F029FDFF20E07010BD10B500F065
:1048B00025F8002800D0806810BD00229300CB5A54
:1048C000834202D1900040187047521CD2B2022A93
:1048D000F4D3002070470000074A0021CB00D35AD0
:1048E000834202D1C80080187047491C0906090E8E
:1048F000F4D0002070470000846EFF1F06498968CD
:1049000005E08A88824201D18868704709680029D9
:10491000F7D1002070470000746EFF1FF8B50746FE
:10492000012906D0022924D1012102F00DF8002826
:104930001FD13846FFF7D0FF050015D000240D4EDB
:104940000CE0F8206968604308180188002908D045
:10495000F8220021FBF784FB641CE4B270788442E7
:10496000EFD30020C0432880024938461831FCF7B5
:1049700041FFF8BD746EFF1FF3B5064683B00830E3
:104980000190002000907088FFF7A6FF07002FD04D
:10499000002523E0F820796868430C182188002955
:1049A00020D00198007801280FD160880090A3885A
:1049B0007088A21DFDF7E2F80090002805D001994B
:1049C00000200870049821880180F82200212046E8
:1049D000FBF746FB00206D1C2080EDB207484078B5
:1049E0008542D7D30020C04338800098002802D1E8
:1049F0007088FCF705F8009805B0F0BD746EFF1FD5
:104A0000F3B50546374C064685B00835F622002139
:104A10002046FBF725FB03A800902B79698828889E
:104A20006A1DFDF71FF9074645E070882E4A4100D0
:104A3000515C2E4BC91FC9B2009300220291019212
:104A4000284B69468A89F63B3946FCF733FF002834
:104A500012D126482989001F828891420CD1214910
:104A60002846F6390A30FBF7EFFA002804D02178FF
:104A7000788989000919488068468289698804AB69
:104A80003846FDF721F907462078810009194A8840
:104A9000002A10D0002F05D06A46128A401C2070D0
:104AA0008A800AE002060021920DC9431219401CB7
:104AB0002070918006E0002F04D00D4821780088F6
:104AC0008142B2D32078002806D070882146FBF7B7
:104AD0009FFF002007B0F0BD0698298801800A20BA
:104AE000F8E700001097FF1F6A70FF1F786EFF1F26
:104AF0006670FF1FF0B585B00446002069468881C6
:104B000020790E2869D00FDC082823D004DC022885
:104B100013D0062818D118E025460835484F0A2832
:104B20001DD00C2810D138E010285BD012285ED0A0
:104B3000162861D0182877D163E04348414900889E
:104B400008806088FBF73CFF6EE003A92046FFF772
:104B500057FF5AE003A9204600F076F955E028886F
:104B600004A9FDF759F8010015D06088354E4200C0
:104B7000BA5C0023521ED2B20193029200966A469A
:104B8000B31C128AFCF796FE00281DD160883146BE
:104B9000FCF7C4F848E0012016E0288804A9FDF7D6
:104BA0003BF80100F7D060886B884200BA5C254E64
:104BB000521ED2B20193029200966A46B31C128A28
:104BC000FCF778FE002803D029886A4691811CE012
:104BD00060883146FCF772F826E003A9204600F011
:104BE000D3F912E003A9204600F082F80DE003A9F2
:104BF000204600F039FA08E003A9204600F028F822
:104C000003E003A92046FFF7B7FE00280CD0617827
:104C1000142909D00B4922790A706A4692894A8080
:104C200008716088FBF7C2FE2046FCF7DDFF0748ED
:104C3000C168002901D02046884705B0F0BD0000BA
:104C40006A70FF1F1097FF1F6470FF1F746EFF1FB5
:104C5000F8B504460F460546083400896946FCF756
:104C6000DBFF06003AD0307A80060ED56846008811
:104C7000FFF71CFE030006D06888122231469847D1
:104C8000060002D02BE00E2629E06E883046FFF7A2
:104C900023FE010005D11448FFF71EFE01000ED0CF
:104CA0000E80124A0020527807E0F8264B684643EF
:104CB0009B5B002B05D0401CC0B29042F5D3092667
:104CC0000DE04968F822504308182146FBF7B0F977
:104CD000002668882146FBF7E7FF02E001262088CE
:104CE00038803046F8BD0000FFFF0000746EFF1FE3
:104CF000F3B58BB000200B9E0746039004A80090EC
:104D00003246337B718930894C4C0D320836FCF7C2
:104D1000A9FF054678E00B98297A4088FDF7ECF862
:104D2000070003D00C98698901806FE00B98444913
:104D30004088444B4200895C0093891FC9B200221D
:104D4000029101923D4B69460A8AF63B2946FCF7DF
:104D5000B1FD0700E6D10398002833D039486188B7
:104D6000001F8088021D914253D1039909180B98A6
:104D7000408842003248805A801F814249DC0399B2
:104D8000A87A6118087103986989401C80B22218BA
:104D9000090A401C117180B203906846028A71882A
:104DA00007AB2846FCF790FF050011D00398694631
:104DB000898B2018017103986946401C898B80B249
:104DC000090A0CE01F48001F8088001D6080D6E79C
:104DD0000398FF21201801710398401C80B222180B
:104DE0001171401C80B217490390091F8A8813492A
:104DF0002018F639001DFBF71BF912490398091F0B
:104E00008988401880B20390002D84D1039800282F
:104E10000CD061880398FBF713FA20700B98214699
:104E20004088FBF755FF00200DB0F0BD002F00D1EA
:104E30000A270C98318801803846F5E71097FF1F44
:104E40006A70FF1F786EFF1FF3B5074604460837E8
:104E50008BB049480490388800252E4605906AE0BA
:104E600007A800903B7979887A1D0598FCF7FAFE2F
:104E70000890002852D0408905900898017A6088EF
:104E8000FDF73AF806005DD160883C494200895C34
:104E90003B4B091FC9B20093002202910192364B8D
:104EA00069468A8BF63B0899FCF704FD060049D158
:104EB000002D36D0049841883148001F8088801C1E
:104EC000814241D12E4B1B1F9888291860884200CF
:104ED0002A48805A001F814220DC0898817A049871
:104EE0004019017108996D1C4989E8B20A0A0499B0
:104EF00009180A71401CC5B2194604988A881E49CF
:104F00004019F639001DFBF793F81D481D49001F95
:104F100000792818C5B20598884209D1002D13D10F
:104F200023E017480499001F8088801C4880C9E747
:104F3000401C80B20590608841001048405A001F14
:104F4000A8428DDA002D0ED0049841882846FBF740
:104F500077F901460498017060880499FBF7C6FE52
:104F600000200DB0F0BD002E00D10A260C99059846
:104F700008803046F5E700001097FF1F6A70FF1F9A
:104F8000786EFF1FFFFF0000F3B5064604460020C1
:104F900085B0324D00900836288007463046E03014
:104FA000049048E07800305A03A9FCF735FE010070
:104FB0001AD060882B4B844642002948805C0093BD
:104FC000401EC0B2002202900192244B68468289A2
:104FD000F63B6046FCF76EFC0090002807D0780096
:104FE000315A0698018035E001200090F7E71D490D
:104FF0002888091F8988421861884B001849C95AB6
:105000004B1E9A4204DD081A1649091F401E88806B
:105010002988A81C08181349091F8A880F49F639DE
:10502000FBF706F80F482988001F80880818288099
:105030007F1C0498FFB2807DB84207D96088298818
:1050400042000748805A401E8142ABDB60882946F7
:10505000FBF75AFE009807B0F0BD00001097FF1F45
:105060006A70FF1F786EFF1FF3B5054683B00446D4
:105070000835008901A9FCF7CFFD2746E837064629
:10508000002822D0307A80060ED568468088FFF747
:105090000DFC030006D060881222314698470600B6
:1050A00002D013E00E2611E0002000906B882988C2
:1050B00060882A1DFCF762FD060007D1787E002873
:1050C00007D16088FBF756FE03E001260498298883
:1050D0000180787E002802D0002005B0F0BD304667
:1050E000FBE70000F8B504460246F82042431948A1
:1050F00000250746457010377868002807D0002043
:10510000C100C919401C00064D60000EF8D0124EB7
:1051100000213046FAF7A4FF002001466143C9B2DE
:10512000F82251438B190B49C2001031521800214B
:10513000536005E0F8274F435368491CDD53C9B25B
:10514000A142F7D3401C0006000EE6D0014844708F
:105150000020F8BD746EFF1F2295FF1F7CB50C78F0
:10516000069D022C0FD14C682678647824023419ED
:10517000064EA4B2F44206D10224DBB2009501949B
:10518000FCF750FB7CBD01207CBD0000FED6FFFF7C
:10519000F8B505461D48854223D0461C002921D07C
:1051A00001292BD002291CD10121284601F0CCFB7A
:1051B000002816D12846FFF7B5F9040011D0A078D1
:1051C000FF280ED0FE2807D000200090E0781E2394
:1051D00014222946FFF7CEF92046FFF75FFBFF2098
:1051E000A070F8BD2846FFF79DF90028F9D1304698
:1051F000FFF798F90028F4D00580F8BD2846FFF79E
:1052000091F90400F9D02680D9E70000FEFF0000E4
:10521000F3B50C468978C1B01E2914D02E4D2878DC
:10522000FF2829D0182927D84808C2002B4812186F
:10523000803A976F002F1FD0D06F00281CD02078A5
:10524000002817D113E04198FFF76CF905000BD047
:1052500000200090A378E87800224199FFF78AF9AE
:1052600006462846FFF71AFB304643B0F0BD627889
:10527000012A03D1122901D00620F6E702AE0096DA
:10528000A3886178A268B8470028EED1A0784008CA
:10529000C100124808188038C26F02A9419890478F
:1052A00000280FD061780029DFD1A27869460A7002
:1052B000087168460189418069464198FBF776FB91
:1052C0000020D2E7A378042BCFD0009600222878C4
:1052D0004199FFF74FF9C8E70C71FF1FCCA10111ED
:1052E00000B50346FCF7F8FD002803D0C018401EA7
:1052F00080B200BD184600BD10B5040008D020786B
:10530000FF2805D0FE2803D0FAF7D0FFFF20207039
:1053100010BD0000F7B506460F461020FAF7DCFE78
:1053200005461020FAF7D8FE0446002D3AD0002C8E
:105330002DD010220021FAF793FE2A46214630464E
:1053400002F012FC060023D12878000604D4394666
:10535000284601F00AFA08E02146284601F005FA3D
:105360003A461149204604F02BF93878000604D457
:105370003846029901F0F9F90AE02146384601F071
:10538000F4F909492046029A04F01AF900E01326BC
:105390002846FAF7B3FE002C02D02046FAF7AEFEFC
:1053A0003046FEBD1326F6E756A20111F0B5154DA5
:1053B00091B00C460601A859694603F059FE7519CB
:1053C00004A9686803F054FE08A9A86803F050FE19
:1053D0000CA9E86803F04CFE00206B4604AD08AF52
:1053E000820001019E5866500919AE584E60BE58A1
:1053F0008E600CAEB258401CCA600428F0DB11B0BD
:10540000F0BD000058A8FF1FF021084000117047B0
:1054100010B50446FFF7F8FF034A80012107801802
:10542000890E405810BD00001499011170B5134B3E
:105430006028DC7C5D7D10D0622812D01C46267D61
:10544000E47CA419642813D0662810D160190F24B5
:10545000240260430860987D08E000200860D87C42
:1054600004E00F20000244430C60187D108070BDE2
:105470000F20000244430C60587DF7E7A498FF1FFB
:1054800070B50D46064628431CD01721104801F080
:105490009DFF10A0FDF7B0FE0D4C0A21601C01F02D
:1054A00099FB002E08D00A22611C3046FAF7C0FD95
:1054B0000A21601C01F08EFB002D01D0207828709D
:1054C000002070BD09A0FDF797FE022070BD00000E
:1054D000A498FF1F5265616420466C617368205672
:1054E000657273696F6E3A20000000006765745F33
:1054F00066696C655F696E666F206572720A00008E
:1055000010B50348017A034801F0DEFE10BD00002B
:10551000F46FFF1FCC98FF1FF8B5069800271D46B3
:1055200014460E46002801D00B20F8BD307800212B
:10553000022801D019804DE070680278407800029E
:105540001018152280B25202801A0300FAF782FD69
:105550000504121F1A254100F068FAF7F3FDC2B2E4
:105560000798824200D902462A80F1682046FAF75D
:105570005FFD30E0F0680221008829802070000A79
:10558000607028E0062028800246F168EEE70120DE
:105590002880F068007820701DE0F068002816D0A0
:1055A00008212980017821700188090A61708178B9
:1055B000A1704188090AE170017921718188090A85
:1055C00061718179A171C088000AE07103E02980CE
:1055D00001E0298001273846F8BD10B50B78840713
:1055E00002D50224234301E0FD2423400B7003076E
:1055F0000B7802D50824234301E0F72423400B70E5
:1056000083060B7802D52024234301E0DF242340C6
:105610000B700A21084201D1810603D510780C21B4
:10562000084304E0002803D11078F32108401070EB
:1056300010BD0000FFB581B0087800240A9E1F4607
:105640000D4602280FD168680178407800020818DA
:10565000152180B24902401A09D0012829D0022818
:1056600048D003283CD00124204605B0F0BDE868AE
:10567000FAF768FDC0B2864205D8F01900901128EB
:1056800003D90D24F0E70724EEE7E8683A468019CD
:105690000399FAF7CDFC0098EA6880B20021115412
:1056A0001C4840680028DFD001680029DCD00020B9
:1056B00012E0002E12D1022BE3D10399E8680A7898
:1056C0004978090251180180124840680028CBD05F
:1056D00001680029C8D001208847C5E70B24C3E72B
:1056E000002EFBD1062BCCD10622E8680399FAF7ED
:1056F0009FFCB9E7002EF1D1012BC2D103980078AD
:10570000002803D0012801D08024ADE7E9680870A3
:10571000AAE700008C6DFF1F10B50448C16B034A57
:1057200040321068D06000F03DFA10BD00800040AB
:1057300030B5C21F0A2A01D3062030BD0124074D0F
:105740009440002905D0002100F0C0F828682043CB
:1057500001E02868A0432860002030BD00380040E8
:10576000054B01228240D868002901D0104300E097
:105770009043D860704700000038004070B5FF28A3
:1057800014D08207D30E8408094A5E1DA400A51810
:10579000AC69F21A0126521C9640761E9E40B44314
:1057A00099400C43AC610121FFF7DAFF70BD0000A6
:1057B0000038004010B5114C2078002801D0072097
:1057C00010BDFF212D310D48FAF776FD0120207024
:1057D0000B490020086348630A49086248620221B5
:1057E0001020FDF7C7FA1020FDF7B8FA064A07495E
:1057F0000D20FAF767FD002010BD0000AC92FF1FDE
:105800000080004080F000401D5A011191590111A3
:1058100010B5172801D3052010BD0C4B9C6B01223D
:105820008240104620439863586B90435863DC6B6A
:10583000012907D020469043D863186B02431A63AE
:10584000002010BD10462043F6E700000080004015
:10585000054B0122801E82405869002901D0104367
:1058600000E09043586170470038004070B504462E
:1058700014480E460519002902D16878012808D07D
:1058800000212046FFF76CFF022C04D0032C02D02D
:1058900005E0072070BD01212046FFF7D9FF002158
:1058A0002046FFF745FF08490120A0404A68012E25
:1058B00005D082434A6002206870002070BD024318
:1058C0004A60FAE7AC92FF1F0080004070B54200CA
:1058D00083180D4A9C18A5786478D65C641B012255
:1058E000641CA240521EAA40084BA940132806D2AD
:1058F000B000C018836893430B43836070BD586940
:1059000090430843586170BDED95011100F00040CF
:1059100007494A68012383401A4201D0096802E01E
:10592000034940310969C140C807C00F70470000F2
:105930000080004070B5154C45002E197678012383
:10594000114AB34000290ED0142809D0152807D0D9
:10595000162805D0605780008018816819430DE033
:10596000506918430EE014280AD0152808D01628CC
:1059700006D060578000801881689943816070BDAF
:1059800050699843506170BD00F00040329601119B
:1059900070B5104D00242E197078012803D1E0B2A3
:1059A0000121FFF7C7FF707802280ED1E0B2FFF7A0
:1059B000AFFF01214140E0B200F074F8E0B2FFF720
:1059C000A7FF0C21614349194876641C172CE2DBC0
:1059D00070BD0000AC92FF1F10B50F4C0D4A0123A3
:1059E000245C142809D2106A002902D0A34018436D
:1059F00001E0A3409843106210BD506A002903D013
:105A0000203CA340184302E0203CA340984350624E
:105A100010BD000080F00040D695011170B5022144
:105A20001020FDF7A7F91020FDF798F900241C4D70
:105A300007E0022C01D0032C03D1E0B20121FFF7D3
:105A400007FF2819407801280BD1E0B2FFF760FF6B
:105A5000E2B20146104600F061F8E0B20021FFF723
:105A600069FF0C2060434019007E002814D0E0B28A
:105A700000F066F8E6B23046FFF74AFF002801D092
:105A8000012100E000210C2272435219527E824211
:105A900002D0304600F0BAF8641C172CC9DB70BD88
:105AA000AC92FF1FF8B542008318184AD55C9A18CB
:105AB0009278521ED4B2164A12185278022A21D174
:105AC000144EB76B0122134683401F43B763124B3A
:105AD00013280ED2002906D0A900C9188B68A2404D
:105AE00093438B600BE0A900C9188B68A240134355
:105AF000F7E70029596906D0A24091435961012175
:105B0000FFF76AFFF8BDA2401143F7E7ED950111D9
:105B1000AC92FF1F0080004000F00040012200B561
:105B2000064B82400029196801D0114300E09143DF
:105B300019600121FFF79AFE00BD000000800040BF
:105B400070B50446164821460C2251430D186A6868
:105B50000026002A02D1AA68002A1CD0104B02227B
:105B6000183B1B195A700122425400212046FFF7AE
:105B70007DFE6868002808D0A86800280DD020465F
:105B8000FFF7C6FE002808D0002631462046FFF762
:105B90003FFE002070BD122070BD0126F5E7000019
:105BA000C492FF1FF3B5184E002481B007460125AB
:105BB0002846A040384223D00299084000D0012056
:105BC0000090E0B2009900F021F80C2060438019A9
:105BD0004168806800290ED0002807D0009800286E
:105BE00002D00021E0B203E00121FBE7E0B2012195
:105BF000FFF70EFE04E0002802D0E0B20021F7E734
:105C0000641C172CD4DBFEBDC492FF1F074A0C2373
:105C100043439B185A68002A01D0012904D09A688E
:105C2000002A02D0002900D110477047C492FF1FFC
:105C300070B505460D4885420CD00D4C01290AD09F
:105C4000022905D10121284600F07EFE002802D05D
:105C50000020207070BD064928460831FBF7CAFDB8
:105C600020780028F6D0FAF733FB70BDFEFF000065
:105C7000D86EFF1FF0B5304B044601209D448002D2
:105C8000810002AD01902846FAF716FBA007010D2E
:105C90002A48A7020818009029483E182948007889
:105CA000002831D0002C02D10098FAF7E1FA2548FB
:105CB0000F30FAF7CBFAB0422AD9A00714D1002C42
:105CC00012D001242403301B0646FAF7D1FA2246EB
:105CD00029460098FAF702FB224629463046FAF791
:105CE00003FB0098FAF7C4FA29463846019A01F0F6
:105CF00045FB154A28460199FDF796FA2946019A6F
:105D00000098FAF7F1FA01200B4B5B429D44F0BD7D
:105D1000340B24032046FAF7ABFA01263603324649
:105D200029460648FAF7DAFA324629462046FAF7B3
:105D3000DBFA0020E8E70000F4EFFFFF00F00311BA
:105D400000400211A498FF1FE06FFF1FF7B5A0B03D
:105D50000024209801F0E0FD209903281FD012A014
:105D6000FDF74AFA15480021024680326D46137944
:105D70000BE04E003618B688209FBE4203D0670065
:105D8000641CEE53E4B2491CC9B28B42F1D81471C1
:105D900022462946001DFAF74BF923B0F0BD08A0B2
:105DA000FDF72AFAF9E70000577269746520256447
:105DB00020537563636573730A2000001498FF1FF6
:105DC0005772697465202564204552520A200000EC
:105DD000F8B5164E054670883446281A03B280344A
:105DE000012B16DB09E027795B1E1BB27F00E81A46
:105DF000BF19B8802079401C2071012BF3DC2846A4
:105E000001F08AFD0328294604D00948FDF7F4F97A
:105E10007580F8BD06481830FDF7EEF9207940008E
:105E2000801985802079401C2071F8BD1498FF1FCF
:105E3000A85D011110B50A4C6069002801D0FAF77D
:105E40005DF92069002801D0FAF758F9A069002807
:105E500001D0FAF753F9002020616061A06110BD04
:105E6000F46FFF1F70B5134CFF2520690135002822
:105E700003D12846FAF730F920616069002803D180
:105E80002846FAF729F96061206900280DD0616978
:105E900000290AD02A460021FAF7E2F82A46002112
:105EA0006069FAF7DDF80C2070BD03A0FDF7A4F9D6
:105EB0000D2070BDF46FFF1F686561705F646174D1
:105EC000615F696E6974206572722121210A000088
:105ED00010B501210D20FFF7C9FC01210E20FFF7AD
:105EE000C5FC01210D20FFF7F1FC01210E20FFF779
:105EF000EDFC10BD08B509488368002B0CD01A785A
:105F0000694601205B1CFDF76EFB002804D0007879
:105F1000C00701D0012008BD002008BDE470FF1FAC
:105F200010B503460B4A00200A21414389184988CD
:105F3000002905D0401CC0B20328F5D3002010BDB5
:105F40000A210024414354540446403488184480B4
:105F5000037210BD74A9FF1F0A7802700A88120A22
:105F600042708A7882704A88120AC2700A79027175
:105F70008A88120A42718A798271C988090AC171B4
:105F800008207047F8B505460C4648680421FAF722
:105F900009F9217A017021890346401C090A017020
:105FA000217841702188090A8170207A001DC2B2CF
:105FB000FB2A36D81C48854215D114461E460C20B3
:105FC000FAF7C6F801000CD0902008700220087182
:105FD0004D808E601548CC800078FAF795F8002740
:105FE0001DE013271BE05C20114968434418264636
:105FF0004036307E002806D008465C30416A0727CC
:10600000491C41620BE02146284600F095F90746FD
:10601000307E002803D121462846FAF76BF938462E
:10602000F8BD0220F8BD0000FEFF00002971FF1F2F
:1060300000AAFF1F10B50A4A00210A234B439B18F0
:106040005C88002C06D01B79834203D10A2041438F
:10605000881810BD491CC9B20329EED3002010BD19
:1060600074A9FF1F002141800170704770477CB503
:1060700004000FD0608800280CD000250095019501
:106080001323E188207A172200F028F8FF2060729D
:10609000658025707CBDF8B5074615460E46102074
:1060A000FAF756F8040017D0A02020700020607086
:1060B0006680002D05D00C222946201DF9F7B8FF77
:1060C00004E00C220021201DF9F7CAFF21463846C2
:1060D000FAF71AF80020F8BD0120F8BDFFB581B02D
:1060E0001E46174614200B9DFAF732F804001AD00A
:1060F000A22020706770029860800A9820716671F3
:10610000002D06D020460C2229460830F9F790FFD2
:1061100005E020460C2200210830F9F7A1FF2146B6
:106120000198F9F7F1FF05B0F0BD022A1CD34B78B6
:106130000A781B02D21892B20280012A02D0022AE7
:1061400006D00FE08A78C97809025118418009E029
:10615000CB788A781B02D21842800A7949790902E1
:10616000511881800020704701207047F8B506461D
:106170004D88002070600A790C46022A12D029014D
:1061800060480091415A002906D0009B1F18BB6847
:10619000002B01D0012A7DD05A486C304169491C3E
:1061A0004161A9E0E288042A43D3A06843780178DA
:1061B0001B02C91889B20091C37881781B02C918E3
:1061C0008FB2017AC079000208184F4948800099BF
:1061D000091D8A4220D1072F13D0052F11D0042F7B
:1061E00002D0062F25D10CE046482901405A00284C
:1061F00007D02846FCF754F942486C300169491C25
:1062000001610098308137800321C943A068F9F704
:10621000C9FF70600020F8BD072F18D0052F16D0D9
:10622000042F07D0062F12D036486C30C168491CA5
:10623000C16064E033482901405A002807D028464D
:10624000FCF72EF92F486C300169491C01612D497A
:106250002D01002048536E180098B081B780009837
:10626000FCF782F9B060002818D00321C943A06868
:10627000F9F798FFE2880146224F121FB068F9F73C
:10628000D7FE785BE1884018001F785338466C30A1
:10629000016800E008E0491C016030E019486C30FA
:1062A0008169491C81612AE0E2888918009A89B2D3
:1062B0008152BA8991421AD80546B868E2884018D6
:1062C000801AA168F9F7B4FE0098295AB88981426A
:1062D00015D13081B8883080B8687060009900208E
:1062E000685208486C304168491C416007E0054825
:1062F0006C308168491C81602846FCF7D1F8012088
:10630000F8BD0000F0A9FF1F4271FF1F022A01D053
:10631000012070470A78497809025118018000204D
:1063200070470A7802704A7842708A78C978090200
:106330005118418070470000FFB50C4607463D49A3
:10634000A1208000096878434018FF30C130067EE4
:1063500089B015463846FAF77DFB001DB04204D2DD
:106360003846FAF777FB001DC6B2B54207D82A4671
:10637000002138460C9BF9F7C3FF0DB0F0BD314644
:106380002846F9F75DFF2746403738740C99616558
:1063900001467143691AC9B202910C99049102999C
:1063A000002901D0401C3874002523E002990029FF
:1063B00004D0401EA84201D1084600E03046E90062
:1063C000059103916054FCF703F80399091948609B
:1063D00000281BD00599625C0499F9F729FE0598FD
:1063E000215C0498081804901348C169491C6D1C6D
:1063F000EDB2C161387CA842D8D8606D002803D0C6
:10640000F9F7C4FE002060650020B6E7002038746C
:106410000646606506E0F00000194068F9F7B6FE30
:10642000761CF6B2AE42F6D30348C16A491CC1627B
:106430001320A2E73409FF1F5CAAFF1FF7B586B03F
:1064400016460D464878FFF7F5FD040010D00027EA
:1064500027712878012802D0132809D105E06A881D
:10646000314602A8FFF761FE0AE02078032802D037
:10647000002009B0F0BD6A88314602A8FFF746FF48
:106480000646204600F046F902A8019000972B78B6
:10649000207A32460699FFF721FE2046FFF7E2FDFB
:1064A0003046E6E7FEB50446468801466846FFF7F3
:1064B0005DFE0546019800282FD068460088052813
:1064C00006D0042809D0062807D0072805D026E0E2
:1064D0006946304600F030F821E081001548081880
:1064E00001464039098E002919D02038807C6A463F
:1064F0003146FFF7D0FD002811D1684600880428F6
:1065000003D001213046FBF767FF012D04D1A068BD
:10651000002801D0F9F73AFEFEBD012D04D1A06894
:10652000002801D0F9F732FE01213046FBF754FF75
:10653000FEBD000064A9FF1F30B50546088987B07D
:106540000C46042817D302A86168FFF7EAFE6846E4
:106550004089172837D82189001D81421ED16846FD
:10656000007AC10709D0626802A92846121DFFF708
:1065700065FF002812D107B030BD6168091D1228DF
:1065800005D0002069460880497A6A4622E06846BC
:10659000428903A8FBF750FF002803D02846FFF7E5
:1065A00065FDE8E70D4881880029E4D06946497A0D
:1065B00003AA0192009169460B7A8079002229464C
:1065C000FFF78CFDD7E70121684601801721418044
:1065D000417A6A462846FBF7E3FECCE764A9FF1F31
:1065E00070B5144C00262680A681A680A06835468A
:1065F000002802D0F9F7CAFDA5600E4C10342046E1
:106600004030057445740576606D002802D0F9F7B6
:10661000BDFD65655C20002546433419E80020185F
:106620004068002801D0F9F7B1FD6D1C0A2DF5DB9B
:1066300070BD0000F0A9FF1FFFB589B015460E46DA
:106640001720129FFBF790FF040021D068460670C8
:106650004570002F03D0201D0C99B84700E00020A2
:1066600069464880267065704888A070010AE1700C
:10667000052269468A82001D0694888305A9099827
:10668000FFF780FC050004D02046F9F77FFD00E00D
:10669000132528460DB0F0BDFFB581B01E46054656
:1066A00001210A9F0B9C00F04FF9002811D02046D1
:1066B000FFF736FC00280AD0C58004460770124850
:1066C0004178491C0A06120E427004D005E01525D7
:1066D0000FE014250DE00122427022710096284639
:1066E000039B0299FFF7A8FF050005D02046FFF79E
:1066F000B9FC284605B0F0BD23462146034A0933BC
:106700000348F9F703FEF4E74271FF1F30750000FC
:106710006F60011110B50446407AF9F7C7FDFF20FC
:10672000607210BD3FB500236A469C0005595B1C92
:106730001551042BF9DB8B0715D0CB179B0F5B187A
:106740009B089B00C91A00238C009D0014594451DA
:10675000491CCC17A40F6418A408A400091B5B1CD7
:10676000042BF1DB3FBD0021EDE710B500240F2223
:10677000835C5B0023438B54835C521EDC0952B262
:10678000002AF5DA10BD0000FFB581B01E4617469D
:106790000D46084600F04AF8002802D0112005B046
:1067A000F0BD0E4800F042F8040015D00A98A07120
:1067B0000622E01D0B99F9F73BFC65802771667195
:1067C00001982070002060620C98E081002128462A
:1067D00001F02AF80020E2E71520E0E7FFFF0000C3
:1067E00070B514460D46064600F020F800280BD080
:1067F000416A007900290CD0C20611D580070AD45D
:10680000002C08D0052070BD074886420AD014200D
:1068100070BDC006F6D5887EA84203D20C2070BD9C
:106820000F2070BD002070BDFEFF0000084A00214F
:1068300028234B439B185B88834203D12820414384
:1068400088187047491C0906090EF1D000207047CE
:1068500094A9FF1F30B50B4C0B4B002128224A4353
:10686000D5186D88A54206D09A5C824203D12820B3
:106870004143C81830BD491C0906090EEED000205E
:1068800030BD0000FFFF000094A9FF1F10B50020DD
:106890000B4C0C4B014628224243D2185480401C1A
:1068A000117100065162000EF5D0064A0020283210
:1068B0008300401CC0B2D1500528F9D310BD0000A0
:1068C000FFFF000094A9FF1F0020074A014628236C
:1068D0004B439B181B79002B01D0401CC0B2491CB4
:1068E0000906090EF3D0704794A9FF1F074A00213B
:1068F0008B00D358002B05D0491CC9B20529F7D30A
:10690000132070478900505000207047BCA9FF1F1A
:1069100010B5FFF78BFF040013D06088012100F051
:1069200083FF606A002801D0F9F7E8FB28220021E4
:106930002046F9F795FB0020C043608000202071BD
:1069400010BD022010BD000010B50C46064988425B
:1069500006D0FFF76BFF002804D00079204201D059
:10696000012010BD002010BDFEFF0000F7B5064657
:1069700086B0002004900390079810E125290AD0E2
:106980000499002901D0039802E0049000200390AC
:10699000401C039000E10398002805D081B20498C0
:1069A000B047002004900390002504220823102102
:1069B0000798401C079000782B2819D004DC202869
:1069C00018D0232804D117E02D280FD0302815D057
:1069D000079A00271078FF430346303B3C46092BBB
:1069E0000FD807A801F086F8044615E00D43DFE74D
:1069F0001543DDE71D43DBE7202000E001200543D0
:106A0000D6E72A2808D1521C0898079210C8089087
:106A1000002C01DA64420D43079938460A782E2A81
:106A200014D1491C079108780246303A092A03D844
:106A300007A801F05FF806E02A2806D1491C079153
:106A4000089901C90891002800DA0020079A394600
:106A50001778682F03D06C2F01D04C2F02D1521C15
:106A600039460792079B0A221B786E2B2CD00CDC30
:106A7000632B2AD004DC412B26D0582B11D19BE06C
:106A8000642B01D0692B0CD19AE0732B3DD004DC30
:106A90006F2B77D0702B04D164E0752B73D0782BDB
:106AA0006FD0252B09D0252069460872012102A844
:106AB000B04707980178002975D007986946007893
:106AC0000872012102A8B04766E0E80609D4202533
:106AD000641E002C05DD68460572012102A8B0473E
:106AE000F6E708986A4601781172001D08900121A6
:106AF00002A8B047202504E068460572012102A8DB
:106B0000B047641E002CF7DC46E0089A02CA0892DF
:106B10000091002901D12DA100910A4600E0491CF5
:106B20000B78002B01D0401EF9D28F1AE8060AD448
:106B300020252046641EB84205DD68460572012105
:106B400002A8B047F5E7B9B20098B047202504E0A5
:106B500068460572012102A8B0472046641EB8426B
:106B6000F6DC19E0611C02D1082401210D430090DC
:106B70000898019502C823461022089009E001E018
:106B800001E01BE00822089B02CB089301950090CE
:106B90002346304600F036F80798401C07900178ED
:106BA000002901D0EAE60EE00398002802D081B265
:106BB0000498B04709B0F0BD402215431022E2E727
:106BC00002231D43DFE7401E0790E5E73C4E554C8E
:106BD0004C3E000070B50D460646002405E0315DD0
:106BE00005A0FCF709FB641CA4B2AC42F7D304A0D7
:106BF000FCF702FB70BD0000253032582000000079
:106C00000A000000FFB50746574897B0219D00686D
:106C100015901E460A46680602D5534840681590EE
:106C2000E80601D56D086D001998801E232870D2E2
:106C3000E80701D0302100E0202110A801730021D5
:106C40000172A80710D5002A04DA2D2010A90872B5
:106C5000524208E0680701D52B2002E0280703D53F
:106C6000202010A908725E1EA80608D519981028C1
:106C700002D0082802D002E0B61E00E0761E0024F2
:106C8000002A14D010461999F9F7DAFA159A525CCD
:106C900001A90A55641C0200F4D12098844200DD49
:106CA00020942098361A112005420BD00EE0302097
:106CB000694608710124F0E7202069460870012127
:106CC0006846B8473046761E0028F5DC10A8007AE2
:106CD000002802D0012112A8B847A80616D5199895
:106CE000082802D0102802D010E0302009E030201F
:106CF0006946087001216846B8471B480068203083
:106D000040786946087001216846B847E80604D50E
:106D100007E027E0012113A8B8473046761E002877
:106D2000F8DC30252099481E2090A1420BDD6846F2
:106D300005700121B847F5E7285D69460870012113
:106D40006846B84700E001AD2046641E0028F3DC29
:106D500020243046761E002804DD68460470012198
:106D6000B847F6E71BB0F0BD846DFF1F0348002154
:106D7000417081700121C17070470000F46FFF1FE6
:106D800070B50C46022505A0FCF736FA207AC0063D
:106D900001D5082070BD284670BD000052656164B1
:106DA0004174747243420A00FEB50C461646097AD5
:106DB0000025089A1F46890601D50820FEBD2178C6
:106DC000022912D017A0FCF717FA17496089498DDC
:106DD000884204D014494031498F884203D1F9B226
:106DE000304600F0EFF82846FEBD61680B78497820
:106DF000090259180D4B89B29942F4D10121009230
:106E00000191FBB232462146FAF70CFD0500EAD1AA
:106E1000717830780902401881B205A0FCF7ECF9CE
:106E2000E1E700000A000000E86EFF1F02290000F1
:106E300043434344207365743A205B25645D0A0034
:106E400070B505460A48FFF751FD0A490A48FAF7A6
:106E5000D1FC0848094A08210830FAF745FE040029
:106E60000748456002D007A0FCF7C6F9204670BD70
:106E7000315C0111E06EFF1FFFFF0000E896011179
:106E8000D86EFF1F416464204F54412073657276B1
:106E9000696365206661696C6564210A0000000011
:106EA00070B50E4D04460A2240216879F9F7F0F8D2
:106EB0000320032C04D0022C06D0002C06D00AE0BC
:106EC00032222870042103E0287004E05A220821AD
:106ED0006879F9F7DDF8002070BD0000746FFF1FBE
:106EE0003EB50546234C0300F9F7B4F8063E0421ED
:106EF0003E3E3A3E20A0FCF77FF90020694608702C
:106F0000C12001A98000F9F751FF1A4A61201C3203
:106F10001C21C000FAF7B2F86A4601211C48FAF7B2
:106F2000ADF80121C9026079F9F7BEF81CE019A09B
:106F3000FCF762F9FCF7DCF803202070C82202217C
:106F40006079F9F7CFF840216079F9F7A7F80821BF
:106F50006079F9F7A3F804216079F9F79FF803E065
:106F600000216079F9F7D8F9A570294610A0FCF73F
:106F700043F93EBD746FFF1F5354415254204741A3
:106F800050524F4C455F5354415254454400000009
:106F900005030000535441525420474150524F4C76
:106FA000455F4144564552544953494E47000000FD
:106FB0005B47415020524F4C452025645D0A00003C
:106FC00070470000F0B5C9B00C4605460026882180
:106FD00002A8F9F771F900204690479040A948901F
:106FE0000875852C7ED8611E684601812946224697
:106FF00002AD0A30F9F71CF8214683A0FCF7FCF833
:107000006846807A824C31280BD0322844D033280D
:1070100075D006227FA146A8F9F70AF8062146A8EE
:1070200069E000217D48FEF72BFA7DA0FCF7E4F82B
:107030000A217A48F9F776F97EA0FCF7DDF80A21F3
:10704000E81CF9F76FF96846817D427D080210431C
:10705000010A0002014368464175090A817505A9C4
:1070600007220131F9F77AF801990098F9F760F9E8
:107070000A226A49E81CF9F761F9002807D00A22B8
:10708000E91C6648F9F760F906216EA033E0062195
:107090006EA000F0DDFB67E06846017BC27A080263
:1070A0001043010A000201435C4C89B20A3421807A
:1070B0006846027CC07B009001926846837B427BDD
:1070C00064A0FCF799F821888020FCF7BFF9012122
:1070D00040A801756846017CC07B0090019168461C
:1070E000837B01E009E00AE0427B45A9002002F031
:1070F0002DF8022163A000F0ABFB49B0F0BD68465B
:10710000017BC27A0802104347BA39465EA0FCF7F9
:1071100073F842480A3041885FA0FCF76DF83F4899
:107120000A300088B8425BD23C4D8A352F79002F57
:107130001FD07C2126A8F9F7BFF85C4903C9259127
:1071400024906078052801D2402F26D358A0FCF760
:1071500053F8022140A80175002000900346024622
:1071600045A9019001F0F2FF40A86168007D8847C1
:10717000C3E7032140A80175002500952B462A4648
:1071800045A92648019501F0E1FF24488E220021FF
:107190000C30F8F765FF6570E6E77A001F4F25A809
:1071A0000A37391DF8F744FF28794000001DC1B2A5
:1071B00024A800F04DFB07E07000C019818841A0B1
:1071C000FCF71AF8761CB6B22879B042F4D831A090
:1071D000FCF712F8B88878806078401C60708CE703
:1071E000607800286846008906D0801E82B2691D3A
:1071F0003846FEF7ABFD80E7801E82B2691D384637
:10720000FEF7E6FD79E700004C656E3A25640A005A
:10721000D86EFF1F4E4F5F434D4400000A98FF1F7A
:107220004C6F636174696F6E2056657273696F6E1F
:1072300020000000436C6F75642056657273696F9F
:107240006E20000055706461746100004E657765C2
:107250007374000073697A653A20253032582C2007
:107260004B3A20253032582C20433A2025303258D2
:107270002C204D3A20253032582C20593A202530E8
:1072800032580A004F4B000050616765204E756D03
:107290003A2025640A0000004C6173742050616735
:1072A00065204E756D3A2025640A0000E0960111B4
:1072B000446F776E6C6F61642046696C652045523F
:1072C000520A000025642C00F0B50E4623A187B0B9
:1072D0000EC96C460EC421A10EC903AF0EC7224CC5
:1072E00005462078002803D100F0D6FB012020704D
:1072F0000A2E00D90A26002403AFF9F72BF83146ED
:10730000F9F72EF8C8B2B44213D269460A5CFF2AD4
:1073100003D02A55FF220A5412E0401CC0B2B042EA
:10732000F4D10020F2E7F9F715F83146F9F718F82B
:10733000C8B22A19203A395CD27F9142F3D029553C
:10734000295D0AA0FBF758FF641CE4B20A2CD4D3D1
:1073500009A0FBF751FF07B0F0BD000001020304D4
:1073600005060708090A0000F06FFF1F534E203A78
:1073700020256420000000000A00000070B50D46C2
:107380000446164600212846F8F76AFE08482418E5
:10739000084884420AD8214607A0FBF72DFF324651
:1073A00029462046F8F79AFF002800D0032070BD38
:1073B0000040021100F00311524541445F464C4128
:1073C00053483A202530385820200A0070B5084C20
:1073D0000D460646214607A0FBF70EFF2A4631461A
:1073E0002046F8F77BFF002800D0032070BD000086
:1073F00000E00011466C61736820414444523A2019
:10740000253038580A000000F0B5FFB0FF2486B0E0
:107410000E4607460134214603A8F8F74DFF2146E2
:1074200045A8F8F749FF2246584C00216069F8F753
:1074300017FE787869460873002003ADF11E04E05A
:107440003A182B18D2785A70401C8842F8DBB11ECB
:107450002846FAF733FE0146002002E03A5C2A543F
:10746000401CB042FADB080AA855A8194170142143
:1074700003A801F029FF0027B61C0FE0FF20F5301C
:10748000F9F78BFC38467F1CFFB2142806D340A0C6
:10749000FBF7B2FE01207FB006B0F0BDF2B203A947
:1074A0002079FAF7E3FE0028E8D10026FF27F53718
:1074B0000DE03846F9F771FC3046761CF6B2142818
:1074C00005D3022102A801F0FFFE36A019E0022335
:1074D00002AA80212079FAF72FFE0028E9D10221A3
:1074E00002A801F0F1FE6846407AE07100260CE047
:1074F0003846F9F752FC3046761CF6B2142804D30D
:107500002DA0FBF779FE0220C5E7E37945AA822189
:107510002079FAF711FE0028EAD1E17945A801F0B7
:10752000D3FEE179022904D228A0FBF765FE0320EF
:10753000B1E76846027A0273002045AE8A1E03E076
:10754000335C2F187B70401C9042F9DB03A8491E66
:10755000FAF7B4FDE279B11820398B7FC97F1B029D
:10756000591889B2884204D01FA0FBF745FE0420B9
:1075700091E70020616902E0335C0B54401C9042AB
:10758000FADB0CA0FBF738FE002084E7F46FFF1F46
:107590007265616420636D6420646174612065724A
:1075A000720A000072656164203830206461746181
:1075B000206572720A000000726561642038322012
:1075C00064617461206572720A0000004461746134
:1075D0005F526563656976655F4661696C65645F86
:1075E00031212121200A0000446174615F526563EA
:1075F000656976655F4661696C65645F322121214A
:10760000200A0000F7B5FFB0FF2487B00E460746FA
:107610000134214603A8F8F74FFE214645A8F8F7A4
:107620004BFE2246604C00216069F8F719FD78781E
:1076300069460873002003ADF11E04E03A182B18C8
:10764000D2785A70401C8842F8DBB11E2846FAF7FF
:1076500035FD0146002002E03A5C2A54401CB0424D
:10766000FADB080AA855A81941700027B11C03A825
:1076700001F02AFEB61C0FE0FF20F530F9F78DFB74
:1076800038467F1CFFB2142806D348A0FBF7B4FD90
:1076900001207FB00AB0F0BDF2B203A92079FAF759
:1076A000E5FD0028E8D18898F9F76BFB00268021DA
:1076B00043A0FBF7A1FDFF27F53710E03846F9F7A7
:1076C0006CFB3046761CF6B2142808D33EA0FBF7BC
:1076D00093FD022102A801F0F7FD0220D9E7022361
:1076E00002AA80212079FAF727FD0028E6D102219D
:1076F00002A801F0E9FD6846407AE0710026822187
:107700002FA0FBF779FD10E03846F9F746FB30462D
:10771000761CF6B2142808D3E17902A801F0D4FD52
:107720002EA0FBF769FD0320B3E7E37945AA822188
:107730002079FAF701FD0028E6D1E17902A801F0ED
:10774000C3FDE179022904D229A0FBF755FD0420ED
:107750009FE76846027A0273002045AE8A1E03E066
:10776000335C2F187B70401C9042F9DB03A8491E44
:10777000FAF7A4FCE1797218203A937FD27F1B02BA
:107780009A1892B2904204D020A0FBF735FD052054
:107790007FE70020626902E0335C1354401C88429A
:1077A000FADB002075E70000F46FFF1F726561646B
:1077B00020636D642064617461206572720A000048
:1077C000253032580A00000072656164203830208C
:1077D00064617461206572720A0000007265616400
:1077E0002038322064617461206572720A000000E2
:1077F000446174615F526563656976655F4661697E
:107800006C656431212121200A000000446174610B
:107810005F526563656976655F4661696C65643270
:10782000212121200A000000F8B5084D0E46074628
:107830000024A0002A58002A02D03146384690473A
:10784000641CE4B2052CF4D3F8BD0000BCA9FF1FF2
:1078500030B5BFB00C460546F822002101A8F8F764
:10786000FFFB6A46D4802246294601AC02A8F8F7FD
:10787000DFFB211D0EA0FBF7BFFC69460F48F9F79F
:1078800095FA6A460E491088FAF726F96A4613886F
:107890000C498B420AD0C00708D00948214648301D
:1078A0004089908000221846FAF78AFA3FB030BD2E
:1078B0007273703A2025730A000000000E03000066
:1078C000E06EFF1FFFFF00003FB500226B469400F3
:1078D0000559521C1D51042AF9DB8A0711D0CA1719
:1078E000920F521892089200891A0322511A8C00A2
:1078F00095001C594451491E00D20321521EF6D551
:107900003FBD0021F1E710B5144609181A4620467C
:10791000F8F78EFB002010BDC00110B5803880B292
:1079200001F03EFE10BD0000FFB581B00298FEF7E9
:107930007DFF040069D00298354986008A59002AE3
:1079400063D0136A1820002B00D03420936A002BD8
:1079500000D01430049B002B00D01C30516A002949
:1079600000D01630F8F7F4FB05004ED018220021A5
:10797000F8F776FB2620F9F727FD070000D12778D6
:10798000D0202870019868700A20A8700298A880FA
:107990000398A8711E482C4680591834006A0028A4
:1079A00008D01B49AC60895920461C34096A1C2246
:1079B000F8F73EFB16488059806A002808D0144921
:1079C000EC60895920461434896A1422F8F730FB98
:1079D0000498002806D02C6120461C341C220499EF
:1079E000F8F726FB0A488159496A002906D06C61DC
:1079F00080591622416A2046F8F71AFBF8B2294648
:107A0000F8F782FB0298FBF71FFE05B0F0BD0000FF
:107A1000DC70FF1FFFB581B01D46174614200E9E77
:107A2000F8F796FB040020D0D020207001986070F9
:107A30000520A070E770002D05D006222946201DE4
:107A4000F8F7F6FA04E006220021201DF8F708FBFB
:107A50000A9860810B98A0810C98E0810D98208293
:107A6000A67421460298F8F74FFB05B0F0BDF8B5B3
:107A700006461C4615460F460820F8F769FB01002C
:107A800009D0D02008704E70062088708D808C71CF
:107A90003846F8F739FBF8BD10B58EB06846F8F7F0
:107AA00065FC684680790290684640790390684694
:107AB000007904906846C0780590684680780B4944
:107AC000401E06906846008840180790C8120A9029
:107AD00002A8F8F751FC0446014605A0FBF78CFB11
:107AE0002046F8F74FFC20460EB010BD94F8FFFF7B
:107AF00025640A000146002006E0531C0B600A239F
:107B000012785843303810180A681378303B092B24
:107B1000F3D97047007841078207C90F920F890097
:107B20000006C00E1143C0000843704701468A009A
:107B300008491020895800290AD00A6A002A07D06B
:107B40008968002904D0107A097E884200D308464B
:107B5000704700004C71FF1F10B5024601462032ED
:107B60001031F8F715FC10BD10B5F8F711FC10BD79
:107B70007FB50D46044681000948405800280ED0C4
:107B8000014668314EC903966E460EC6037FC28811
:107B900001782846FBF7C6FD204600F003F87FBDBC
:107BA0004C71FF1F70B5044600F0BEFCA500134CDD
:107BB0006059002821D0006A002801D0F8F79EFA09
:107BC0006059806E002801D0F8F798FA6059C06EAD
:107BD000002801D0F8F792FA6059006F002801D010
:107BE000F8F78CFA6059406F002801D0F8F786FA50
:107BF0006059F8F783FA0020605170BD4C71FF1F87
:107C00007FB5084D84002959102268462531F8F7C0
:107C10000FFA2859044BC0886A46112100F014FC61
:107C200004B070BD4C71FF1F6D8901117FB50C4C04
:107C300085006159002910D0694600F029FC60597F
:107C40000178C088002901D0064B00E0064B6A4647
:107C5000072100F0F9FB04B070BD0120FBE7000034
:107C60004C71FF1FC98901115B8A011170B50D4666
:107C7000064600240AE0F8F791FB010A3155641C1E
:107C8000E4B2AC4202D23055641CE4B2AC42F2D34E
:107C900070BD00007FB5084D840029591022684648
:107CA0003531F8F7C5F92859044BC0886A461121C7
:107CB00000F0CAFB04B070BD4C71FF1FA789011111
:107CC00010B5064A8300D258002A06D0D2888242D4
:107CD00003D1012901D1FFF765FF10BD4C71FF1FD2
:107CE00070B50E4C064685006059002813D0007808
:107CF0002146002810D08868002804D04168002957
:107D000001D03046884760594078122803D10021BD
:107D10003046FFF72DFF70BD4868EDE74C71FF1F3F
:107D200010B50A46024B112100F08EFB10BD000079
:107D3000D58801111CB50446684613460170062219
:107D40001946401CF8F774F9034B6A46082120468F
:107D500000F07AFB1CBD0000F788011110B50A463F
:107D6000024B112100F070FB10BD00001D890111B4
:107D700010B586B0044668461346018008221946AD
:107D8000801CF8F755F9044B6A460B21204600F099
:107D90005BFB06B010BD00003F89011110B50A461B
:107DA000024B112100F050FB10BD0000698A011147
:107DB00030B587B00446002069460875A06805788C
:107DC0002B00F8F747F90C2C07070F1215181B1E8C
:107DD0002124272C00F0CAFE12281DD10620694656
:107DE000087529E000F094FE16E000F0B0FE13E004
:107DF00000F09DFE10E000F048FE0DE000F074FE83
:107E00000AE000F062FE07E000F04EFE04E000F041
:107E100025FF01E000F014FF002802D008E0072051
:107E2000DEE760886A46294600F028FF6946087543
:107E30006846007D002805D0608805A900F0F2FAA8
:107E400007B030BD608800F043FBF9E7F8B52B4D73
:107E500006468700E8590C46002807D0C188B14281
:107E600004D14178062904D0112930D0002C36D015
:107E70003EE002782149002A25D08368026A5B69C6
:107E8000DC0704D0147BE40701D0072105E09C0740
:107E900005D5147BA40702D5092141702CE05B07AE
:107EA00004D5127B520701D50B21F6E7886800281C
:107EB00022D0416800291FD030468847E8594078D1
:107EC000122802D018E04868F1E7002103E0002CF6
:107ED00000D0322421463046FFF74AFE0CE03046FF
:107EE000FEF7A4FC002803D0017910221143017190
:107EF00031462046FCF760F90120F8BD4C71FF1FA8
:107F000070B501780124922902D0A02919D130E05E
:107F100041780E2902D03E2913D10BE081881A4AFC
:107F2000D14205D18068411C007800F033F81EE092
:107F300000201CE0014680780124052803D0082891
:107F400011D000241DE011480078400719D51048D1
:107F50000068002815D08368002B12D0CA89888851
:107F6000891D984703E088888979FFF76FFF0446E9
:107F700007E00546FFF71CFFA868002801D0F8F7C6
:107F800005F9204670BD0000E8DFFFFF7170FF1F9C
:107F90005071FF1F70B51D4C05462068002825D084
:107FA000002D06D10278002A21D008220A30F8F7E5
:107FB0003FF820682E46002817D01220F8F7C8F89E
:107FC00005000DD0C12028706E7021681022A81CF9
:107FD000891CF8F72DF8206829464078F8F794F8BE
:107FE0002068F8F78BF800202060012070BD08227F
:107FF000801CF8F71DF8F8F7D7F9002801D0012503
:10800000D7E7216801200870EFE700004871FF1FE3
:1080100001494860704700004C71FF1FF7B588B0F8
:1080200016460446102200216846F8F719F8334D29
:10803000A700E859002835D0C188A14232D1017883
:1080400000292FD14278062A0FD0816E002929D02D
:10805000088A112A19D0B04224D108221231099875
:10806000F7F7F2FF01283CD01CE0024601465532EA
:10807000353104AB0C3000F000FC002812D1204652
:10808000FFF754FD024604A930E0B04206D10822B1
:1080900012310998F7F7D8FF01281BD0322120466A
:1080A000FFF766FD2046FEF7C1FB05000CD0696AAC
:1080B000002909D0088AB04206D108221231099855
:1080C000F7F7C2FF01280FD02046F8F773F9012017
:1080D0000BB0F0BD2046FFF729FDE9590246896E35
:1080E00004E0E859816E00E0696A8A7E6846F7F725
:1080F0009FFF20466946F8F763F9E8E74C71FF1FD8
:10810000F1B582B00298694C850060590178002968
:1081100076D141788768066A062907D0CA1F1300FE
:10812000F7F798FF050A48525B1872007969CA0789
:1081300006D0327BD20703D0806E002813D019E01E
:10814000880702D5307B80073ED4480764D5307B52
:10815000400761D5FBF7BEFA6159CA88014610464F
:10816000FFF71CFE58E01C20F7F7B6FF6159002806
:10817000886653D060591022866E00213046F7F78A
:108180006FFF0298FFF7D2FC01463046FFF76EFD05
:10819000F8F704F93082304608211230FFF766FD07
:1081A0000298FFF7C3FCB07660593146C088FFF7EC
:1081B000B7FD33E0816E002932D00A461232098AB7
:1081C000C088FFF7D5FD2BE0FBF77EFA6159CA881E
:1081D00001461046FFF7C2FD3FE001200190FBF78A
:1081E0006DFA009001280CD0002000900198FBF758
:1081F00057FA024660590099C088FFF79BFD39E0A5
:1082000023E000200190F2E7072907D0082907D0D2
:10821000092922D00A292DD078690EE008201DE016
:108220007869810704D5317B890701D5092015E0DC
:10823000410721D401E00B2010E0C10520D5B18910
:10824000C9051DD50C2061594870FEBD40051ED5DD
:10825000B08940051BD51020F5E70A206159487008
:108260006059C088FEF7E2FA002812D0C0894108A0
:108270000A1810E07869DBE7317B4907DDD5DAE7DA
:108280008105E3D5B1898905E0D50E20DBE7122011
:10829000D9E7FF22F532064902980854029863593B
:1082A000091804481B1DF8F731F8FEBD4C71FF1F7B
:1082B000D0A9FF1F1D850111F8B5044600200090CC
:1082C0000E461020F7F708FF544AA5005159002820
:1082D0000862515978D017468C6810223146F7F75A
:1082E000A7FE78590178002962D1026A6069177B7C
:1082F0002146C307FF071431DB0FFF0F0C32BB42CF
:1083000004D1C30702D00123184301E04008400014
:10831000086017788307BF07DB0FFF0FBB4204D14C
:10832000830702D50223184301E002239843086023
:10833000177843077F07DB0FFF0FBB4204D14307CA
:1083400002D50423184301E00423984308601788EA
:10835000C305FF05DB0FFF0FBB4205D1C30503D5E6
:10836000FF230133184302E0FF23013398430860E1
:1083700017888305BF05DB0FFF0FBB4205D18305BF
:1083800003D501235B02184302E001235B029843FB
:108390000860128843055205D70F0122DB0F9202B5
:1083A000BB4203D1430501D5104300E09043086070
:1083B0007078002809D06078002806D01748052179
:1083C00040592030017125E026E03079400708D47B
:1083D000A07C400705D4114901204959203108717A
:1083E00018E00E4842591078002802D020783178E1
:1083F00001E021783078042801D8042901D9182017
:1084000007E08B00C918064BC918085C20321071B0
:10841000002000900098F8BD1320FAE74C71FF1F70
:1084200066A2011170B50C460A460646054B0221AC
:1084300000F00AF8054621783046FFF799FB2846F8
:1084400070BD00008F890111FEB516460546062253
:108450006846028001811C460846FAF785F80190BB
:1084600000280ED001463046A047040005D16946D9
:108470002846FAF75FF8040004D00198F7F786FE63
:1084800000E01324284600F023F82046FEBD00003B
:1084900070B50D4681000D48405800280FD0846803
:1084A000002C0CD02078287060786870A17C281D82
:1084B00000F054F8207E28726069E86070BD1022D8
:1084C00000212846F7F7CCFD70BD00004C71FF1F5E
:1084D000F8B504462020F8F777FF0D4E0546A700B3
:1084E000F059002812D0002D10D0C078FF2804D0F9
:1084F0002946F7F76BFF002808D006482A4604559E
:10850000F35901190448DB1CF7F700FFF8BD000020
:108510004C71FF1F90AAFF1F5385011110B5007801
:10852000FFF7DEFB10BD000070B5064C85006059FA
:10853000002805D0C078F7F7B9FE6159FF20C87050
:1085400070BD00004C71FF1F10B51721FFF710FB25
:1085500010BD10B50078FFF7F7FF10BD10B5026829
:108560008B07920892009B0F1A434C07042302606A
:10857000002C01DA1A4300E09A43F823C9089A4311
:10858000C9000A43026010BDFFB587B0174610202E
:10859000F7F7A2FD01901020F7F79EFD00900198DB
:1085A00000287DD0009800287BD0024601990798CA
:1085B000FCF7B0FE04007ED11020F7F78DFD02908D
:1085C0001020F7F789FD0646029800286BD0002E90
:1085D0007CD038460F30050902D038070CD000E0B7
:1085E000012500202901103900280898C9B205D0BA
:1085F0004018324601991AE00120F3E740188446FA
:108600003A07120F002003A98023904202D2674646
:108610003F5C04E0904201D10B5401E000270F546D
:10862000401CC0B21028F0D3324603A8009900F0D5
:10863000C7FF102200210298F7F712FD00276D1ED8
:108640000FE038070899000E091803AA029800F0F5
:10865000B7FF03A9029A0798FFF786FA7F1C044622
:108660003FB2AF4202DA002CEBD011E0002C0FD168
:1086700003AA3146029800F0A3FF03A9029A0798C3
:10868000FFF772FA0446082202990A98F7F7D0FC1D
:108690000298002801D0F7F731FD002E08D004E041
:1086A0001AE017E007E013E010E03046F7F726FD88
:1086B0000198002802D00198F7F720FD00980028C3
:1086C00001D0F7F71BFD20460BB0F0BD1324E2E705
:1086D0001324E2E71324EEE71324EFE770B58CB020
:1086E00015460E460446302200216846F7F7B8FCCE
:1086F000102221466846F7F75BFD07A803223146A2
:108700000130F7F755FD6846FFF726FA04460BA936
:10871000032228460131F7F74BFD20460CB070BD0F
:10872000FFB5244D07468600A8598DB000281AD001
:10873000C088FEF77BF8040018D005A93846FFF77B
:10874000A7FEA8590178002912D005A90291006A54
:108750000190FAF7B3FF00900020FAF7A1FF064658
:10876000A779E51D12E0122011B0F0BD1420FBE73F
:10877000006A029005A80190FAF7A0FF07460020C2
:10878000FAF78EFF0546A079E61D009009A9019829
:1087900000F063F90BA9029800F016F91098049004
:1087A0000BAB09AA0297019603950F990E9800F05A
:1087B00003F8D9E74C71FF1FFFB595B004461F467B
:1087C0003022002104A81E9E209DF7F749FC1022AC
:1087D000214604A8F7F7ECFC102200216846F7F7C1
:1087E0003FFC072268461799F7F7E2FC01A8072229
:1087F00039460330F7F7DCFC002D01D0012000E002
:10880000002069468873002E01D0012000E000207E
:10881000C8731022002110A8F7F722FC062211A825
:108820001F99F7F7C5FC12A8062202302199F7F725
:10883000BFFC08A8102206461699F7F7B9FC69464E
:10884000304600F03AF804A8FFF786F904460CA970
:1088500010220D463046F7F7EBFB10A9304600F02A
:108860002CF804A8FFF778F904431022294622982F
:10887000F7F79EFC204619B0F0BD70B50C468CB0E1
:10888000164601461D4610226846F7F791FC08225D
:10889000214604A8F7F78CFC0822314606A8F7F712
:1088A00087FC6846FFF758F904461022284608A9B5
:1088B000F7F77EFC20460CB070BD10B5002203789F
:1088C0000C78521C63400370D2B2401C491C102A21
:1088D000F5D310BD10B500290BD0002809D0062211
:1088E0000A704B1C014610221846F7F7A1FB002026
:1088F00010BD022010BD10B500290DD000280BD0EE
:1089000009220A704B1C01781970411C0622581C60
:10891000F7F78EFB002010BD022010BD10B5002916
:108920000BD0002809D008220A704B1C01461022E7
:108930001846F7F77DFB002010BD022010BD10B5D2
:108940000346002910D0002B0ED007200870481CC9
:108950001978017019880822090A4170991C801C35
:10896000F7F766FB002010BD022010BD10B50029EE
:108970000BD0002809D003220A704B1C014610229C
:108980001846F7F755FB002010BD022010BD002946
:1089900007D0002805D005220A7000784870002012
:1089A00070470220704710B500290BD0002809D06D
:1089B00004220A704B1C014610221846F7F738FBB8
:1089C000002010BD022010BD0A4610B5014601204E
:1089D00000F001F810BD70B50C46002A3BD0002C09
:1089E00039D010702078507060789070D51C201DA0
:1089F000FFF790F82870207A6870A089C005C00F32
:108A0000A870A1898905C90F49000843A870A189E8
:108A10004905C90F89000843A870A1890904C90E36
:108A2000C9000843A870207BC007C00FE870217BF5
:108A30008907C90F49000843E870217B4907C90F1E
:108A400089000843E870217B0906C90EC900084364
:108A5000E870002070BD022070BD0A4610B50146C6
:108A60000220FFF7B8FF10BD10B500290BD0002879
:108A700009D00A220A704B1C014610221846F7F74B
:108A8000D7FA002010BD022010BD10B50B460028FB
:108A900008D0002B06D0411C10221846F7F7C8FA60
:108AA000002010BD022010BD10B50B4600280AD0D2
:108AB000002B08D041781970811C0622581CF7F74A
:108AC000B7FA002010BD022010BD10B50B460028DB
:108AD00008D0002B06D0411C10221846F7F7A8FA40
:108AE000002010BD022010BD10B50B4600280DD08F
:108AF000002B0BD082784178120289181980C11C92
:108B00000822981CF7F794FA002010BD022010BD2F
:108B100010B50B46002808D0002B06D0411C1022AF
:108B20001846F7F785FA002010BD022010BD002876
:108B300009D0002907D040780870092805D80028F6
:108B400003D000207047022070471820704710B5EE
:108B50000B46002808D0002B06D0411C10221846D6
:108B6000F7F766FA002010BD022010BD70B50C4664
:108B700000281DD0002C1BD04178217081786170B5
:108B8000C178051D201DFFF7E9FC2878207269785F
:108B9000FF22E06801329043CA07D20D1043012240
:108BA0008B075202AD1CE060002B03DA104302E099
:108BB000022070BD9043214AE0604B0701D510436D
:108BC00000E090431F22D202C9089043C902084323
:108BD000E06029784008CA074000D20F10438B0795
:108BE0000222E060002B01DA104300E090434B07C3
:108BF0000422E060002B01DA104300E09043F822E9
:108C0000C9089043C9000843E0602120F8F7DCFB65
:108C1000217A884205D82220F8F7D6FB217A8842AB
:108C200001D2122070BD2078042802D86078012873
:108C300001D9182070BD002070BD000000040000A4
:108C400010B50A46002807D0002A05D04178104602
:108C5000FFF784FC002010BD022010BD10B50B46AC
:108C6000002808D0002B06D0411C10221846F7F728
:108C7000DFF9002010BD022010BD000070B51546C0
:108C80000E460724FDF7D2FD002807D042790D4992
:108C9000002A05D0012A09D0052070BD082070BD2A
:108CA000094A127812070BD5896800E04968002943
:108CB00006D00B68002B03D02A463146984704465D
:108CC000204670BD4C71FF1F7170FF1FF8B5124C2C
:108CD0000646850060590F4641780C291AD1C06EAE
:108CE000002806D11C20F7F7F7F961590028C8665B
:108CF00010D060591022C06E3946F7F799F9304606
:108D0000FEF714FF6159C96E887661590D204870CD
:108D10000020F8BD0720F8BD4C71FF1F70B5104C46
:108D200005468600A05942780F2A01D0072070BD61
:108D3000006F06221030491CF7F77AF9A0598168B4
:108D4000898A490506D5016A8989490502D5102114
:108D5000417003E000212846FEF70AFF002070BDA5
:108D60004C71FF1F70B50F4C850060590E4641785D
:108D70000E2901D0072070BD006F002806D11620F3
:108D8000F7F7AAF961590028086705D06059102241
:108D9000006F3146F7F74CF961590F2048700020F9
:108DA00070BD00004C71FF1FFEB5054640882A4B80
:108DB00086009B590024002B04D0DD88854214D006
:108DC0000820FEBD01290ED11446101DFEF7A2FE9B
:108DD000E1680291217A0090019163782278698894
:108DE0000020FBF771FA0020FEBD1B78012B09D093
:108DF0000B00F7F72FF90B2E092E0D122A161A1E4B
:108E000022262E000720FEBD114600F0ABF802E03E
:108E1000114600F055F804461CE0114600F076F8C3
:108E2000F9E71146FFF752FFF5E7114600F016F893
:108E3000F1E71146FFF796FFEDE71146FFF76EFFEA
:108E4000E9E7114600F0EAF8E5E71178FEF790FE51
:108E500000E007242046FEBD4C71FF1F70B5174C83
:108E600005468600A059C26E002A02D040780D281F
:108E700001D0072070BD08881082A0590822C06E5A
:108E8000891C1230F7F7D4F8A15988684069820527
:108E900005D50A6A9289920501D50E2006E04005A3
:108EA00006D5086A8089400502D51020487003E085
:108EB00000212846FEF75CFE002070BD4C71FF1FAC
:108EC000F8B5114C07468500605900261022453040
:108ED000F7F7AEF861594878042812D00B460A46D5
:108EE0002533353238460C31FFF71AFC3846FEF789
:108EF00087FE002800D008266159052048703046BA
:108F0000F8BD0320FAE700004C71FF1FF0B5144CC8
:108F100007468500605985B0002610225530F7F7C6
:108F200087F861596B460A46553238460C31FFF7CF
:108F3000F7FB6159102268464531F7F785F801289B
:108F400003D00426304605B0F0BD3846FEF7A2FE39
:108F5000002801D00826F5E7615906204870F1E79E
:108F60004C71FF1FF8B504460026FFF7A5F900284D
:108F700004D018284ED008263046F8BD2046FEF70B
:108F800055FEA500244C60598168897CC90709D029
:108F9000016A09798907890F012903D1017F01221B
:108FA0001143017760592421095C042702291ED04E
:108FB00003291CD004291AD0012901D00529DBD1AD
:108FC0000221417060592421095C01291CD081686B
:108FD00010220C30891CF7F72BF86059017F3943B8
:108FE0000177605910213530FEF740FEC4E70229B1
:108FF00000D00121C088FAF72BFC6059017F39436A
:10900000017760594770B7E7102200210C30F7F75D
:1090100027F8E6E70326AFE74C71FF1FF8B5134CBE
:109020000646850060590F4600281CD0406F002876
:1090300006D11420F7F750F861590028486710D07E
:1090400060591022406F3946F6F7F2FF615900204F
:10905000496FC043086100213046FEF789FD0020BA
:10906000F8BD0820F8BD0720F8BD00004C71FF1FB7
:10907000020E0A600202120E4A600204120EC0B210
:109080008A60C86070470000F0B5FFB0012782B069
:1090900005467F020024394601A8F7F70DF9194863
:1090A0006E023518294618A0FAF7A6F81C48009059
:1090B000F7F7CCF801461BA0FAF79EF80098F7F7EF
:1090C000C5F8A84204D20F4949424018460A760220
:1090D0003D463A4601A93046FEF750F901AE200759
:1090E00002D117A0FAF788F8315D16A0FAF784F8D4
:1090F000641CAC42F3D312A0FAF77EF87FB002B042
:10910000F0BD00000040021172656164204164649A
:1091100072657373203078253038580A00000000DB
:10912000B398FF1F66696C6520656E6420416464B6
:1091300072657373203078253038580A00000000BB
:109140000A0000002530325820000000FFB50E460E
:1091500083B039491F46154638480191F7F77CF826
:10916000374C35492068091D0091002805D0334A45
:109170008018F7F771F80020206028460C993843D2
:1091800008430D992F4C08430CD0002D00D0E574F6
:10919000002F00D027750C98002800D0607500299A
:1091A00000D0A1750398304340D00398002804D024
:1091B00001460A22601CF6F73BFF002E06D03078ED
:1091C000032802D12178002900D020701E4D2846A6
:1091D000F7F74EF817221B492846F7F785F822784B
:1091E000611C1AA0FAF708F817211648FEF7EEF8E6
:1091F0000198F7F72BF8114DA8421BD031782B4678
:109200001DA0039AF9F7F8FF0A2226A1601CF6F7C1
:109210000FFF0220207028460199F7F71DF8284615
:109220000099F7F719F8042007B0F0BD20A0F9F76E
:10923000E3FFF8E70020F7E7AF98FF1F00400211B7
:10924000DC6FFF1FA498FF1F00E0001175706461C0
:1092500074652076657273696F6E3A2530313058C7
:109260002C2066696C655F696E666F2E737461741D
:10927000653A2025640A0000496E69742046696CCD
:109280006520496E666F2073746174653A25642C9D
:109290002020563A25732C20616464723A253038B8
:1092A000580A00003030303030303030303000007C
:1092B0007570646174615F66696C655F696E666F25
:1092C000206572720A00000070B50D460646002443
:1092D00005E0315D05A0F9F78FFF641CA4B2AC4234
:1092E000F7D30448F9F788FF70BD000025303258E5
:1092F000200000003095011170B51C4D0E4604464B
:10930000FF22013200212869F6F7AAFE28694021D0
:1093100001707D2141700421C170FB210171210E7A
:109320004171210C8171210AC171047200214172C5
:10933000802181720A4631460B30F6F779FE2869A2
:10934000882181708B212022FEF75CF96869017801
:10935000042905D14178FB2902D18078002803D067
:1093600003A0F9F749FF042070BD0000F46FFF1F50
:1093700052656164446174614261636B446F6F72F2
:109380005F4661696C0D0A00F8B514461C4E0F4625
:109390000546FF22013200213069F6F761FE30698F
:1093A000402101707D2141700121C170FE210171B8
:1093B000290E4171290C8171290AC1710572210A96
:1093C00041728472224639460B30F6F731FE30691D
:1093D00008348470E41CE1B2FEF716F8002801D0CE
:1093E0000120F8BD70690178012905D14178FE2975
:1093F00002D180780028F4D002A0F9F7FDFEEFE753
:10940000F46FFF1F5831000030B585B00020009088
:1094100001900290FCF75CFDFDF7A8FCFCF722FD33
:109420000D2825D0F9F7CAF9384C011E207121D03A
:1094300037A0F9F7E1FE22460832111D2079FBF72B
:10944000F5FF36A103C90390049136A0F9F7D4FEC5
:10945000072103A8FDF7D8FF00280DD0C820F7F793
:1094600090FC072103A8FDF7CFFF002804D00820B7
:1094700005B030BD0620FBE780222E486169F6F773
:10948000D7FD00216846FBF7FBFF2A48C08A45BA92
:109490002846F9F7B8FF20700246294626A0F9F7BA
:1094A000ABFE2078194DC00020352958032229A091
:1094B000F6F7CAFD00280BD00A2269461D48F6F7C8
:1094C000C3FD002809D024A0F9F796FE0720CFE7B6
:1094D00023A0F9F791FE0920CAE72078C0004019BF
:1094E0008188618121A0F9F787FE6089F6F7F4FD94
:1094F000A061002805D062890021F6F7B1FD0520A2
:10950000B6E720A0F9F778FE0D20B1E7F46FFF1F52
:10951000416464723A20253032580A004078042AA7
:10952000EDAB7200526561644261636B446F6F72B0
:109530000A000000D698FF1F48505F395820547920
:1095400070653A20253034583B20436F64653A20DB
:1095500025640A00393058004E65776573740A0037
:10956000547970655F4572720A0000007570677209
:10957000616465725F646174615F6C656E20253043
:1095800032580A00616C6C6F632075706772616499
:1095900065725F64617461206572722121210A0025
:1095A000054B10B5C018054B984203D8F6F79CFE42
:1095B000002800D0032010BD0040021100F003116C
:1095C00030B50023C45CCD5C6C40D4545B1CDBB272
:1095D000102BF7D330BD0001020307090A0B0E0F51
:1095E000101112141718191A1B1F20212200020132
:1095F000000504000807000B0A001716001D1C01D7
:109600000201010504010E0D0111100114130117CF
:1096100016011A19020201020B0A020E0D021110A4
:10962000021413021716030504030807030B0A03A9
:109630000E0D000D000E00100011001300140107A4
:109640000108010A010B011C011D020402050207A9
:1096500002080219021A021C021D03010302031769
:109660000506FFFF00C2010001000000000000002D
:10967000020000002CA201111955011135560111EB
:1096800000000000020000002EA2011100000000F6
:109690005D51011100000000383736353433323166
:1096A0003001501116072420383736353433323123
:1096B0003002501116072420383736353433323112
:1096C0003003501116072420383736353433323101
:1096D0003004501116072420100000009896011144
:1096E0004552523A00000000816D0111A96D01112F
:1096F000000000000000891112239B322446AD5760
:109700003665BF74488CC19D5AAFD3BE6CCAE5DBC9
:109710007EE9F7F88110080193331A22A5562C47E9
:10972000B7753E64C99C408DDBBF52AEEDDA64CBA9
:10973000FFF976E802218B30100299132667AF7685
:109740003444BD554AADC3BC588ED19F6EEBE7FA89
:109750007CC8F5D983310A2091121803A7772E66A9
:10976000B5543C45CBBD42ACD99E508FEFFB66EA69
:10977000FDD874C904428D5316619F702004A91549
:109780003227BB364CCEC5DF5EEDD7FC6888E19949
:109790007AABF3BA85520C4397711E60A114280569
:1097A000B3373A26CDDE44CFDFFD56ECE998608929
:1097B000FBBB72AA06638F7214409D512225AB3405
:1097C0003006B9174EEFC7FE5CCCD5DD6AA9E3B809
:1097D000788AF19B87730E6295501C41A3352A2429
:1097E000B1163807CFFF46EEDDDC54CDEBB962A8E9
:1097F000F99A708B088481951AA793B62CC2A5D3C9
:109800003EE1B7F04008C919522BDB3A644EED5FD8
:10981000766DFF7C899400859BB712A6ADD224C3D8
:10982000BFF136E0C1184809D33B5A2AE55E6C4FB8
:10983000F77D7E6C0AA583B4188691972EE3A7F274
:109840003CC0B5D14229CB38500AD91B666FEF7E98
:10985000744CFD5D8BB502A499961087AFF326E298
:10986000BDD034C1C3394A28D11A580BE77F6E6E78
:10987000F55C7C4D0CC685D71EE597F42880A19138
:109880003AA3B3B2444ACD5B5669DF78600CE91D58
:10989000722FFB3E8DD604C79FF516E4A990208158
:1098A000BBB332A2C55A4C4BD7795E68E11C680D38
:1098B000F33F7A2E0EE787F61CC495D52AA1A3B0F4
:1098C0003882B193466BCF7A5448DD59622DEB3C18
:1098D000700EF91F8FF706E69DD414C5ABB122A018
:1098E000B9923083C77B4E6AD5585C49E33D6A2CF8
:1098F000F11E780F000001CC01D8001401F0003CEB
:10990000002801E401A0006C007801B40050019C23
:1099100001880044630000007C0000007700000024
:109920007B000000F20000006B0000006F000000F0
:10993000C5000000300000000100000067000000CA
:109940002B000000FE000000D7000000AB0000006C
:1099500076000000CA00000082000000C90000007C
:109960007D000000FA0000005900000047000000E0
:10997000F0000000AD000000D4000000A2000000D4
:10998000AF0000009C000000A40000007200000076
:10999000C0000000B7000000FD00000093000000C0
:1099A00026000000360000003F000000F700000025
:1099B000CC00000034000000A5000000E50000001D
:1099C000F100000071000000D8000000310000002C
:1099D0001500000004000000C70000002300000084
:1099E000C300000018000000960000000500000001
:1099F0009A00000007000000120000008000000034
:109A0000E2000000EB00000027000000B2000000B0
:109A10007500000009000000830000002C00000019
:109A20001A0000001B0000006E0000005A00000039
:109A3000A0000000520000003B000000D600000023
:109A4000B300000029000000E30000002F00000028
:109A50008400000053000000D1000000000000005E
:109A6000ED00000020000000FC000000B10000003C
:109A70005B0000006A000000CB000000BE00000098
:109A8000390000004A0000004C00000058000000AF
:109A9000CF000000D0000000EF000000AA0000008E
:109AA000FB000000430000004D00000033000000F8
:109AB0008500000045000000F900000002000000E1
:109AC0007F000000500000003C0000009F000000EC
:109AD000A800000051000000A300000040000000AA
:109AE0008F000000920000009D0000003800000080
:109AF000F5000000BC000000B6000000DA00000025
:109B00002100000010000000FF000000F300000032
:109B1000D2000000CD0000000C0000001300000087
:109B2000EC0000005F00000097000000440000000F
:109B300017000000C4000000A70000007E00000025
:109B40003D000000640000005D00000019000000FE
:109B50007300000060000000810000004F00000062
:109B6000DC000000220000002A000000900000003D
:109B70008800000046000000EE000000B800000071
:109B800014000000DE0000005E0000000B0000007A
:109B9000DB000000E0000000320000003A0000009E
:109BA0000A00000049000000060000002400000038
:109BB0005C000000C2000000D3000000AC00000008
:109BC000620000009100000095000000E400000029
:109BD00079000000E7000000C80000003700000026
:109BE0006D0000008D000000D50000004E00000058
:109BF000A90000006C00000056000000F400000006
:109C0000EA000000650000007A000000AE000000DD
:109C100008000000BA0000007800000025000000E5
:109C20002E0000001C000000A6000000B400000090
:109C3000C6000000E8000000DD0000007400000025
:109C40001F0000004B000000BD0000008B00000062
:109C50008A000000700000003E000000B500000017
:109C6000660000004800000003000000F60000004D
:109C70000E000000610000003500000057000000E9
:109C8000B900000086000000C10000001D000000B7
:109C90009E000000E1000000F800000098000000B5
:109CA0001100000069000000D90000008E000000D3
:109CB000940000009B0000001E00000087000000D0
:109CC000E9000000CE000000550000002800000060
:109CD000DF0000008C000000A100000089000000EF
:109CE0000D000000BF000000E60000004200000080
:109CF0006800000041000000990000002D000000F5
:109D00000F000000B000000054000000BB00000085
:109D10001600000052000000090000006A00000068
:109D2000D50000003000000036000000A500000053
:109D300038000000BF00000040000000A300000049
:109D40009E00000081000000F3000000D70000002A
:109D5000FB0000007C000000E30000003900000070
:109D6000820000009B0000002F000000FF000000A8
:109D700087000000340000008E0000004300000057
:109D800044000000C4000000DE000000E900000004
:109D9000CB000000540000007B0000009400000095
:109DA00032000000A6000000C200000023000000F6
:109DB0003D000000EE0000004C0000009500000097
:109DC0000B00000042000000FA000000C300000089
:109DD0004E000000080000002E000000A10000005E
:109DE0006600000028000000D900000024000000E8
:109DF000B2000000760000005B000000A20000003E
:109E0000490000006D0000008B000000D100000040
:109E10002500000072000000F8000000F6000000BD
:109E20006400000086000000680000009800000048
:109E300016000000D4000000A40000005C00000038
:109E4000CC0000005D00000065000000B6000000CE
:109E5000920000006C00000070000000480000004C
:109E600050000000FD000000ED000000B9000000FF
:109E7000DA0000005E00000015000000460000004F
:109E800057000000A70000008D0000009D000000AA
:109E90008400000090000000D8000000AB0000002B
:109EA000000000008C000000BC000000D300000097
:109EB0000A000000F7000000E40000005800000065
:109EC00005000000B8000000B300000045000000DD
:109ED00006000000D00000002C0000001E00000062
:109EE0008F000000CA0000003F0000000F000000CB
:109EF00002000000C1000000AF000000BD00000033
:109F00000300000001000000130000008A000000B0
:109F10006B0000003A0000009100000011000000FA
:109F2000410000004F00000067000000DC0000005E
:109F3000EA00000097000000F2000000CF000000DF
:109F4000CE000000F0000000B4000000E6000000B9
:109F50007300000096000000AC00000074000000D8
:109F600022000000E7000000AD0000003500000006
:109F700085000000E2000000F9000000370000004A
:109F8000E80000001C00000075000000DF00000079
:109F90006E00000047000000F10000001A00000001
:109FA000710000001D00000029000000C500000035
:109FB000890000006F000000B70000006200000090
:109FC0000E000000AA00000018000000BE00000003
:109FD0001B000000FC000000560000003E000000D6
:109FE0004B000000C6000000D20000007900000015
:109FF000200000009A000000DB000000C00000000C
:10A00000FE00000078000000CD0000005A000000B3
:10A01000F40000001F000000DD000000A8000000A8
:10A02000330000008800000007000000C7000000A7
:10A0300031000000B100000012000000100000001C
:10A04000590000002700000080000000EC00000024
:10A050005F00000060000000510000007F00000071
:10A06000A900000019000000B50000004A0000002F
:10A070000D0000002D000000E50000007A00000047
:10A080009F00000093000000C90000009C00000039
:10A09000EF000000A0000000E00000003B00000016
:10A0A0004D000000AE0000002A000000F500000096
:10A0B000B0000000C8000000EB000000BB00000082
:10A0C0003C000000830000005300000099000000E5
:10A0D00061000000170000002B00000004000000D9
:10A0E0007E000000BA00000077000000D6000000EB
:10A0F00026000000E10000006900000014000000DC
:10A100006300000055000000210000000C0000006A
:10A110007D000000000000010000000200000004BB
:10A1200000000008000000100000002000000040B7
:10A13000000000800000001B00000036020000004C
:10A140000300000001000000010000000100000009
:10A1500002000000030000000100000001000000F8
:10A1600001000000020000000300000003000000E6
:10A170000100000001000000020000000E000000CD
:10A180000B0000000D0000000900000009000000A5
:10A190000E0000000B0000000D0000000D0000008C
:10A1A000090000000E0000000B0000000B00000082
:10A1B0000D000000090000000E000000FB349B5F52
:10A1C000800000800010000000000000810A0111E2
:10A1D000C9450111F30A011115460111AB0A01111C
:10A1E000E9450111CD0B0111454701114D0C01113C
:10A1F000B9470111AB0B0111B9470111090C01114C
:10A2000071470111CD0B0111FD460111650C0111C2
:10A210006D4801110000000000000000730B0111E7
:10A220006D480111990A0111E54501110018011845
:10A2300000280128022803280029012902290329CE
:10A2400004290529002A012A022A032A042A052AA8
:10A25000062907290829000000000000000000006E
:10A260000000000000870101020102010102010259
:10A2700003030401030101010101030302010300BF
:10A28000303132333435363738394142434445462C
:10A290004748494A4B4C4D4E4F50515253545556D6
:10A2A0005758595A000000003031323334353637B0
:10A2B00038396162636465666768696A6B6C6D6E84
:10A2C0006F707172737475767778797A0000000018
:10A2D000636F6E6E6563742062795B25303278251A
:10A2E0003032782530327825303278253032782572
:10A2F0003032785D2068616E646C655B25645D203A
:10A30000696E74657276616C5B25645D206C617446
:10A31000656E63795B25645D2074696D656F757426
:10A320005B25645D0A00000039305800393558005B
:04A330003937580061
:020000041FFFDC
:1000000000000000DD4FFF1FF86BFF1F206CFF1F7B
:10001000706FFF1F000000000000000000000000E3
:1000200000000000000000000000000000000000D0
:1000300000000000000000000000000000000000C0
:1000400000000000000000000000000000000000B0
:1000500000000000000000000000000000000000A0
:100060000000000000000000000000000000000090
:100070000000000000000000000000000000000080
:100080000000000000000000000000000000000070
:100090000000000000000000000000000000000060
:1000A0000000000000000000000000000000000050
:1000B0000000000000000000000000000000000040
:1000C0000000000000000000000000000000000030
:1000D0000000000000000000000000000000000020
:1000E0000000000000000000000000000000000010
:1000F0000000000000000000000000000000000000
:1001000000000000000000000000000000000000EF
:1001100000000000000000000000000000000000DF
:1001200000000000000000000000000000000000CF
:1001300000000000000000000000000000000000BF
:1001400000000000000000000000000000000000AF
:10015000000000000000000000000000000000009F
:10016000000000000000000000000000000000008F
:10017000000000000000000000000000000000007F
:10018000000000000000000000000000000000006F
:10019000F542FF1F8D43FF1F3561FF1F0000000068
:1001A000000000000000000000000000000000004F
:1001B000000000000000000000000000000000003F
:1001C000000000000000000000000000000000002F
:1001D000000000000000000000000000000000001F
:1001E000000000000000000000000000000000000F
:1001F00000000000000000000000000000000000FF
:1002000000000000000000000000000000000000EE
:1002100000000000000000000000000000000000DE
:1002200000000000000000000000000000000000CE
:1002300000000000000000000000000000000000BE
:1002400000000000000000000000000000000000AE
:10025000000000000000000000000000000000009E
:10026000000000000000000000000000000000008E
:10027000000000000000000000000000000000007E
:10028000000000000000000000000000000000006E
:10029000000000000000000000000000000000005E
:1002A000000000000000000000000000000000004E
:1002B000000000000000000000000000000000003E
:1002C000000000000000000000000000000000002E
:1002D000000000000000000000000000000000001E
:1002E000000000000000000000000000000000000E
:1002F00000000000000000000000000000000000FE
:1003000000000000000000000000000000000000ED
:1003100000000000000000000000000000000000DD
:1003200000000000000000000000000000000000CD
:1003300000000000000000000000000000000000BD
:1003400000000000000000000000000000000000AD
:10035000000000000000000000000000000000009D
:10036000000000000000000000000000000000008D
:100370005918FF1F000000000000000000000000EE
:10038000000000000000000000000000000000006D
:10039000000000000000000000000000000000005D
:1003A0000000000000000000000000002722FF1FE6
:1003B000000000000000000000000000000000003D
:1003C000000000000000000000000000000000002D
:1003D000000000000000000000000000000000001D
:1003E000000000000000000000000000000000000D
:1003F00000000000000000000000000000000000FD
:0C04000001FF01FF01FF01FF41000000AF
:020000041FFFDC
:10183800D0D2FF1F8918FF1F0448854600F028F9F9
:1018480000480047814EFF1FC046C046D0D2FF1F48
:1018580009484838694601600430F0C044464D469E
:1018680056465F46F0C030BCF0BCF0C0F0BCF0C0DB
:1018780044380249084700000004FF1FCD2DFF1F10
:101888000248804702480047FEE70000892CFF1FF6
:101898004118FF1F0549064A08685043054A801841
:1018A8000860400870470149086070475871FF1F79
:1018B8006D4EC6413930000038B50446C06818215D
:1018C800401E4843A16840183C21484361684018BD
:1018D8003C2148432168451860690C214843216927
:1018E80040186921C900401A302100F00FF9114A47
:1018F80050434219084600921A2902DB0E49511832
:1019080000910C2100F002F90C4A5043009A80180B
:1019180000900B4806E0491E425C074B5A43009B67
:10192800D21800920029F6DC2146684600F03EF8FD
:10193800009838BD801F8607805101008033E1017F
:10194800216CFF1F10B5044605E00B780370401C9E
:10195800002B00D0491C521EF7D2204610BD03466A
:101968000A780270401C491C002AF9D118467047B1
:10197800034603220870000A491C521EFAD518466D
:10198800704770B5064601F0F1F9046805460A2269
:101998000021304600F044F82C6070BD10B50249B3
:1019A80000F004F810BD0000A0AAFF1F70B50C4697
:1019B80000683C2100F0B0F821603C2100F0ACF850
:1019C8006160182100F0A8F80546A1600721001DF4
:1019D80000F0A2F8A1610F48A90008180E4900F00C
:1019E8009BF80246443288086261E0613B2802D3D2
:1019F800910700D0401C0021084B0A462161995CE0
:101A0800814203D8401A521C2261F8E7401CE0606A
:101A1800204670BD6C0B0000B50500002D6CFF1F43
:101A2800F7B5009C0F4600262578641C002D05D0CC
:101A380000F078F80068405DC007F5D12B2D02D082
:101A48002D2D18D0641E39462046029A00F070F8F1
:101A5800002F04D03968A14201D10099396071057D
:101A6800022400290BDA4042002803DD01F07EF948
:101A78000460A007FEBD012080020643E3E70028BA
:101A8800F8DA01F073F904600048FEBDFFFFFF7F3C
:101A9800064C0125064E05E0E36807CC2B430C3CB9
:101AA80098471034B442F7D3FFF7CAFED46CFF1F2F
:101AB800246DFF1F70B58C180578401C6B075B0FF1
:101AC80001D10378401C2A1106D10278401C03E09A
:101AD80006780E70401C491C5B1EF9D12B0705D4F3
:101AE8000023521E0DD40B70491CFAE70378401CE2
:101AF800CB1A921C03E01D780D70491C5B1C521E0A
:101B0800F9D5A142D8D3002070BD000003B4014824
:101B1800019001BD350E000003B40148019001BDDC
:101B2800090E000003B40148019001BD0110000036
:101B380003B40148019001BD0910000003B4014835
:101B4800019001BDD94F010003B40148019001BDC6
:101B580075A9000003B40148019001BDF9A6000071
:101B680003B40148019001BDA1AF000003B40148CE
:101B7800019001BD9DA9000003B40148019001BD79
:101B8800E927000003B40148019001BD7511000068
:101B980003B40148019001BDDD3F000003B40148D2
:101BA800019001BD8944000003B40148019001BDC2
:101BB8002144000003B40148019001BD750F0000E5
:101BC80003B40148019001BD1130000003B401487D
:101BD800019001BD53B9000003B40148019001BD53
:101BE800C95C010003B40148019001BD1907010057
:101BF80003B40148019001BDBD0B010003B40148C5
:101C0800019001BDDD0C010003B40148019001BD44
:101C1800DD0A010003B40148019001BD013401004F
:101C280003B40148019001BD0934010003B401481F
:101C3800019001BD0534010003B40148019001BDC4
:101C4800F535010003B40148019001BDF9350100E3
:101C580003B40148019001BDE917010003B401482C
:101C6800019001BD6137010003B40148019001BD35
:101C780001D7000003B40148019001BD6DF60000D2
:101C880003B40148019001BD7912010003B4014871
:101C9800019001BD4DF9000003B40148019001BD58
:101CA800C1F7000003B40148019001BD618900003B
:101CB80003B40148019001BDA9D8000003B401484C
:101CC800019001BDB352010003B40148019001BD68
:101CD8000D52010003B40148019001BD8B5201006F
:101CE80003B40148019001BDC1A5000003B4014837
:101CF800019001BD9D6A000003B40148019001BD37
:101D0800116E000003B40148019001BD8D820000EE
:101D180003B40148019001BDE1AC000003B40148DF
:101D2800019001BDE53A010003B40148019001BDED
:101D3800496D010003B40148019001BD3D710100E6
:101D480003B40148019001BD0189000003B40148B2
:101D5800019001BD156B010003B40148019001BD5C
:101D6800F931011103B40148019001BDB30E00001F
:101D780003B40148019001BDED4A010003B40148D4
:101D8800019001BDA54F010003B40148019001BDB8
:101D98008552010003B40148019001BD016C0100A6
:101DA80003B40148019001BDBD5C010003B40148C2
:101DB800019001BDCD4C010003B40148019001BD63
:101DC800E9A1000003B40148019001BD2D0F0000F6
:101DD80003B40148019001BDD70E000003B40148C7
:101DE800019001BDA96F010003B40148019001BD34
:101DF8009573010003B40148019001BD810E0000F4
:101E080003B40148019001BDCD58011103B4014844
:101E1800019001BD7D57011103B40148019001BD36
:101E280021A9000003B40148019001BDADAE000036
:101E380003B40148019001BDB54C010003B4014849
:101E4800019001BD4550000003B40148019001BD57
:101E5800C56D010003B40148019001BD6D58011121
:101E680003B40148019001BD154D010003B40148B8
:101E7800019001BD810E000003B40148019001BD2D
:101E880051B8000003B40148019001BD85C10000AC
:101E980003B40148019001BDE9D4000003B401482E
:101EA800019001BDF9ED000003B40148019001BDA6
:101EB800E9F6000003B40148019001BD75F800007F
:101EC80003B40148019001BD19FA000003B40148A8
:101ED800019001BDE90B010003B40148019001BD67
:101EE8006D0B010003B40148019001BDC11501004B
:101EF80003B40148019001BDCD0C010003B40148B1
:101F0800019001BD71B0000003B40148019001BD0A
:101F1800D9B0000003B40148019001BD5976010011
:101F280003B40148019001BDE94C010003B4014824
:101F3800019001BDED6B010003B40148019001BDA2
:101F48008937010003B40148019001BDC9A9000007
:101F580003B40148019001BDD903011103B401483C
:101F6800019001BDEDA5000003B40148019001BD39
:101F78001532011103B40148019001BDB557011193
:101F880003B40148019001BD1159011103B401487E
:101F9800019001BD3D4B010003B40148019001BD12
:101FA800B14E000003B40148019001BD3D18000086
:101FB80003B40148019001BD2146010003B4014862
:101FC800019001BDF123011103B40148019001BD45
:101FD8006126011103B40148019001BDE11301110B
:101FE80003B40148019001BD5D1D011103B401480E
:101FF800019001BD950E011103B40148019001BD86
:10200800A917011103B40148019001BD2528011148
:1020180003B40148019001BD2D11010003B401482A
:10202800019001BD2D6C010003B40148019001BD70
:10203800DD13010003B40148019001BDE91001005E
:1020480003B40148019001BD2114010003B4014803
:10205800019001BD19B3000003B40148019001BD0E
:102068005158011103B40148019001BDE512010066
:1020780003B40148019001BD7511010003B4014882
:10208800019001BDB912010003B40148019001BDDE
:10209800A512010003B40148019001BD8D7901002A
:1020A80003B40148019001BD8914010003B401483B
:1020B800019001BD6157011103B40148019001BDB0
:1020C800D1A5000003B40148019001BDD544010029
:1020D80003B40148019001BD7997000003B4014899
:1020E800019001BD6911010003B40148019001BDCF
:1020F8008512010003B40148019001BD8D11010052
:1021080003B40148019001BDF90D010070B5514AB1
:102118008AB0012800D1504A4301504802AC1D182A
:10212800287E00280AD084208058C3B2002002E00C
:1021380016782654401C9842FADB04E0107D0123EF
:1021480010786A461072E869002807D06846017658
:1021580008A807940370E96906A888470AB070BD03
:10216800FEB5044642013D483A4D1318805C191DDE
:1021780000282AD0187E002827D0987E002824D04E
:102188000878022821D188884A888E68801A82B205
:10219800102A01D9102201E0002A02D0012C17D000
:1021A8001DE001200870002048808880D869002838
:1021B80006D02B4A6D4607CA07C5D96968468847BD
:1021C800002C03D0192002F0A9F8FEBD0820FAE778
:1021D800214D04E04888431C4B80305C2870104631
:1021E800521E92B20028F5D1FEBD1B488068000738
:1021F800000F062812D006DC02280AD004280DD1C8
:102208000121012082E7072805D00C2806D10221E8
:10221800F7E70120A4E710484030C06B70470D482D
:1022280080680007000F062812D006DC02280AD0B2
:1022380004280DD10121002068E7072805D00C28C3
:1022480006D10221F7E700208AE702484030C06B38
:102258007047000000400040009000406C92FF1F53
:10226800BC6BFF1F38B5274C2078072847D826486D
:102278000278012125480904002AC26B40D08A430C
:10228800C263252001F078FC2148202102680A4316
:1022980002604806026804235207002A08DB026825
:1022A8001A43026013221546521ED2B2002DFAD1EB
:1022B800C268520708D4C2681A43C2601322134680
:1022C800521ED2B2002BFAD1C2688A43C2601322CE
:1022D8001346521ED2B2002BFAD1C2680A43C2601A
:1022E80013200146401EC0B20029FAD10948017DD9
:1022F8000091217841601D2101707621C16038BDAF
:102308000A43BDE7306DFF1F246DFF1F00F000403A
:102318003C6DFF1F0020004010B50D497620C860B5
:10232800FFF70CFC10BD0446FFF70EFC0949C8690D
:1023380040229043C8612046FFF70CFC01F04CFF97
:1023480004490420C03108600120FFF709FCFEE7BA
:102358000020004000F0004010B5FFF7F5FB0A48E8
:102368000468094A41178032116008490160FFF783
:10237800FDFB204610BD10B50446FFF7E5FB0248FB
:102388000460FFF7F3FB10BD00E100E0100010004F
:1023980010B5FFF7F1FB022805D0072805D0122851
:1023A80000D1022010BD142010BD224904200A6B60
:1023B800521C0A6310BDF8B500260C460D460746A8
:1023C80040341FE0607CC1004A1953686A5C0028E9
:1023D80001D0012100E000213846FFF7D9FF00288D
:1023E80002D001212176F8BD607CC000401946600A
:1023F800607C401C6074207C401E20740D48016A7B
:10240800491C0162207C0028DCD166742676F8BD60
:10241800084A5C2141435C3A10B589185822525C3D
:10242800012A05D1FFF7C7FF0248816A491C81626A
:1024380010BD00005CAAFF1F30B51049886802076C
:10244800120F0F48042A03D0072A12D00C2A13D1DE
:102458000C4A00230C7DE4070ED00C7845685455CF
:1024680044681F2C03D04468641C4460F2E743604E
:10247800F0E702484030C06B30BD0000004000402B
:102488005C70FF1F28A9FF1F38B5044600F09EF9AD
:102498000146684601704470210A81706A4603212A
:1024A8000248FFF76FFB002038BD00001B2000002A
:1024B80038B5044600F0B0F901466846017044702A
:1024C800210A81706A4603210248FFF75BFB00205E
:1024D80038BD00001A20000070B50124A407A368C5
:1024E80010252B43A360FFF753FBA068A843A06007
:1024F80070BD0000FFB5064601208007816881B0E5
:102508001D46102211438160554F00203860304627
:10251800D730FFF743FB9D20800034468059FF36B3
:10252800CA3401360028306822462CD00121FFF732
:102538003BFB4B4F2078F863641C2046FFF73AFBBF
:1025480000BA000AE17800020843B863241D204657
:10255800FFF730FB00BA000AE1780002084378630D
:10256800241D2046FFF726FB00BA000AE178000286
:10257800084338630398029900020843F860039FF0
:1025880000243F1D0EE00021D1E72819401CFFF769
:1025980011FB0102285D0143324820180160241D07
:1025A800A4B23F1F042FF0DA032F04D0022F08D063
:1025B800012F0CD011E02819FFF7FCFA0102090AD3
:1025C80006E0291948780A780102114300E0295DDC
:1025D800244820180160241DA4B20021214F02E0E4
:1025E800E0190160241DFF2CFADD1D481E4A4260D7
:1025F8000F220261012202604269002AFCD042696E
:10260800930701D4520708D401208007826810215B
:102618008A438260002005B0F0BD01600020039A63
:1026280011E0C11909682954401C80B20B0A2B54C7
:10263800401C0B0C80B22B54401C80B2090E29544C
:10264800401C80B2121F002AEBDC3068401C30604E
:1026580001208007826810218A4382600120DAE71E
:102668000000044000010440080F0000FFB50546C3
:1026780001208007816881B01E46102211438160C5
:10268800504F002038602846D730FFF787FA9D2042
:1026980080002C464059CA3480350028E86F22460D
:1026A8002BD00021FFF780FA464F2078F863641C8E
:1026B8002046FFF77FFA00BA000AE17800020843D3
:1026C800B863241D2046FFF775FA00BA000AE178BE
:1026D800000208437863241D2046FFF76BFA00BA0E
:1026E800000AE1780002084338630398029900025F
:1026F8000843F8600024039F0EE00121D2E7301957
:10270800401CFFF757FA0102305D01432E4820189C
:102718000160241DA4B23F1F042FF0DA032F04D058
:10272800022F08D0012F0FD014E03019FFF742FA1A
:102738000102090A09E031194878097800020843BA
:1027480021496118086003E0315D1F4820180160C5
:10275800241DA4B200211C4B02E0E0180160241DD6
:10276800FF2CFADD0F221748120242600F22026185
:10277800012202604269002AFCD00160039A00200D
:10278800121D11E0C11809683154401C80B20C0AAE
:102798003454401C0C0C80B23454401C80B2090ED6
:1027A8003154401C80B2121F002AEBDCE86F401C39
:1027B800E86701208007826810218A43826005B09B
:1027C800F0BD0000000004400001044010B5114AAB
:1027D800A1218900126841438C189D21890009595B
:1027E800012901D00C2010BDFFF7EAF90028FAD121
:1027F800E01DF93002790621012A06D041710D2128
:102808002046FFF7E3F9002010BDFF2021300155D5
:102818000221F5E73409FF1F70B50D46134AA121BF
:102828008900126841438C189D21890009590129A2
:1028380001D00C2070BD002D16D0FFF7C1F900287B
:10284800F8D110210B1A2A5C1B19E033401CC0B2C6
:102858009A711028F6D30121F82001550521204648
:10286800FFF7B4F9002070BD122070BD3409FF1FB6
:10287800F8B5FFF7B1F9564908600420FFF7B2F937
:10288800FFF7B6F90646C00715D052490020086080
:1028980051480078012811D0032813D0042815D0F6
:1028A800022817D0052819D0FFF7A8F94B4F04467E
:1028B80001281AD01EE0FFF7A7F9F8BD3046FFF748
:1028C800A9F90EE03046FFF7ABF90AE03046FFF70A
:1028D800ADF906E03046FFF7AFF902E03046FFF702
:1028E800B1F940B20128E8D04FE0387805280BD07C
:1028F800062809D03A483B4D0078022808D0052818
:1029080006D0022C0ED005E0304602F055FA3CE025
:10291800022C02D0012C11D014E0A87B002805D08D
:10292800022803D03878052804D00BE0304602F09E
:102938005BFA15E0304602F04BFA11E0012807D0A7
:10294800062809D03046FFF783F9022C08D01CE08E
:10295800304602F061FA18E0304602F051FA14E00D
:102968003878012811D170050FD4687BC10701D0D0
:10297800252004E0800701D5262000E02720297DB6
:10298800814202D93220FFF769F9154C20780428D2
:1029980004D003280ED0072811D014E0FFF764F9FB
:1029A800002810D0FFF766F95820FFF769F90220D0
:1029B800207008E00C48807CFFF768F903E00B48BA
:1029C800807BFFF769F90320FFF70CF9F8BD0000D9
:1029D8009C09FF1F9809FF1F9009FF1F1C09FF1F73
:1029E8002309FF1FA60BFF1FBC0BFF1FD40BFF1FE4
:1029F800F8B56E4D0028AB7916D0012B01D0032B0A
:102A080012D16B490A78FF2A0ED14A78FF2A0BD1D6
:102A18008A78FF2A08D1CA78FF2A05D10A79FF2ABD
:102A280002D14979FF2937D062490A78012A1DD095
:102A38000027614C0F702278092A76D00A2A74D0B0
:102A48000B2A72D00C2A70D00D2A6ED0052A6CD0B1
:102A5800062A6AD0A97B00290AD0012908D00329AF
:102A680006D0022904D0042916D101E00C20F8BDB3
:102A7800002B05D0012B03D0022B01D0032B0BD147
:102A8800032901D0022902D16B88202B04D34B4E95
:102A9800002869D0012801D01220F8BDA888012893
:102AA80043D0002A17D10B00FFF7FCF805040810E3
:102AB8000C082400012020701F200AE0022020704A
:102AC800202006E004202070222002E0032020704D
:102AD8002120FFF787F82078282201280CD0022827
:102AE8000AD0042808D0032806D007280DD00828C3
:102AF8000BD01AE01E20ECE7314807602A75FFF773
:102B0800D7F800281FD0AF800FE02E484068808D8E
:102B180080060AD52C480178002906D1A97B03290B
:102B280005D0022903D0002901D02120F8BD0221B7
:102B380001702A750C0321463078FFF7BFF821464B
:102B48003078FFF7C1F80120A880204800780028D5
:102B58002AD01F48012102887D20C0004243C903B2
:102B68003078FFF7B7F81FE0FEF7EEFFAF80207868
:102B7800072808D0082806D027701648FFF7B0F8AD
:102B88001E20FFF72FF810480178002905D007709C
:102B9800012149033078FFF791F8FEF7E7FF01219B
:102BA800C9033078FFF78AF80020F8BDA60BFF1F8D
:102BB8006B09FF1F1A09FF1F1C09FF1F1B09FF1FB5
:102BC8004809FF1F3870FF1F2309FF1F2109FF1F36
:102BD8002C09FF1F00100040F0B585B014468C4644
:102BE80086460AAD87CD0D4E357803976F4607C7E1
:102BF800224661467046FFF779F83570012C01D0FE
:102C0800042C08D1064980240978CA0105498B8813
:102C1800A3431A438A8005B0F0BD00001C09FF1FBA
:102C28007809FF1F6C11FF1F10B5FB2908D8084B46
:102C38009A4205D81B2903D3FF2349339A4201D26C
:102C4800302010BD034B19825A82FFF755F810BD8A
:102C5800480800008410FF1F10B5FFF753F8024919
:102C68000020488010BD00003870FF1FC106C90E43
:102C780001208840014908607047000000E100E039
:102C8800024901480860704740787D013470FF1F91
:102C980030B5084CE16A8A0807498A1A8D1AE36A2E
:102CA8009B08CB1A934201D39B1A00E0EB1883428E
:102CB800F5D930BD00100040FFFF3F000FB410B53C
:102CC80004A9074B02AA039800F070F9044602A968
:102CD800002000F055FB204610BC08BC04B0184783
:102CE8008933FF1F8307FF22DB0E9A408907090EED
:102CF8009940002808DB830809489B001B181868BE
:102D080090430843186070470007000F083883088D
:102D180004489B001B18D86990430843D861704742
:102D280000E400E000ED00E08307FF22DB0E9A409C
:102D38008907090E9940002808DB830809489B0089
:102D48001B18186890430843186070470007000F65
:102D58000838830804489B001B18D8699043084327
:102D6800D861704700E400E000ED00E000487047DB
:102D78005C71FF1F02E008C8121F08C1002AFAD1BF
:102D880070477047002001E001C1121F002AFBD1E3
:102D9800704700000248C069002800D0004770470B
:102DA8004003FF1F1CB569460120FEF7B1FF012053
:102DB80000900348019000F093FD01201CBD000025
:102DC800BB0B0000044629A0FEF7A8FF2DA0616AEE
:102DD800FEF7A4FF2FA0A16AFEF7A0FF31A0E16AC9
:102DE800FEF79CFF33A0216BFEF798FF35A06168C2
:102DF800FEF794FF37A0A168FEF790FF39A0E168BD
:102E0800FEF78CFF3BA02169FEF788FF3DA06169B2
:102E1800FEF784FF3FA0A169FEF780FF41A0E169AA
:102E2800FEF77CFF43A0216AFEF778FF45A0616B9F
:102E3800FEF774FF47A02168FEF770FF49A0A16B59
:102E4800FEF76CFF4BA0E16BFEF768FF4DA0216C0D
:102E5800FEF764FF4F4841684FA0FEF75FFF5248F6
:102E68000068002800D08047FEE700005B486172D8
:102E780064206661756C742068616E646C65725D4F
:102E88000A00000052302020203D203078253038BC
:102E9800780A000052312020203D20307825303833
:102EA800780A000052322020203D20307825303822
:102EB800780A000052332020203D20307825303811
:102EC800780A000052342020203D20307825303800
:102ED800780A000052352020203D203078253038EF
:102EE800780A000052362020203D203078253038DE
:102EF800780A000052372020203D203078253038CD
:102F0800780A000052382020203D203078253038BB
:102F1800780A000052392020203D203078253038AA
:102F2800780A000052313020203D20307825303892
:102F3800780A000052313120203D20307825303881
:102F4800780A000052313220203D20307825303870
:102F5800780A000053502020203D20307825303852
:102F6800780A00004C522020203D20307825303847
:102F7800780A000050432020203D20307825303842
:102F8800780A000050535220203D203078253038F0
:102F9800780A000000ED00E049435352203D2030FC
:102FA80078253038780A0000286DFF1FFFB58FB0EC
:102FB8000546002606E025280AD0129A119990475E
:102FC8006D1C761C28780028F5D1304613B0F0BD6A
:102FD800002402940121B54A009400E004436D1CCA
:102FE8002B780846203B98401042F7D128782A28A9
:102FF8000ED00222287801463039092916D80299BC
:103008000A2359433039401814436D1C0290F1E7E4
:10301800109802C802911090002904DA0120400398
:10302800044348420290022004436D1C28782E284D
:1030380017D10420044368786D1C2A280CD11098F5
:103048006D1C02C8009110900BE000990A225143B0
:10305800303940186D1C009028780146303909290C
:10306800F3D928786C2810D006DC4C281AD06828A8
:103078000ED06A2817D104E0742813D07A2812D108
:1030880010E00120400504430CE00121090501E09E
:10309800032109050C436978814203D10120000509
:1030A80024186D1C6D1C2878692874D006DC00284B
:1030B8008BD0632827D0642806D16CE06E2808D00E
:1030C80073282CD0752878D0129A11999047761CBD
:1030D8005FE06002400F022809D003280DD00428C1
:1030E800109801680DD00E60001D109051E01098E6
:1030F800F21701680E604A60F6E7109801680E80C2
:10310800F2E70E70F0E710986A4601781173001D17
:1031180010900020507303A80190012005E010983A
:1031280002C8019110900020C04361070CD5002708
:1031380000E07F1C00998F420FDA8742F9DB019982
:10314800C95D0029F5D108E0002700E07F1C87420F
:10315800FCDB0199C95D0029F8D102982146C01B02
:103168000290129B119A00F0B3F88019C61907E073
:10317800019801990078491C0191129A1199904778
:103188007F1EF5D22146129B119A029800F090F802
:1031980086196D1C16E70A200190109901C9109133
:1031A8006102490F032900D100B2042900D140B2BD
:1031B800002803DA40422D2103E00DE0210504D563
:1031C8002B216A461173012103E0E10711D0202168
:1031D800F7E70CAF0C9114E00A200190109901C98F
:1031E80010916102490F032900D180B2042900D14E
:1031F800C0B20021EDE70199FEF78EFC30317F1E49
:1032080039700028F7D104A8C01B2030019060074E
:1032180004D5012000048443009801E001200090B7
:103228000199884201DD401A00E000204118009011
:103238000C9809180298401A0290E00306D4214617
:10324800129B119A029800F043F8861900200D90FD
:1032580008E003A9085C129A119990470D98401C40
:10326800761C0D900C998842F3DBE0030CD52146BF
:10327800129B119A029800F02BF8861904E0129A12
:10328800302011999047761C0099481E009000291B
:10329800F5DC05E03878129A7F1C11999047761C66
:1032A8000199481E01900029F4DC6BE70928010008
:1032B800F8B5044600251E461746880404D405E0E0
:1032C80039462020B0476D1C641EF9D52846F8BD44
:1032D800FFB50446002581B01E46C80301D5302736
:1032E80000E02027880404D505E038460399B04754
:1032F8006D1C641EF9D5284605B0F0BD10B500F068
:10330800E3FAFFF74FFD002802D00248804710BDBE
:10331800FEE70000E1A20000F0B585B00546029185
:10332800002927D0154F0024144E803F0023009415
:103338000222194605200194FEF7F6FC3069800741
:10334800FCD420200090411E009101D30846FAE7E2
:1033580038680028FCDA012103A8FEF7EBFC684670
:10336800007B284007D00520FEF7EAFC0298401EA3
:103378000290DBD1112005B0F0BD000080C80040EC
:103388000A68531C0B6010707047000038B5164D62
:103398000446A98828684904C00B08430090FEF732
:1033A800D5FCA968814204D90099FF31FF31023167
:1033B80000910099C00B401800906846FEF7EEFA9D
:1033C800017C0A4A491CA170818A89182170090A5E
:1033D8006170017BE170017A217101796171007876
:1033E800A071002038BD0000C094FF1F6C070000CA
:1033F80070B50446FEF7AAFC06462046FEF75CFABE
:103408000446002521460BA0FEF7A6FC620CE90342
:103418001143E203901B084AA94143C207A0FEF7E3
:103428009BFC1021044801F009FE0CA0FEF794FC57
:1034380070BD000025780000C094FF1F6170705FA8
:103448006461746574696D655F61646A7573745FDE
:10345800626173656C696E653A0A00000A000000D3
:1034680000B58FB003A800F0BBFA03AB07CB0290FE
:103478000191009206490898079A411805A0521C24
:10348800069BFEF769FC03A8FFF7B2FF0FB000BD6B
:103498006C070000636865636B5F64656661756CE3
:1034A800745F6461746574696D650A54696D65203B
:1034B80069732025642D25642D25642C2025643A04
:1034C80025643A2564000000F3B591B02C2103A8C7
:1034D800FEF748FC10A880790E90401E079010A8AF
:1034E80080880F490F904018089010A8C679069652
:1034F800047A0594457A0495877A0AA00397FEF71B
:103508002BFC6846B0C033460BA00E9A0F99FEF705
:1035180023FC03A8FFF76CFF002013B0F0BD0000E8
:1035280094F8FFFF0A6170705F6461746574696D77
:10353800655F7365743A0A0054696D652069732084
:1035480025642D25642D25642C2025643A25643AAC
:1035580025640A0030B585B0FEF7F8FB0F4A91687C
:10356800814208D9012513682D0651685B1900248A
:10357800614113605160906003A8FFF707FF684638
:10358800827C417C007C6B4607C36846C37B827B98
:10359800818903A0FEF7E0FB05B030BDC094FF1F92
:1035A80054696D652069732025642D25642D256473
:1035B8002C2025643A25643A25640A0010B5FEF7E4
:1035C800D7FB0120FEF7DAFBFEF7DEFB002010BD7B
:1035D800F8B54D484068C043000603D53C20FEF7C7
:1035E800AFFBF8BDFEF7B2FB474D0746803D2868A4
:1035F8000121890408432860E869444908402830C3
:10360800E8610320FEF79CFB686AC603F60B0320FB
:10361800FEF796FB686AC403E40B0320FEF790FBF1
:10362800686AC503ED0BA64201D3204600E0304688
:10363800A84200D32846A64201D3314600E02146DD
:10364800A94200D22946324AB218C32A26D2304AA1
:10365800D243944222D92F4B9C421FD295421DD966
:103668009D421BD2081A132818D2274841680C22F9
:10367800914341604168FF22120291434160142046
:10368800FEF75EFB20488038416AC269C903C90B4E
:1036980008239A43C26120480161F8BD26462C469A
:1036A8000320FEF74DFB18488038406AC503ED0B30
:1036B800FEF74CFBB84201D3C01B01E0C01B401E03
:1036C80016498842AFD310484168090A00914268F8
:1036D800FF2109028A430099491C0906090C0A437B
:1036E800426041680C229143091D41600020FEF7A9
:1036F80051FB0B48009988400A49884200DB08467C
:10370800FEF711FE8FE70000C0F0004000FEFEFF4C
:1037180091FCFFFF320400003870FF1FE40C00002A
:10372800E880000060361E00F8B53D4840683C4C13
:103738000006803C8021002806DB60680843606042
:103748000320FEF7FDFAF8BD364D0020A861206879
:103758000122920410432060334F6068802108439F
:1037680060600320FEF7ECFAA869401CA861606855
:1037780001210904084360600026E0692B493840AC
:103788004018E0610320FEF7DBFA606AE169C003D4
:10379800C00B08229143E161296906225143814205
:1037A80001D3091A00E0411A3C2909D2E269012132
:1037B80009048A43E26162688A4362606861F8BD0D
:1037C800761CF6B2052ED8D3E169012000048143A6
:1037D800E161616881436160A8692E46052807D3C5
:1037E800BFF34F8F13491248C860BFF34F8FFEE7EE
:1037F80060688021884360600320FEF7A1FAE069D1
:1038080038402830E0610320FEF79AFA606AC00366
:10381800C00B3061E16908208143E1619DE7000048
:10382800C0F000403870FF1F00FEFEFF28000100B6
:103838000400FA0500ED00E0F8B504460120FEF7A3
:103848007FFAFEF7ADFA1849184A0860966A184BCD
:103858001E60184BDF6A184D2D68AF4202D2DB6A32
:10386800EB1A00E00023154D2B603319D362536A1D
:103878002924E40323435362114A1278002A0FD003
:10388800104A1378022B07D01378012B06D0127830
:10389800032A06D0C01E02E00F3800E0083808608E
:1038A800F8BD401FFBE70000E408FF1F00F00040E0
:1038B800340AFF1F00100040180AFF1F1C0AFF1FD0
:1038C8001C09FF1F4A0AFF1F0349002048610349DA
:1038D800086048607047000040F0004040F1004038
:1038E80070B58AB000241E4D0494059428780128E8
:1038F80006D004A90120FEF70BFA002802D0002008
:103908000AB070BD04980090059801901548816828
:103918000291C0681349039006AA10316846FEF761
:1039280037F9104E10222036314606A8FEF73EFA27
:10393800002811D0012028700B4A31466846FEF74E
:1039480027F904940020694605948200401C8C5095
:103958000428FADB0120D3E7FF202870CFE7000016
:103968004071FF1F00290011E0A9FF1FF7B58AB0B9
:103978000D46002104916A4605910346CB40DB07BA
:10398800DB0F5354491CC9B20929F6D3002423E09C
:10399800002204AB68464679007898543146414085
:1039A80068464778077087784770C77887700779BF
:1039B800C770067186794671C6798671067A521C77
:1039C800C671D2B20172082AE4D30C9801191846BC
:1039D800FEF7F2F9641CE4B2AC42D9DB0DB0F0BDDD
:1039E800F0B5054687B029A0FEF7B6F92AA0FEF77C
:1039F800B3F926A16846FDF7B2FF2AA16846FEF78B
:103A0800E1F9294E0024A00031586846FEF7E0F994
:103A1800002836D0641C0C2CF5DB22A10020FEF710
:103A2800D1F9FDF7AEFFC1B206911EA10020FEF745
:103A3800C9F9FDF7A6FF87B217A16846FDF78FFF02
:103A48001AA16846FEF7BEF9FDF79BFFC6B217A19B
:103A58000020FEF7B7F9FDF794FFC4B213A10020C8
:103A6800FEF7B0F9FDF78DFF6946897DC0B2491EA2
:103A780029610F49791869610699E96051C507B04C
:103A8800F0BD6846641C8475C7E700004D61792065
:103A9800323120323032360031353A33303A313330
:103AA8000000000020000000C86BFF1F3A00000063
:103AB80094F8FFFF0648006AC00708D00448103091
:103AC800C06804480168002901D0052008477047EC
:103AD800401000402C6DFF1F0648406BC00708D0FF
:103AE80004482430C06804480168002901D0062031
:103AF80008477047401000402C6DFF1F38B5FEF78F
:103B080023F801229207936A08240094002B01D11C
:103B1800012090620A480221016000994D1E00951B
:103B2800FBD2032101600094641E0094FCD20021A2
:103B38000160002B00D19162FEF718F838BD000033
:103B480000C00040012189070122202804D28B6887
:103B5800824093438B607047402805D24B692038D8
:103B6800824093434B6170476028FCD20B6A40380F
:103B7800824093430B62704701229207012120285B
:103B880004D2936881400B4393607047402805D264
:103B98005369203881400B43536170476028FCD239
:103BA800136A403881400B4313627047012110B5F6
:103BB80089070122202813D20346153B012B07D879
:103BC8000A68202082430A600A6802430A6010BD1E
:103BD8000B68824093430B6008681043086010BD6F
:103BE800402814D20346353B032B07D8CA68102057
:103BF8008243CA60CA680243CA6010BDCB682038D5
:103C080082409343CB60C8681043C86010BD6028E9
:103C1800FCD24B6A4224201A824093434B62486A82
:103C28001043486210BD0000F1B584B0FEF794FB64
:103C38000124A4070190A76AFDF786FF2549022001
:103C4800086060620120A062FDF790FF224D28699C
:103C58008007FCD420200090411E009101D3084623
:103C6800FAE71D4E803E30680028FCDA1B49012027
:103C7800FFF752FB002817D10498FEF7AFF8C0B23F
:103C8800029028698007FCD420200090411E0091F2
:103C980001D30846FAE730680028FCDA0F49032008
:103CA800FFF73AFB002802D0112005B0F0BDFDF760
:103CB8004BFF08490020086003216162A062FDF7FC
:103CC80055FF002F01D1FFF719FF0198FEF753FBAD
:103CD8000298EAE700C0004080C80040FFFFFF07E5
:103CE800F7B582B00446FEF737FB00906003112158
:103CF800400B090647188D01AE6A22488168E81210
:103D0800814209D91F20C004044005D01E484462DE
:103D18000168AA1311430160002E09D1FDF714FFB1
:103D28001A490220086068620120A862FDF71EFF98
:103D3800002003E03A5C03990A54401C0499884225
:103D4800F8D30027002E08D1FDF7FEFE0F480760C4
:103D580003206862AF62FDF709FF0A488168012005
:103D6800C004814208D9002C06D00748476202687F
:103D7800012109048A4302600098FEF7FCFA00203A
:103D880005B0F0BD686DFF1F00C8004000C00040CE
:103D9800F7B584B0FEF7E0FA0190FDF7D5FE244FA1
:103DA80002203860440760620120A062FDF7DEFE51
:103DB800204D28698007FCD420200090411E0091E6
:103DC80001D30846FAE71B4E803E30680028FCDA2B
:103DD80019490120FFF7A0FA002818D104AB07CB36
:103DE800FEF702F8C0B2029028698007FCD42020B0
:103DF8000090411E009101D30846FAE73068002878
:103E0800FCDA0D490120FFF787FA002802D01120BB
:103E180007B0F0BDFDF798FE00203860032161620D
:103E2800A062FDF7A3FE0198FEF7A5FA0298EFE756
:103E380000C0004080C80040FFFFFF07F0B52E4CCF
:103E480089B02078012818D0FEF786FA2B4D079004
:103E580028698007FCD4202700970098411E00910C
:103E6800FBD2264E803E30680028FCDA2449012027
:103E7800FFF752FA002821D102E0002009B0F0BD76
:103E88000020009003460146019003229F20FDF781
:103E98004BFF032102A8FDF74DFF28698007FCD4DA
:103EA80000970098411E0091FBD230680028FCDA88
:103EB80013490120FFF730FA002801D01120DDE76F
:103EC8000798FEF758FA6A46917A527A080412025D
:103ED80010436A46127A0B4B10436060084611384B
:103EE8000122052802D81046884001E00120C004BC
:103EF800A06098612270C0E7686DFF1F80C800400D
:103F0800FFFFFF078008FF1F30B58DB0302217492B
:103F18006846FDF76FFF00246D4660004119497837
:103F2800285CFDF76DFF641CE4B2172CF5D310482C
:103F38004169C2009143052212048918416141690F
:103F480001225206114341614169032252059143FE
:103F58000122520589184161012000F031F900F071
:103F680045F900F02BF90DB030BD00008C6BFF1F38
:103F780000F00040F7B51C4882B00078002820D037
:103F88006846047A1848401C0090215C6846857A87
:103F9800C689078A012916D0037BC27A294620469A
:103FA80000F050F83A463146204600F0B7F8684627
:103FB800417A204600F09AF800980121215400F037
:103FC800C9F805B0F0BD3A463146204600F0A6F8DB
:103FD8000C204443054820184168072212039143E6
:103FE8002A0311434160ECE75094FF1F00E00040B2
:103FF8000C2148431249401841684908490041606A
:10400800416801221204914341604168490049080E
:104018004160416807221203914341604168FF22D1
:1040280001329143416041681022914341608168A7
:10403800090C09048160816889B2816070470000B9
:1040480000E00040F8B507461C4615460E4612200B
:10405800FFF792FD0C204743124838184168490879
:10406800490041604168072212039143320311431A
:1040780041604168FF22013291432A0211434160A5
:104088004168102291432201114341604168012295
:10409800D2071143416000221146122000F008F9AE
:1040A800F8BD000000E0004070B50F4D00232878EF
:1040B800012817D0012000242870FF26E8180A21BB
:1040C80044705943D8B2491908724E728C72CC7236
:1040D8000C73CC810C82FFF78BFF5B1C062BEDDB8E
:1040E80000F050F870BD00005094FF1F70B50446F2
:1040F8000D460A30C1B22846FDF788FE0C20054956
:104108006043401841680122114341600248055547
:1041180070BD000000E00040506DFF1F10B59142D7
:1041280015D80C2358430A4BC018446801231B04B4
:104138009C43446084680904A4B20C438460816889
:10414800090C09041143816041681943416010BD9D
:1041580000E0004010B5094C206800280CD112205E
:1041680000F07AF80648026801210A4302600268F2
:1041780010231A430260216010BD00004C6DFF1F20
:1041880000E0004010B50B4C2068012810D1122027
:1041980000F0C4F80848016849084900016001684E
:1041A800102291430160002020601220FFF7CAFC12
:1041B80010BD00004C6DFF1F00E000400F2070474D
:1041C8000449420903D00020C86006207047C8602F
:1041D80000207047346DFF1F0348C1691F22520435
:1041E8009143C1610020704700F000400548C16953
:1041F8001F2252049143044A928952041143C16117
:104208000020704700F00040346DFF1F10B5782182
:104218000C48FDF7A7FD0C480078012803D00228B8
:1042280004D0042804D1FDF7F7FD01E0FDF7FAFDFD
:1042380006480078C00702D00649054808630020F0
:1042480010BD0000D893FF1F346DFF1F00200040F1
:104258002123FF1FC000FF1F70B505461248122416
:104268000078012815D0042813D0FDF76DFC0F48FD
:1042780000210C224A43825C002A11D0AA420CD1A8
:104288000C235943012208184270FDF7C5FD00248C
:1042980006E0FDF7C1FD002070BD491C0A29E8DBD6
:1042A800FDF764FC204670BD346DFF1FD893FF1FD7
:1042B80030B50D4C00230C255D43655D854201D169
:1042C800072030BD002D04D05B1C0A2BF3DB032034
:1042D80030BD0C256B431B19F9D000245C70187095
:1042E8009A602046596030BDD893FF1F70B5FFF71C
:1042F8007DFF094D002420460C214843295C0029F4
:1043080007D040194068002800D08047641C0A2C58
:10431800F1DB002070BD0000D893FF1F70B5054683
:10432800164800240078012811D004280FD0FDF782
:104338000BFC0021124A0B4608460C267043165CFB
:10434800002E0FD0AE4205D18018437007E0FDF76C
:1043580063FD0DE080184078002800D0641C491CDB
:104368000A29E9DB002C05D0FDF756FDFDF7FEFB19
:10437800002070BDFDF756FDF8E70000346DFF1F03
:10438800D893FF1F70B519480121890742688A60D0
:10439800826801231A434A6115490A6B0261496B15
:1043A800416100210420FEF7BFFC01211420FEF723
:1043B800BBFC01211520FEF7B7FC01211720FEF7F1
:1043C800B3FC0C4D002420460C214843295C0029ED
:1043D80009D040198068002800D08047641C0A2C46
:1043E800F1DB002070BD122070BD0000346DFF1F8E
:1043F80080F00040D893FF1F1CB51A491F20087091
:104408001948012404701949002008701848C16B24
:10441800490949010931C163C16B602291432031C7
:10442800C16300F02DF800210420FEF75BFC012198
:104438001420FEF757FC01211520FEF753FC01213B
:104448001720FEF74FFC052189020A48FDF7F0FC0A
:104458000320034600900122074901940748FDF70D
:10446800EDFC1CBD480AFF1F490AFF1F680AFF1F11
:1044780080F000406C7EFF1F7071FF1FE87BFF1FFC
:1044880010B5FEF73BFF10BD70B540251C4C012848
:1044980002D0002811D027E06069052140014009B9
:1044A800C90640186061E069164908401649401875
:1044B800E061E0692843E06116E000210A20FDF789
:1044C8009FFC00210B20FDF79BFCE06903210902FA
:1044D8000843E061E069A843E06160690B2140019D
:1044E800400909074018606160690121090708430C
:1044F8006061A069032149048843A06170BD000080
:1045080000F000407F00FEFF80FD010010B5064A64
:10451800D160906000F086F8044A00211320FFF76C
:10452800C7FE002010BD0000586DFF1F2D46FF1F5D
:1045380072B606480168491C0160054904200860F4
:104548000020012189074860FEE700007808FF1F66
:10455800C0F00040FFB581B00A9F144D7E01A85DF0
:10456800002802D0112005B0F0BD6846407B002825
:1045780001D00520F7E7741920212046FDF7F2FB4A
:1045880001A80FC810340FC4384602F09FF8012064
:10459800A855002F06D0064A00211920FFF788FEEB
:1045A8000020E0E70021034A0820F7E76C92FF1F8C
:1045B8003768FF1F2D68FF1F10B5064C43011B19F4
:1045C8009B7E002B02D001F0E3FF10BD01F0AAFF93
:1045D80010BD00006C92FF1F38B50F4A012800D1AA
:1045E8000E4A00240E4B009404E00098451C0095E8
:1045F80098420ADC107D8006F7D51170009406E019
:104608000098411C0091984201DD0D2038BD107DB5
:104618004006F5D5002038BD00400040009000401D
:1046280010270000F8B50025184800954268007862
:104638002B460121FDF708FC16491548886301201F
:10464800154980040860BFF34F8FBFF36F8F13487D
:104658000168FF22120402269143B205114301604A
:10466800642000904120FFF787FA4020FFF784FA82
:10467800740766620098411E0091FBD203206062B5
:10468800FFF73CFAA562FFF7D9FBF8BD606DFF1F85
:10469800050001FF00C8004080E100E010E400E0F0
:1046A800022803D8FF220132914201D9062070471F
:1046B800024A400011520020704700007C6DFF1F25
:1046C800F8B5002808D0002906D0144A05465060DD
:1046D80011800C4600260BE00620F8BDAF5D0021D6
:1046E8003846FDF7B7FB02213846FDF789FB761CF3
:1046F800A642F3DB094900200831088048808880F9
:1047080001460C220648FDF7ABFB0548FF218180D6
:104718006421C18000F006F80020F8BD746DFF1F09
:104728009494FF1F70B5FFF7BFFC00200C4BFF24CB
:104738000246651C0A2141435854C9184C708A70B6
:10474800CA700A71CA80401C0D810328F2D305483B
:104758004068017859704178D9728078587570BD71
:10476800A094FF1F746DFF1F0EB5124812490288EE
:10477800CA8042880A82808848830A226846FDF7F0
:1047880075FB6B4607CBFFF7F5FB0B490A220A318D
:104798006846FDF76BFB6B4607CBFFF7EBFB06495B
:1047A8000A2214316846FDF761FB6B4607CBFFF719
:1047B800E1FB0EBD7C6DFF1FA094FF1F70B50D4E71
:1047C8007068FF300130056AFDF7BEF900F094FC0F
:1047D80071680024FF310131496A4919814204D2C4
:1047E80005490968002900D1441BFDF7BFF9204697
:1047F80070BD00003870FF1F9809FF1F70B50D4687
:104808000446282910D1A420005BE188401A0B49EE
:1048180080B2884208D321466A3105220E46481FD5
:10482800FDF7C4FA002804D029462046FDF724FBEA
:1048380070BD31462046FDF725FB70BDFF7F0000A7
:1048480010B5002901D0FDF723FB10BD70B5002479
:10485800FDF77AF90D484068FF30193060C800F05C
:104868004BFCA919814203D20948006800280AD0E4
:1048780008490420087008488169491C8161FDF7CE
:1048880075F9204670BD0124F9E700003870FF1F54
:104898009809FF1F2309FF1FFC0FFF1F10B5FDF725
:1048A800FDFA0649A122897892005143044A126808
:1048B8008918044A498C518010BD0000300DFF1F33
:1048C8003409FF1F3870FF1F70B51F480122017897
:1048D8001E4D002915D01E48A12180788900484323
:1048E8001C491D4C096822704618207800F086FD86
:1048F800A87B00281AD003281BD002281CD000202F
:1049080070BDA97B002904D0032904D0022904D052
:1049180005E0027003E0042100E003210170FDF7C7
:10492800C7F90E4900200870012070BDFDF7BCFAD8
:1049380004E0FDF7BFFA01E0FDF7C2FAFF36FF36E3
:104948000236317B217070BD1C09FF1FA60BFF1FAB
:10495800300DFF1F3409FF1F490AFF1F2309FF1FDE
:1049680070B5264D264E2868002804D0FDF7AEFA0B
:104978002978C84004E0FDF7A9FA3168FDF7CCF8BA
:1049880004462868002804D0FDF7A6FA2978C8400C
:1049980004E0FDF7A1FA3168FDF7BEF81949A12234
:1049A800897892005143184A184B126889180D7873
:1049B800174A002D17D0FF31FF3102314C6C1548D2
:1049C800641C4C6400689968884201D3401A02E06C
:1049D800114B591A0818D2381060012C02D1FF3037
:1049E800F530106070BDFF31FF31002502314D6494
:1049F8005968201AC9684018F3E700001C08FF1F0F
:104A08001808FF1F300DFF1F3409FF1F3870FF1FE4
:104A1800A009FF1F9C09FF1FFFFF3F00F3B50646D3
:104A28006548A121807889004843644983B00968B2
:104A3800A12244182046FF3021305F490090897830
:104A4800920051435D4A407D126800258F18FF3758
:104A5800813732281DD022281BD0F86A0168002926
:104A680009D08188001D090A891CFDF73BFAF96AFB
:104A7800002001250860FDF73BFA04992746FF3717
:104A88000880C137387C002821D0B0421FDC0020C4
:104A980014E04B49012008600020F96A01250860EC
:104AA800E9E780000019FF308130006B8188001D24
:104AB800090A891CFDF716FA0198401C0190397CF7
:104AC8008142EEDCC8B2361A4519002038743D49D7
:104AD8000020C870FF20AD3000590168002903D0BC
:104AE8000079C04380071ED00098C07D00281AD0E6
:104AF8000098807D002816D1387CB04213DAFF2058
:104B08004930005B010A2046FF304930891CFDF717
:104B1800E9F900990020C875009801218175294894
:104B28006D1CC170761E387C002802D0284605B05E
:104B3800F0BD2046FDF7E2F90090002821DD002EA7
:104B48001FDD002718E02046FDF7DEF98000001978
:104B5800FF300130C06E8188001D090A891CFDF7ED
:104B6800C1F92046FDF7D6F9E01DFF30FA30016A99
:104B78006D1C491C7F1C01620098874201DAB7420C
:104B8800E1DB092080012018817E002911D0017DF8
:104B980000290ED0428E002A0BD0817F914202D28A
:104BA800491C817705E0002181771A212046FDF70D
:104BB8000DF8A8B2BBE70000300DFF1F3409FF1F36
:104BC80000140340E010FF1FF8B5504800680128A2
:104BD80003D14F48816D491C8165FCF7FDFF4D4CA1
:104BE8004D49A0604D4841610125C56005602078A8
:104BF800002806D006224A494A48FDF791F90020C4
:104C080020704949486B494AC0B21278002A17D126
:104C1800474A0023D356002B464BD35606DB1B04CA
:104C28000026965732029A18121808E0FF331B0420
:104C38000026965732029A183F4B1218D2184A6328
:104C4800022801D2022002E0502800D950203B4A15
:104C58001278022A11D03A4A16783A4B1F78BE4287
:104C68000FD916781B78F31A801E4010434310782A
:104C78004001C01A1030401104E0334A1678334B13
:104C8800ECE710784A69120A120210434861FCF7EF
:104C9800B5FF0646052801D0042E1ED12C48007801
:104CA800002806D02B480078002802D00020FDF705
:104CB8003DF92948A1218078890048432749096896
:104CC8004018FF30FF300230007B042801D0032851
:104CD80003D1FF205F30FCF7D3FF022E0ED120480E
:104CE8000078012807D0032805D0022803D01D48E2
:104CF8000078022802D16C20FCF7C2FF1A48C5824E
:104D0800094840380068E060F8BD00009809FF1FB6
:104D1800FC0FFF1F3870FF1FFF3F0000001003400B
:104D2800D50BFF1F7211FF1F800003408C09FF1F66
:104D3800680AFF1F00000000FFFE0000490AFF1F6D
:104D4800440AFF1F450AFF1F460AFF1F470AFF1FA5
:104D5800F908FF1F2209FF1F300DFF1F3409FF1F2D
:104D68001C09FF1F2309FF1FBC0BFF1F0A48094925
:104D780001600B49094A4A630A4A0A630A4A82607F
:104D88000A4A8A63064A0A49803251610949C1625E
:104D980070470000E12BFF1F4000FF1FC547FF1FA2
:104DA800C001FF1F5548FF1FF929FF1FD148FF1FEA
:104DB800394EFF1FA548FF1F10B50449096800298F
:104DC80001D0884710BDFCF743FF10BD8002FF1FCC
:104DD80010B504498968002901D0884710BDFCF73F
:104DE80037FF10BD8002FF1F10B50449496800292C
:104DF80001D0884710BDFCF72BFF10BD8002FF1FB4
:104E080010B504490969002901D0884710BDFCF78D
:104E18001FFF10BD8002FF1F10B50449C968002993
:104E280001D0884710BDFCF713FF10BD8002FF1F9B
:104E380010B50D49A1228978920051430B4A126896
:104E480089182422535C0A4A5288934209D2D21AFA
:104E5800084BC9695A435143421C02D0C82800D0A4
:104E68004018FDF769F810BD300DFF1F3409FF1F0A
:104E78003870FF1F710200007CB5042001F06AFE43
:104E8800274D04202870274C01202070FDF75AF880
:104E9800FDF75EF8FFF76AFFFFF7AEFAFFF734F8A1
:104EA8002878FDF75BF82078FFF7EEFAFFF7AEF900
:104EB8001D4903C9FFF72AFBFDF756F8FDF75AF815
:104EC8000D20FDF75DF8002801D000F0EBFA174936
:104ED80017A0FCF741FF1C4909781C48007801918C
:104EE80000902B7822781A4801781AA0FCF734FF32
:104EF800244C0821224624A0FCF72EFF0523A122DA
:104F08009B02920021462C48FCF726FF2B4801689B
:104F18002BA0FCF721FFFEF751FB00207CBD000011
:104F28004A0AFF1F246DFF1F846BFF1F0101030046
:104F380053444B2056657273696F6E20494420258F
:104F4800303878200A000000450AFF1F440AFF1F76
:104F58004B0AFF1F7266436C6B2025642072634303
:104F68006C6B20256420737973436C6B2025642057
:104F780074704361705B2530327820253032785D5B
:104F88000A000000780A000073697A656F66287362
:104F98007472756374206C6C5F706B745F64657396
:104FA8006329203D2025642C206275662073697A68
:104FB80065203D2025640A003C6CFF1F800AFF1F06
:104FC8005B524553542043415553455D2025640A9F
:104FD8002000000070B500241420FCF7D7FF164904
:104FE800142208600021FCF73BFF20460124FCF74F
:104FF800D3FF02252046FCF7D5FF2846FCF7D8FF4B
:1050080003200425FCF7DAFF05242846FCF7DCFF1B
:1050180006252046FCF7DEFF07242846FCF7E0FFBC
:1050280008252046FCF7E2FF09242846FCF7E4FFA0
:105038002046FCF7E7FF70BD706FFF1F70B50024B6
:1050480005464E1E07E007A0FCF786FE07A0FCF702
:1050580083FE641CA4B2295DB442F4DB04A0FCF70F
:105068007BFE70BD25303258000000002000000093
:10507800253032580A000000F8B51E484168090674
:1050880001D50020F8BD4168802211434160194DC7
:105098000A260027803DE86940084000E8610620AC
:1050A800FCF74EFE134CC03CA06980210843A06168
:1050B800E86901210843E86102E00820FCF740FEA6
:1050C800A86A800504D43046761EF6B20028F4D1CA
:1050D800002E07D0286A7E21C70BA0690F4088439D
:1050E8003843A061A16980208143A1613806400E40
:1050F800F8BD0000C0F0004010B5FCF76DFD074892
:105108004068062807D3064909680122120511429A
:1051180001D1800810BD002010BD00000010004023
:1051280000E200E010B501F049F9044A01215820D5
:1051380001F054F8FFF7A0FF10BD0000600AFF1F40
:1051480030B5384801680122920411430160416872
:10515800032212069143344A13781B06194341600F
:105168004368032189058B4330490C78A405234300
:10517800436043686024234343601378022B08D0BC
:105188001378012B05D00B78022B02D00B78012B5A
:1051980004D14368FF240134234343601278032A6F
:1051A80002D00A78032A03D1426880231A43426056
:1051B800426803239B041A4342600B780122D205FC
:1051C8001B48002B03D11B4B1B78032B19D0C3683A
:1051D8009343C360164A184B4032D360FF2581358C
:1051E8001561164C5461164B9361114B80335D6009
:1051F8009C60144CDC60144B03600978002903D0D0
:1052080006E0C3681343E4E701680123194301601A
:105218000E4909780E4BC906C90BC91881630D4898
:10522800D06130BD40F000404C0AFF1F4B0AFF1F01
:10523800800003404A0AFF1FC00B00207A3E6A071D
:105248000000890400808904CC240000480AFF1F5C
:10525800250800002FFCA601F8B505004A484B4B6D
:105268004B4C4C4A4C4934D0022D32D0861557103D
:10527800066286699E43B31883612078002833D07C
:105288000F614648086346480078012212038018D7
:105298004861414E404C434B803E403C002D27D056
:1052A8006521414AC9024148012D2ED0022D31D035
:1052B800032D5AD0042D58D03D49691831603D4915
:1052C800A1602360E06002210846FCF7A1FE3A488D
:1052D8002BE08026066286699E430123DB04F618CC
:1052E80086612078002801D00A61CAE70B61C8E707
:1052F800324830600020A06023603148E06003211C
:105308000846FCF785FE2F480FE02F4B3360A2605C
:105318002160D7E72C4B5B1C3360A2602160E06002
:1053280002210846FCF774FE28482061F068FF2136
:105338000843F060264860612648A0612648E0617D
:1053480026482062264860622648A0622648E06215
:105358002648206326486063E020012D0DD021688F
:10536800022D0ED081432160F8BD224BEB1833602B
:10537800214B73602160A260A4E72168814320313A
:10538800F1E781434031EEE7C000034000001C0014
:105398004B0AFF1F000004008000034003000001C7
:1053A800440AFF1F00280B0055555537D6BE898E75
:1053B8000080064255555500805508220080067821
:1053C80007EE7536806608220180063D8045082272
:1053D800A49C5C544C44434241524C46403A342EBF
:1053E80028007F554F49433D37312B4C46403A34CE
:1053F8002E28221C00800698545A9850F0B5224B4B
:10540800214D21498026204A0727BF04403BC03D43
:10541800E024803902281662966914D0BE43012719
:10542800BF04F6199661194A1278002A1ED07A101C
:105438001A6101281ED0164A80182860154808618C
:105448000868A04314E00120BE43C00436189661E2
:105458000E4A1278002A00D0401018610E482860C1
:105468000E4808610868A043403001E01F61E0E78A
:105478000860F0BD0848401E2860094808610868AF
:10548800A0432030F4E70000C00003404B0AFF1F90
:1054980000800698805508220280063D8045082233
:1054A8008066082286B0FCF75FFD9CA0FCF754FCE0
:1054B800A249A148C862A2A0FCF74EFCA7A0FCF72D
:1054C8004BFCADA0FCF748FCB2A0FCF745FC012062
:1054D800B749C0020860B7484168012211434160DA
:1054E800B549B648FCF79AFD0120B14980058031DD
:1054F8000860B34E00257560B24FB34C706802283F
:10550800FCD3B248B24902780A7040784870756096
:1055180000F0BCF9387800F0A3FB00F017FC2580F8
:1055280000200090EBE03878022806D03878082868
:105538004AD038788A28F5D146E0502208216420DC
:10554800FCF772FDFCF748FBA24909688842A149AB
:1055580002D30968401A03E00A689749891A0818AB
:105568000490FCF745FBC0070CD09B480078002846
:1055780008D10098002805D1FCF746FB01200090CF
:105588009648C5619649049809888842CAD39248C2
:105598000078002804D0FCF74DFDFCF751FD03E02E
:1055A800FCF74EFD002000908A4802688C49098863
:1055B80051180160026880498A4204D901687E4A0C
:1055C8005242891801609AE03078000705D585486D
:1055D80001694909490110310161834881693F2204
:1055E800520211438161FCF703FBC0077ED0FCF730
:1055F800FFFA400508D52088401C208002AA03A98C
:1056080001A800F07BFD16E0FCF7F2FA800701D54F
:10561800764804E0FCF7ECFA400704D574480188A2
:10562800491C018007E020887249884201D1002086
:1056380000E02088208038788A2836D1FCF7CCFA18
:10564800644909688842634902D30968401A03E03B
:105658000A685949891A081867490968884224D983
:105668000A2000F0FDFAFF20F530FDF711FB82203B
:1056780000F0F6FAFF20F530FDF70AFB862000F06F
:10568800EFFAFF20F530FDF703FB882000F0E8FA79
:10569800FF20F530FDF7FCFA258054480580544872
:1056A8000580FCF799FA4B490860FCF7ADFAFCF75E
:1056B800C7FC2088002822D02088012824D04F4801
:1056C800007869460979401840084C4908702088D4
:1056D80001281CD04A480088694689894018400832
:1056E800474908802088012814D000E007E0454891
:1056F80000786946097A401840084249087070687D
:10570800022800D3FAE60EE768460079DDE7684626
:105718008089E5E76846007AEFE700000A3D3D3DED
:1057280052465F5048595F44544D2056312E312E11
:10573800323D3D3D0A0000004124FF1F8003FF1F4A
:105748003D3D3D20535550504F525420424C45202A
:10575800314D20203D3D3D0A000000003D3D3D20EB
:10576800535550504F525420424C4520324D202022
:105778003D3D3D0A000000003D3D3D205355505041
:105788004F525420424C52203530304B3D3D3D0A5B
:10579800000000003D3D3D20535550504F525420CD
:1057A800424C52203132354B3D3D3D0A000000004D
:1057B80000E100E000400040FFFF3F0028100040EB
:1057C8005C70FF1F4D0AFF1F560AFF1F28A9FF1F05
:1057D800690AFF1F640AFF1F490AFF1F40100340A0
:1057E800540AFF1F4000034000F00040580AFF1F02
:1057F8005A0AFF1FFFFF0000740AFF1F520AFF1F0B
:105808005E0AFF1F530AFF1F10B51C4CC0B020785A
:10581800694648701A4802780A7002780021012AFD
:1058280006D00278022A05D00278032A04D007E0BD
:105838000F2105E0552103E0FF2104226B461A7071
:1058480000786A46002801D0002009E021780D4838
:10585800921CFEF78BF806E01318401C9970C0B232
:1058680023789842F8D30320074900040860217878
:105878006846891CFCF736FB40B010BD4E0AFF1F76
:10588800500AFF1FFF01000040000340F8B5E14B3C
:105898001878E14D800928702878E0490424E04E02
:1058A80000281BD02878032818D02878012802D08F
:1058B8002878022857D118788206DA48920E0270A2
:1058C8005878D94A8008107058788207D748920FBC
:1058D8000270D74A1288032A6FD094E11878D54A03
:1058E8008006800E107058788708D34807702D7886
:1058F800002D03D01378002B70D04CE11578002DC3
:1059080002D10578002D07D01578012D06D017781B
:105918000125022F09D00BE0002037E10C220A7084
:105928000078C6498007800F30E10778012F03D03F
:105938001778022F02D004E0102029E00778022F00
:1059480003D01778022F04D006E012200870022036
:1059580014E00778032F03D01778022F04D006E04D
:10596800162008703470F8BD0778042F03D0177814
:10597800022F05D007E01420087003203070F8BD0E
:105988000778202F03D01678032E04D006E01820BD
:1059980008703570F8BD0678002E03D01678032EEF
:1059A80002D004E02020F1E00678012E03D016781A
:1059B800042E03D005E02220E8E01DE10678002E41
:1059C80003D01678052E02D004E02420DEE0067805
:1059D800002E04D01678052E03D005E0D8E0262046
:1059E800D4E00678012E03D01678052E02D004E004
:1059F8002820CBE00678022E03D01678052E02D098
:105A080004E02A20C2E00678032E26D01678342E29
:105A180025D01678352E41D01778894E362F4FD09D
:105A28001778372F53D01778382F59D01778392F40
:105A38005FD01678834B3A2E65D016783B2E6DD002
:105A480015783C2D7DD015783D2D7BD013783E2BD5
:105A580079D012783F2A77D0CAE02C2096E00078D7
:105A6800C507ED0F00240BE0022C12D0032C10D038
:105A7800052C09D0062C07D00A2C05D00B2C03D0F6
:105A880029462046FCF7E2FA641CE4B2172CEBD353
:105A9800F8BD29462046FCF7DFFAF1E701780078DF
:105AA8004D09C406E40E022C01D0032C03D129466B
:105AB8002046FCF7D1FA29462046FCF7C7FAF8BD7C
:105AC8007220087030685978000A000218E07420C3
:105AD80008703068FF2109028843597809020FE0ED
:105AE800762008703068FF21090488435978090432
:105AF80006E078200870306859780002000A090624
:105B080008433060F8BD7A220A701978C907F9D0BD
:105B180000780A38810040184B4937E07C220A7027
:105B280002784A49002A10D000220A700078410001
:105B38004748017000780121090340184549486128
:105B4800F8BD04E012E019E01AE00D70F8E77E22D3
:105B58000A7019784907F3D53F49CA6B007852098A
:105B68005201C006C00E0243CA63E9E780220A70E8
:105B780019788907E4D50078384907E00C7001E006
:105B880006220A70017827480170D9E70870D7E71C
:105B98000378002B03D013783F2B02D004E00A20AF
:105BA800F4E70378002B03D013783F2B02D004E0EE
:105BB8008220EBE70378012B03D013783F2B02D028
:105BC80004E08420E2E70378022B03D013783F2B0C
:105BD80002D004E08620D9E70378032B03D012789B
:105BE8003F2A02D004E08820D0E70078042801D0BA
:105BF800FE20CBE78A20C9E73278042A02D032781F
:105C0800032A00D104702878012801D00220BDE7BA
:105C18000820BBE7690AFF1F6D0AFF1F4D0AFF1F17
:105C2800490AFF1F6E0AFF1F4E0AFF1F500AFF1F77
:105C3800560AFF1F6F0AFF1F700AFF1F4F0AFF1F38
:105C4800780AFF1F5C70FF1F680AFF1F730AFF1F97
:105C5800440AFF1F8000034080F00040510AFF1FE4
:105C6800F8B5304C0021217061702F4B2F4D304A10
:105C7800FE281BD080260A281CD082281ED0842803
:105C880021D0862823D0882826D0242828D0362634
:105C980026283FD0A9273F0128283FD02A2839D0D5
:105CA8002C283BD019702970224813E01970012064
:105CB800287019E01E7029701F4802E01E702970B4
:105CC8001E4800880FE01E7029701D4802E01E70F3
:105CD80029701C48007806E01E7029701A48F9E7F8
:105CE800197029700C201080207811881B78090AF7
:105CF800194308432070617810882A7810430143BB
:105D0800617021780020FEF767FC61780020FEF7BB
:105D180063FCF8BD197029701680E5E719702970C1
:105D28001780E1E76B0AFF1F710AFF1F720AFF1F46
:105D38005C0AFF1F4D0AFF1F560AFF1F5E0AFF1F5E
:105D4800440AFF1F520AFF1F530AFF1FF8B5AB484A
:105D58000078AB4D800129788906890E08432870A0
:105D6800A8480178A84C4900891CCEB2217801299D
:105D78001FD02178022920D02178032921D0217829
:105D8800042923D0297800784A0181004018401D51
:105D9800C6B2C0329D489D49F8301018FBF7B6FED0
:105DA8009A4948439A4908809A4800788A2813D023
:105DB8001DE02878C2005032ECE7287882002C32A7
:105DC800E8E728780201FF32CF32E3E728782D216F
:105DD800800109014218DDE78D4800887D21C9004E
:105DE80048438D490860FBF7F7FE8C49086003219A
:105DF8008B48090401608A4F0E2040373862B81575
:105E08007862002038628749F96082490A78002A56
:105E180035D008460078022851D008460178042970
:105E28004DD0017806294AD00178082902D0007897
:105E38008A2843D1FFF784F97B4A0121022000F028
:105E4800CDF900F073F92078FCF70CF97048028856
:105E58007649643A4A6200886438886274487549A9
:105E6800320770D0C2698A43C26173480021415623
:105E780000297249415667DB0804801999E0704986
:105E88000880704908805D4908702870604908805A
:105E98006D490A786D490A706D4908806D49087026
:105EA8006D490870012121706C4908706C4841697E
:105EB800C20091430522120489184161F8BD69485E
:105EC8000078002805D0FFF73BF90421304600F0A0
:105ED80015FA00F02BF95D48007800F045F92078B4
:105EE800FCF7C0F85448002141560029534941564F
:105EF80002DB0802801903E008025B498019401898
:105F080078632078594A002806D045485849816066
:105F180058490968C160026000214148C94341608D
:105F28003C4D297806290BD0FF2141317962297827
:105F380002290AD02178002914D04C49203116E0D2
:105F4800FF210131F2E728E02FE02078002804D073
:105F5800FCF770F8FFF758FC0AE0FCF76BF800F064
:105F680091F805E0444901602D48444940380160F2
:105F78000020FCF77DF8FCF781F8FBF745FE287850
:105F8800022807D12078FCF75BF8FBF725FE2349A8
:105F98000860F8BDFCF754F8F8BD7E63C2698A430F
:105FA800032109025118C16104E008043449801929
:105FB800401878632078002808D000211848C94381
:105FC80041602B4981602B490968C1602878C01C51
:105FD800FF2801D9FF2006E02878282801D22820A8
:105FE80001E02878C01C0E494039C8600020FCF741
:105FF8003FF8FCF749F8FBF707FECBE74F0AFF1F0E
:106008004E0AFF1F6E0AFF1F490AFF1F7102000098
:10601800540AFF1F4D0AFF1F740AFF1F640AFF1F5F
:106028004000034040401000600AFF1F001003407A
:1060380000010340000F0000680AFF1F0000000075
:10604800560AFF1F5C0AFF1F480AFF1F510AFF1F5D
:106058005E0AFF1F520AFF1F530AFF1F500AFF1F45
:1060680000F00040730AFF1FFFFE0000100003004D
:1060780055555500780AFF1F33000B00028006783B
:10608800FFFFFE0030B5A5B00020009001900290FF
:10609800039018A00068184D0490297800206A46DB
:1060A800117505AC612208E0215CCB0149080B435E
:1060B80053402118401C4B70C0B22978491E8842B1
:1060C800F2DB297804AB6A46601C891EFBF7E2FF05
:1060D8006846017C287820182038C1776846407CBB
:1060E80029786054297805A8491CFBF7FBFE25B0E0
:1060F80030BD0000FFFF00004E0AFF1F70B50A4BBD
:106108005C6A9D6AA30501269B0D7602B34201D9FC
:106118009B1B02E0FF33FF3302330B80290E017013
:10612800200E107070BD0000C000034010B50A4971
:1061380000200870094902200870FFF701F8084894
:10614800007800F011F8074C2078FFF785F82078E0
:10615800FBF7A6FF10BD00004B0AFF1F4C0AFF1FEC
:10616800480AFF1F490AFF1FF0B51A4A03230725EB
:10617800D60019499B026024ED0157693F281AD0BF
:10618800B74305263604BE195661CA689A43CB142C
:10619800D218CA60CA69A2432032CA61CA69AA432E
:1061A800CA610D4940398A6BC0061205120DC00B31
:1061B80002438A63F0BDB7430126B604BE1956618F
:1061C800CA689A43CA60CA69A243CA61CA69AA432B
:1061D8008032E5E700F00040C0000340F8B53A4BD4
:1061E8005D6A9C6A00265E629E62384B58630E2088
:1061F80018629E155E62402098625020D862FF2087
:106208002B30586231484030012915D08021016275
:106218002F49FF232D48A533403083602D4B436021
:106228002A4B2D48403B18617D20C0000090471E36
:10623800009705D33846FAE7066225498331E8E72F
:10624800264889050F18214840388763234B5B1C73
:10625800C918816322480090224800780300FBF7A0
:1062680021FD05040408060D08001F4800E01F482A
:1062780000901F4810601548403005E01D48F7E7BA
:10628800C16AC943890F14D000994B1E0093F7D2F5
:106298000E4940398F630D4900228A62CA628260C2
:1062A8004E620A62FF2041304862074845628462B4
:1062B800F8BDC16A104B1940116011680122090C20
:1062C800120489184160E3E700100340800003408E
:1062D800CA0200002020000080560C2064652100BE
:1062E800102700004A0AFF1F204E000030750000EA
:1062F80000002020409C0000FFFF3F3FFCB50D46FA
:10630800074600206946087088802A490A780124CF
:10631800294EAC40012A0BD00A78032A08D00A7803
:10632800042A05D009780229694625D0087036E084
:10633800694608700CE00021384600F065F801460F
:10634800684680880918684681800178491C017070
:10635800684600788442EEDC68468088E840083069
:1063680025E00121384600F04FF869468988401831
:10637800694688800878401C087008788442F0DCF8
:10638800084611E00121384600F03EF8014668460B
:1063980080880918684681800178491C0170684620
:1063A80000788442EEDC68468088E840001D307042
:1063B800FCBD0000490AFF1F440AFF1F00B5002169
:1063C800022000F021F80C49801C087000214220AE
:1063D80000F01AF80949801C08700121022000F019
:1063E80013F80749801C08700121422000F00CF8BE
:1063F8000449801C087000BD440AFF1F450AFF1F9E
:10640800460AFF1F470AFF1FF8B53B4C394A22606E
:10641800394D394A07239B04803540320129A9693F
:106428000ED0994301239B04C918A9613349D1604F
:1064380033490B780121C905324E002B07D009E0FA
:1064480099430123DB04C918A9612F49EFE7337881
:10645800032B14D0D3688B43D36050630E20106293
:1064680000275762FF201530506228480090307886
:106478000300FBF717FC0507070D090B0D00D36890
:106488000B43E9E7224802E0224800E02248009056
:106498000098431E0093FBD2686B57620002000EFF
:1064A80017621E4BD360FF23413353626523DB021F
:1064B80023601B4D2F78E023012F0AD02D78022D61
:1064C80025680AD09D4325600D4B1B78002B07D00B
:1064D80009E025689D432035F5E79D434035F2E7FF
:1064E8003378032B03D0D3688B43D360F8BDD368CC
:1064F8000B43FAE710000300400003407F4073009D
:106508004B0AFF1F4A0AFF1F7F4053001027000055
:10651800204E000030750000409C000040401000F4
:10652800490AFF1F78B5174B012800D1164B0024E4
:106538001648009404E0009D6E1C009685421ADC03
:10654800DD6FED07F7D10AE0009D6E1C00968542CD
:1065580011DC1D7DAD06F7D50D781D70491C15465B
:10656800521E92B2002D0094F3D106E000994A1C05
:106578000092814201DD0D2078BD197D4906F5D5CF
:10658800002078BD0040004000900040A086010037
:10659800F7B507462A49400144182A4E241D1546D6
:1065A800002A10D0019800280DD02178002908D0A1
:1065B800E088A84205D3012916D0A188491981424B
:1065C80003D90320FEBD0620FEBDFBF7BDFAA18856
:1065D800A0682A4640180199FBF748FCA088401992
:1065E800A080FBF7C3FA27E0A0680199FBF73EFCFF
:1065F800A5800020608002202070A168102D00D99D
:106608001025012F00D1104E72680220824372605B
:1066180004E06088421C6280085C307028466D1E69
:10662800ADB20028F5D1002F08D01920FDF714FECF
:1066380070680221084370600020FEBD0820F5E75D
:106648006C92FF1F0040004000900040F8B50646DD
:1066580008270B20184C012E02D11927174C11209E
:106668000121814016480160BFF34F8FBFF36F8F40
:10667800144871010D18287C0021FBF717FD687C70
:106688000021FBF713FD802020730025257125705C
:106698002573257265603846FDF788FA3846FDF798
:1066A80051FA002E03D0084845600020F8BD06487E
:1066B8004038C562F9E70000004000400090004003
:1066C80080E100E06C92FF1FC003FF1FF0B587B0A8
:1066D8000746FBF7F1FC0690082001900420009083
:1066E80005200390464C0B263846FFF7AFFF012FD5
:1066F80007D119200190082011260090414C09204B
:106708000390414879010D18287CFF2802D1687C44
:10671800FF282CD010350198FDF72EFA0198FDF7C7
:1067280045FA28780221FBF76BFB68780221FBF712
:1067380067FB28780099FBF769FB68780399FBF7F2
:1067480065FB002020730698696800114A088018C4
:10675800FBF7E2F9014600202061802020730A0A35
:1067680022712170E97A002904D01B2103E0062058
:1067780007B0F0BD03212173297A002900D08721B1
:106788002172012161602A7A002A02D062680243DC
:106798006260AA7A002A03D0626802231A43626000
:1067A800002F12D01A4B194A5A60FF22002E11DB13
:1067B800B408184BA400E4182368B507ED0EAA40E6
:1067C8009343A8400343236013E0114B124A403B14
:1067D800DA62EAE733071B0F083B9C080F4BA4005B
:1067E800E418E369B507ED0EAA409343A8400343B4
:1067F800E361002E02DB0A48B14001600020B7E7E0
:1068080000400040009000406C92FF1FF321FF1FE2
:10681800C003FF1F00E400E02722FF1F00ED00E097
:1068280000E100E010B50020FFF750FF10BD10B5E3
:106838000120FFF74BFF10BDF8B5614C6068803050
:10684800806880F30888FBF77DFB5E485E49006836
:106858000225884206D00020FBF79CFA68070169E8
:10686800A943016100F0D6F858480078FBF718FCF6
:10687800574E0020F061F561564D75610120FBF718
:106888005FFA0320F061FBF761FA0746FBF7A4F90A
:106898000646FBF75BFA50490860FFF747FC4F488C
:1068A8000068874201D9381A01E0381A401E4C495D
:1068B800884200D9084061688A8DD20709D0494AC0
:1068C800030C126880B2534350431B02000A181885
:1068D8000BE0C2018300D21A4300D21AC300181871
:1068E800921C80309208400A10182062FF313E48FE
:1068F80001314968006809183C480068081A4119BC
:106908008B083B488A073B4903600D68920F521970
:106918000A60042A04D95B1C9207920F03600A607C
:10692800216A354FC8183946FBF7F6F8024633484E
:10693800334D0368D31803602A688A182A60BA425C
:1069480006D95B1C036039461046FBF7E5F8296059
:10695800FBF7B8FB2B480078002810D0FBF73CF970
:10696800294A216A801B12680B18934202D2511AD5
:10697800091A01E07D21C9001548FBF74FFB234D9B
:10698800287A002811D0FBF727F9811B236A1048C1
:10699800EA685C183C30A24202D9D21A511A00E0C7
:1069A8001B49FBF73BFB00202872FBF791FB0220F9
:1069B800FBF718F90020FBF7EDF9FBF7E5F9F8BD4F
:1069C8003870FF1F0C0AFF1FB6412103490AFF1F39
:1069D80000100040C4090000100AFF1F340AFF1FFE
:1069E800FFFF3F00380AFF1F1C0AFF1F200AFF1F76
:1069F800240AFF1F280AFF1F710200006008FF1FFA
:106A08002C0AFF1F1C09FF1FE408FF1F740BFF1F40
:106A1800DC050000F8B5FCF757FFFCF7BBF90120CF
:106A2800404E00903078404C022810D0FBF78EF989
:106A380005463220FBF784F9FCF7CAFD0F20FBF767
:106A48007FF93078012808D0FCF76EFE1AE0374845
:106A58004068006AFBF774F924E033484038C06B9B
:106A68004007400F012802D10020FBF777FA606841
:106A7800FF270137B84360600220FBF761F96068BF
:106A880038436060FBF762F9A84201D3401B01E07C
:106A9800401B401E25491E22C8615043244A4968AC
:106AA8008018C86124492348086023482349803056
:106AB800C163FF21413141623078FBF74FFA204929
:106AC8002048FBF7ABFA1F481F491430FBF7A6FA1A
:106AD8000420FCF7CBF81420FCF7C8F81520FCF7C5
:106AE800C5F81720FCF7C2F8FF20FBF71FFA0120B2
:106AF800FBF7F4FAFF20F530FBF7F6FA5820FBF71E
:106B0800BFF81248FBF7F6FA0098FBF7ABFA072034
:106B1800FBF7F6FAE0690E490840FF300930E061FA
:106B2800F8BD00004A0AFF1F40F000403870FF1F00
:106B3800720600000180063D000003403408000092
:106B48007102000014100040FFFF3F003075000084
:106B580000FEFEFF10B5072801D9062010BD044924
:106B68000870FBF77FFB04490248C861002010BD8C
:106B7800306DFF1F6D22FF1F4003FF1F0000000044
:106B88003B00010802000300050206020703080390
:106B980009030A000C030D030003010304030B009F
:106BA8000E030F031003110312031302140315033A
:106BB80016030000030000000000000000000000B1
:106BC800A06CFF1F906CFF1FAC6CFF1FB06CFF1F09
:106BD800BC6CFF1FA46CFF1F9C6CFF1F986CFF1FF1
:106BE800A86CFF1FB46CFF1FB86CFF1F946CFF1FCD
:106BF800F1590000FD240000414601006D240111F7
:106C08008526011149150111F11D0111D90E011136
:106C18007D180111D12901110A1F1C1F1E1F1E1FDB
:106C28001F1E1F1E1F1F1D1F1E1F1E1F1F1E1F1E74
:106C38001F00000073697A656F6628675F70436F8D
:106C48006E6E656374696F6E42756666657229203B
:106C58003D2025642C2073697A656F662870436F20
:106C68006E6E436F6E7465787429203D2025642C00
:106C78002073697A656F66286C617267654865611B
:106C880070293D2564200A0046656200446563005A
:106C9800417567004A756C004A616E004A756E005E
:106CA800536570004D617200417072004F6374004B
:106CB8004E6F76004D6179005048592B363258583E
:106CC800504C55533035303400000000246DFF1F00
:106CD8007071FF1F840100007C2DFF1F7071FF1F62
:106CE800246DFF1F4C040000BC1AFF1F0004FF1F87
:106CF8007071FF1F0C0000007C2DFF1F7071FF1FBB
:106D08000004FF1F00040000BC1AFF1FA86EFF1F2D
:106D18007071FF1F606100008C2DFF1FC132FF32B0
:106D280001148821082C5902E00BD13AFF01A13245
:106D380004123BA30108990B711EA8A2011180043B
:106D4800811A0F022134E803021A301829652D70C0
:106D5800960111105A36102D0C6EFF1F105A441050
:106D68004BD0941069205A0D205A4610CB8C6D20B8
:106D78005A0E205A4C102A94201A0212A2076B307D
:106D880075CA12062B800C920124041F02010659B1
:106D98005509184299F8DA84F85AD4B81A4E10A945
:106DA800301A3C10299F1A8C200A1D2054DAD85416
:106DB80036686FFF1F105AA8181A6910A9205A6A56
:106DC800201AB82029105A6B2069745AE094693047
:106DD8005A6C305AC8501A6D1012081210A20429A1
:106DE800273147070C04393058E80CE16E0111C10E
:106DF8006F01111209460114051218152003020A21
:106E0800061002010611077304FF5F4D58202D2D4F
:106E1800204F996AC80F02030405060708090A0BE0
:106E28000C0D0E0F80011E3628A30111E05A2C0804
:106E38005A30080C1740787D40A919699A12F71240
:106E480005DA0B14611AB4652902143075A04902D9
:106E58001112081508E001F09A10023A5002290AA6
:106E680063D0071A0F6812051C307507141201CA7F
:106E780081550111E91FA80DB538011145390111D6
:106E8800254301111CBAFFBE0112400DA98D011145
:106E9800018101111D800111CDC06CFF1FF201227B
:040000051FFF184180
:00000001FF
